4
18
26
27
28
30
31
34
36
40
41
44
45
48
52
55
63
64
69
76
77
82
88
89
96
102
103
111
116
124
129
130
135
138
139
141
143
150
151
168
169
179
185
190
198
212
214
218
222
225
232
238
240
242
243
246
248
255
257
259
264
271
276
278
280
284
285
286
294
297
299
300
307
312
313
321
331
336
337
340
343
347
352
354
358
360
362
368
375
377
378
379
384
397
403
406
407
414
416
418
430
440
442
444
451
452
454
458
466
479
483
487
489
503
508
509
511
512
513
523
524
527
528
529
537
544
545
555
559
560
569
571
574
575
576
591
601
603
606
610
611
615
624
629
632
634
639
640
641
642
643
645
648
659
661
665
668
671
675
678
681
685
686
687
714
731
732
733
741
746
752
754
757
761
762
763
765
766
770
772
775
780
781
784
786
787
790
793
804
805
819
820
824
827
828
829
831
834
839
844
846
849
862
863
871
876
877
880
886
892
893
906
914
916
925
931
942
943
953
960
962
967
976
978
986
988
989
993
1001
1009
1011
1015
1019
1021
1022
1024
1026
1032
1034
1036
1037
1044
1057
1060
1063
1073
1075
1079
1080
1085
1091
1093
1094
1101
1107
1116
1117
1124
1130
1136
1142
1144
1145
1148
1151
1153
1159
1163
1166
1167
1171
1172
1179
1180
1184
1188
1194
1205
1206
1209
1210
1214
1223
1234
1236
1239
1248
1262
1264
1268
1274
1276
1278
1279
1280
1281
1282
1288
1296
1300
1304
1314
1316
1321
1322
1324
1325
1329
1339
1344
1346
1352
1354
1363
1365
1367
1370
1371
1378
1381
1384
1385
1389
1394
1396
1398
1399
1400
1401
1402
1409
1411
1412
1418
1423
1425
1430
1432
1435
1436
1438
1442
1445
1448
1455
1456
1457
1462
1465
1466
1473
1477
1478
1486
1489
1495
1499
1501
1502
1509
1513
1519
1527
1531
1532
1540
1553
1558
1563
1567
1574
1575
1580
1583
1585
1586
1589
1596
1600
1602
1603
1607
1610
1611
1612
1615
1617
1619
1621
1625
1628
1632
1637
1640
1643
1646
1661
1667
1669
1671
1676
1679
1681
1682
1683
1684
1685
1686
1690
1692
1694
1699
1701
1702
1705
1709
1712
1713
1714
1722
1728
1729
1731
1733
1734
1735
1738
1742
1744
1749
1751
1754
1756
1759
1760
1765
1767
1783
1785
1793
1798
1807
1808
1815
1821
1822
1828
1829
1831
1832
1833
1839
1841
1844
1848
1849
1850
1851
1852
1858
1862
1867
1873
1879
1883
1884
1887
1889
1892
1900
1901
1910
1913
1918
1921
1924
1925
1927
1934
1936
1938
1941
1943
1945
1951
1953
1955
1956
1961
1962
1963
1966
1979
1981
1982
1988
1992
2000
2002
2005
2012
2013
2017
2021
2035
2042
2047
2049
2050
2051
2057
2058
2059
2074
2079
2084
2085
2088
2102
2105
2117
2118
2129
2132
2135
2136
2137
2141
2148
2154
2160
2162
2163
2164
2167
2178
2179
2190
2191
2193
2197
2200
2209
2215
2226
2227
2230
2231
2234
2235
2237
2239
2241
2243
2246
2251
2254
2255
2258
2261
2267
2269
2270
2274
2277
2278
2287
2290
2291
2292
2295
2297
2298
2313
2314
2316
2323
2328
2333
2336
2337
2341
2343
2346
2348
2353
2356
2359
2363
2364
2369
2371
2373
2374
2375
2376
2385
2390
2393
2396
2398
2399
2407
2412
2413
2423
2436
2438
2439
2442
2443
2444
2446
2447
2456
2468
2471
2476
2480
2484
2487
2488
2497
2498
2499
2501
2505
2506
2509
2515
2516
2518
2521
2523
2526
2531
2532
2533
2547
2550
2553
2555
2561
2565
2566
2570
2575
2576
2579
2589
2590
2592
2593
2594
2597
2599
2603
2606
2609
2620
2625
2628
2629
2632
2637
2646
2648
2651
2653
2662
2667
2668
2670
2678
2693
2699
2702
2704
2705
2708
2712
2716
2721
2723
2728
2733
2740
2745
2750
2753
2754
2759
2765
2771
2773
2777
2778
2786
2787
2791
2794
2802
2810
2815
2819
2821
2822
2825
2846
2851
2853
2854
2863
2864
2866
2867
2879
2883
2895
2904
2906
2907
2913
2915
2920
2921
2923
2924
2925
2929
2937
2943
2945
2949
2955
2959
2963
2974
2976
2977
2980
2981
2984
2990
2992
2999
3001
3002
3009
3010
3014
3022
3023
3033
3035
3036
3043
3044
3045
3046
3047
3048
3049
3064
3065
3074
3077
3081
3084
3085
3088
3091
3092
3094
3095
3113
3120
3121
3128
3131
3134
3159
3161
3168
3172
3173
3179
3183
3185
3187
3188
3192
3193
3200
3201
3208
3212
3213
3214
3216
3227
3235
3256
3260
3262
3269
3271
3275
3278
3280
3287
3289
3293
3294
3297
3298
3303
3305
3309
3310
3317
3325
3327
3329
3331
3332
3334
3337
3343
3346
3353
3356
3362
3364
3365
3366
3373
3374
3382
3386
3387
3393
3398
3401
3405
3407
3412
3414
3416
3417
3420
3425
3427
3433
3439
3441
3443
3444
3446
3451
3453
3458
3459
3466
3469
3470
3472
3475
3478
3489
3494
3502
3503
3510
3516
3519
3523
3526
3527
3537
3541
3545
3547
3548
3549
3552
3554
3571
3580
3584
3586
3588
3589
3590
3593
3601
3604
3606
3607
3608
3611
3615
3616
3617
3620
3621
3623
3624
3625
3631
3637
3641
3647
3652
3656
3661
3666
3667
3670
3675
3677
3680
3687
3692
3699
3701
3703
3704
3713
3714
3716
3725
3729
3730
3734
3740
3741
3746
3748
3749
3764
3765
3770
3771
3775
3777
3783
3784
3786
3787
3788
3790
3791
3795
3797
3802
3804
3805
3807
3808
3812
3820
3822
3828
3833
3839
3842
3843
3852
3853
3857
3860
3864
3868
3873
3876
3884
3890
3892
3893
3895
3897
3898
3899
3900
3902
3903
3906
3908
3924
3931
3935
3958
3961
3970
3972
3973
3979
3985
3987
3989
3996
4008
4010
4012
4013
4024
4025
4030
4031
4038
4041
4045
4052
4064
4065
4069
4072
4077
4078
4080
4082
4090
4098
4101
4103
4107
4111
4116
4119
4121
4122
4124
4126
4128
4130
4131
4140
4142
4143
4149
4152
4153
4154
4160
4164
4168
4171
4173
4175
4178
4180
4181
4186
4188
4190
4191
4199
4201
4204
4207
4208
4209
4211
4218
4220
4227
4228
4231
4233
4234
4237
4245
4247
4250
4254
4255
4256
4272
4275
4276
4278
4287
4294
4296
4301
4306
4310
4314
4323
4327
4328
4332
4336
4337
4340
4343
4344
4345
4358
4360
4361
4363
4368
4369
4373
4382
4384
4386
4387
4394
4397
4400
4403
4409
4413
4414
4415
4419
4420
4421
4422
4427
4428
4437
4441
4443
4445
4451
4459
4461
4467
4468
4469
4474
4475
4476
4483
4484
4489
4499
4502
4516
4519
4520
4523
4536
4541
4544
4545
4547
4549
4553
4556
4563
4566
4569
4575
4583
4585
4586
4587
4600
4601
4602
4615
4618
4621
4623
4629
4631
4632
4636
4643
4645
4647
4648
4650
4661
4662
4665
4667
4669
4673
4679
4681
4687
4694
4708
4711
4712
4717
4733
4735
4738
4739
4744
4745
4747
4756
4757
4762
4767
4770
4781
4782
4785
4788
4792
4796
4797
4798
4800
4803
4813
4817
4826
4828
4836
4840
4847
4849
4852
4853
4854
4858
4859
4860
4862
4869
4870
4873
4874
4878
4883
4885
4887
4892
4893
4894
4898
4903
4904
4907
4909
4923
4926
4935
4940
4941
4943
4948
4949
4954
4960
4961
4962
4972
4979
4984
4986
4996
5001
5006
5008
5012
5013
5016
5017
5021
5024
5030
5033
5034
5035
5036
5038
5043
5046
5048
5050
5055
5056
5057
5069
5070
5071
5075
5077
5087
5089
5093
5097
5100
5102
5103
5107
5113
5114
5119
5120
5122
5124
5128
5137
5139
5141
5142
5143
5146
5149
5159
5160
5167
5168
5169
5171
5178
5182
5185
5186
5191
5194
5197
5199
5206
5207
5209
5215
5222
5224
5230
5233
5235
5240
5249
5252
5253
5254
5257
5264
5268
5269
5278
5285
5293
5300
5316
5320
5322
5323
5325
5326
5327
5332
5333
5351
5357
5358
5362
5363
5365
5367
5371
5377
5380
5385
5387
5391
5392
5396
5405
5407
5410
5412
5426
5427
5440
5450
5452
5455
5456
5457
5458
5461
5462
5464
5468
5471
5472
5476
5481
5485
5486
5487
5493
5495
5496
5497
5502
5506
5507
5511
5515
5519
5524
5530
5534
5540
5544
5545
5553
5556
5558
5560
5562
5572
5573
5579
5591
5593
5595
5598
5602
5603
5607
5613
5615
5622
5628
5629
5633
5635
5638
5643
5644
5646
5648
5649
5651
5653
5657
5659
5663
5671
5681
5683
5685
5686
5687
5692
5697
5702
5703
5705
5714
5715
5720
5722
5729
5733
5740
5742
5748
5755
5769
5774
5777
5791
5795
5796
5801
5804
5808
5809
5815
5816
5821
5823
5824
5827
5831
5836
5837
5838
5840
5845
5849
5851
5855
5857
5858
5860
5868
5874
5875
5877
5878
5889
5891
5895
5899
5900
5903
5910
5911
5914
5918
5922
5923
5928
5933
5934
5940
5948
5949
5950
5954
5965
5974
5980
5986
5989
5992
5994
5995
5996
6000
6011
6012
6014
6019
6021
6031
6034
6035
6042
6044
6047
6049
6058
6059
6061
6067
6071
6073
6075
6083
6089
6093
6105
6107
6115
6119
6125
6127
6133
6138
6140
6157
6159
6160
6165
6179
6180
6185
6186
6194
6197
6206
6212
6213
6219
6220
6222
6229
6231
6233
6234
6235
6245
6248
6249
6252
6257
6258
6259
6263
6267
6268
6269
6271
6276
6279
6281
6284
6286
6290
6291
6292
6301
6302
6303
6304
6305
6307
6309
6311
6319
6321
6326
6328
6329
6337
6343
6345
6351
6352
6378
6379
6382
6383
6389
6391
6396
6398
6400
6401
6404
6409
6415
6418
6430
6436
6441
6442
6444
6446
6455
6457
6461
6465
6466
6468
6469
6470
6474
6478
6480
6482
6485
6488
6500
6501
6510
6513
6517
6523
6526
6527
6528
6530
6534
6536
6537
6541
6550
6554
6557
6564
6568
6579
6580
6585
6586
6588
6593
6594
6596
6598
6605
6606
6607
6609
6614
6615
6618
6621
6622
6627
6630
6633
6640
6649
6653
6654
6658
6659
6662
6664
6671
6675
6676
6683
6684
6686
6689
6691
6693
6695
6701
6703
6707
6711
6721
6724
6728
6736
6737
6740
6744
6745
6751
6752
6762
6765
6777
6783
6794
6795
6797
6798
6808
6810
6812
6813
6821
6824
6825
6827
6830
6831
6837
6839
6840
6841
6843
6848
6849
6855
6857
6859
6860
6862
6864
6867
6874
6878
6882
6883
6884
6889
6892
6893
6897
6905
6906
6911
6915
6916
6919
6922
6923
6925
6929
6943
6944
6946
6952
6953
6955
6956
6957
6958
6965
6968
6975
6984
6988
6989
6991
6992
6993
6997
6999
7004
7014
7022
7023
7030
7036
7048
7050
7053
7056
7066
7076
7079
7081
7082
7084
7087
7088
7095
7102
7104
7105
7106
7109
7114
7126
7135
7136
7140
7143
7148
7151
7155
7158
7162
7164
7169
7172
7177
7184
7196
7198
7200
7203
7204
7205
7214
7218
7220
7223
7224
7229
7230
7231
7232
7239
7256
7263
7266
7272
7274
7275
7280
7282
7287
7288
7291
7293
7295
7297
7299
7300
7310
7312
7313
7321
7327
7330
7331
7332
7334
7335
7337
7340
7344
7345
7347
7348
7350
7357
7358
7365
7371
7377
7380
7384
7386
7389
7395
7398
7400
7407
7412
7414
7417
7419
7423
7424
7429
7434
7437
7444
7445
7446
7447
7448
7449
7450
7455
7461
7473
7475
7477
7478
7481
7483
7487
7496
7508
7509
7516
7520
7521
7522
7526
7528
7531
7533
7534
7543
7550
7556
7558
7583
7584
7590
7591
7593
7595
7598
7602
7604
7615
7620
7622
7624
7625
7627
7630
7632
7633
7635
7637
7638
7644
7649
7665
7686
7689
7703
7710
7712
7720
7723
7724
7728
7731
7736
7737
7745
7746
7750
7751
7755
7766
7775
7776
7778
7789
7790
7791
7794
7798
7800
7805
7806
7808
7811
7813
7816
7820
7823
7824
7828
7829
7830
7832
7833
7836
7837
7838
7848
7853
7861
7871
7872
7886
7887
7893
7899
7901
7903
7904
7905
7912
7913
7920
7923
7924
7930
7932
7957
7958
7960
7973
7974
7978
7982
7986
7998
8001
8003
8025
8026
8027
8035
8039
8045
8046
8053
8056
8064
8067
8072
8079
8083
8084
8086
8087
8094
8101
8104
8106
8108
8110
8122
8124
8127
8129
8130
8132
8134
8136
8142
8152
8155
8161
8162
8166
8167
8174
8175
8176
8177
8179
8183
8184
8185
8186
8191
8194
8195
8199
8200
8202
8209
8211
8216
8217
8219
8231
8235
8238
8243
8247
8250
8252
8260
8269
8273
8283
8285
8289
8291
8295
8300
8303
8309
8319
8320
8322
8328
8332
8334
8335
8340
8350
8351
8354
8360
8365
8390
8396
8405
8407
8408
8410
8418
8426
8427
8428
8429
8442
8443
8450
8460
8461
8462
8464
8466
8468
8469
8472
8475
8476
8479
8488
8494
8503
8505
8506
8509
8515
8522
8523
8529
8531
8533
8534
8535
8536
8537
8540
8547
8548
8557
8567
8568
8569
8574
8576
8586
8590
8592
8598
8601
8606
8607
8610
8612
8613
8614
8616
8621
8622
8623
8627
8628
8639
8647
8650
8655
8659
8665
8669
8674
8679
8683
8688
8689
8694
8696
8700
8719
8720
8722
8723
8727
8729
8731
8733
8734
8742
8743
8746
8748
8750
8753
8754
8756
8765
8769
8771
8778
8792
8794
8795
8805
8815
8817
8831
8838
8839
8842
8845
8846
8853
8855
8857
8861
8864
8868
8871
8881
8884
8889
8891
8892
8896
8902
8906
8909
8915
8920
8922
8926
8937
8938
8942
8948
8951
8952
8957
8959
8960
8961
8969
8972
8973
8976
8982
8987
8989
8993
9004
9005
9006
9008
9009
9010
9013
9014
9022
9024
9027
9039
9040
9052
9054
9055
9056
9057
9062
9063
9070
9074
9075
9086
9087
9089
9091
9094
9095
9096
9103
9104
9107
9110
9111
9117
9120
9123
9132
9138
9143
9148
9149
9155
9156
9158
9164
9167
9171
9174
9184
9194
9198
9206
9207
9220
9236
9249
9253
9255
9258
9259
9264
9272
9275
9276
9285
9286
9287
9293
9295
9299
9301
9302
9305
9311
9312
9313
9316
9327
9328
9331
9339
9340
9341
9345
9350
9351
9352
9355
9358
9361
9364
9369
9374
9377
9379
9382
9384
9388
9392
9393
9398
9410
9420
9421
9430
9431
9436
9439
9440
9443
9446
9451
9457
9460
9465
9469
9471
9473
9474
9475
9478
9480
9484
9486
9491
9498
9502
9505
9512
9514
9520
9521
9523
9525
9526
9527
9528
9530
9539
9541
9545
9549
9550
9552
9553
9555
9556
9558
9564
9568
9569
9579
9581
9583
9584
9586
9587
9589
9592
9596
9597
9605
9616
9632
9633
9637
9639
9640
9641
9646
9647
9661
9663
9665
9675
9676
9677
9680
9681
9682
9684
9686
9696
9698
9700
9704
9710
9715
9718
9720
9724
9725
9730
9731
9734
9741
9744
9753
9759
9762
9763
9767
9775
9776
9780
9785
9788
9794
9795
9800
9810
9812
9813
9814
9825
9826
9827
9837
9838
9845
9847
9854
9859
9861
9874
9876
9878
9882
9888
9890
9891
9894
9902
9904
9909
9914
9923
9925
9928
9930
9932
9934
9947
9949
9951
9960
9963
9964
9965
9971
9977
9982
9992
9994
10001
10002
10010
10012
10013
10016
10023
10024
10026
10032
10044
10045
10060
10072
10077
10079
10082
10086
10087
10095
10098
10103
10104
10107
10108
10116
10123
10131
10132
10133
10134
10143
10150
10162
10163
10166
10168
10169
10177
10188
10190
10193
10194
10198
10203
10207
10211
10212
10215
10216
10226
10238
10239
10240
10241
10243
10247
10254
10255
10260
10268
10281
10282
10284
10286
10290
10291
10296
10301
10302
10310
10318
10325
10332
10334
10335
10339
10343
10345
10346
10350
10352
10353
10358
10359
10360
10366
10371
10372
10373
10377
10381
10386
10387
10390
10399
10400
10401
10403
10407
10410
10412
10414
10418
10422
10430
10431
10433
10434
10437
10443
10445
10448
10461
10464
10468
10469
10472
10474
10480
10483
10486
10487
10493
10494
10496
10500
10513
10522
10526
10531
10534
10542
10544
10555
10557
10562
10566
10571
10578
10579
10584
10591
10606
10607
10610
10615
10617
10619
10623
10628
10630
10632
10633
10634
10635
10641
10642
10643
10652
10656
10661
10662
10671
10675
10677
10684
10689
10692
10695
10696
10699
10701
10706
10707
10712
10713
10715
10724
10729
10732
10744
10745
10748
10753
10754
10765
10767
10774
10783
10789
10795
10797
10800
10801
10806
10811
10817
10820
10833
10834
10835
10843
10847
10850
10851
10857
10861
10862
10867
10868
10870
10872
10876
10879
10891
10897
10900
10908
10910
10915
10916
10917
10919
10926
10928
10929
10934
10937
10941
10944
10945
10946
10956
10962
10965
10966
10967
10973
10975
10976
10977
10984
10986
10989
10991
10998
11005
11006
11012
11016
11020
11028
11030
11031
11034
11035
11038
11039
11040
11042
11044
11048
11058
11059
11062
11067
11071
11080
11083
11085
11087
11089
11092
11101
11102
11116
11119
11121
11134
11139
11141
11142
11143
11144
11147
11150
11151
11153
11156
11161
11162
11176
11178
11180
11182
11183
11186
11187
11189
11190
11191
11192
11195
11197
11199
11203
11214
11218
11223
11239
11241
11242
11247
11248
11253
11254
11255
11259
11260
11262
11263
11266
11268
11274
11279
11281
11282
11287
11289
11290
11291
11296
11298
11306
11310
11320
11321
11328
11341
11343
11344
11348
11350
11354
11357
11358
11361
11362
11365
11366
11372
11377
11378
11380
11381
11391
11395
11399
11401
11403
11406
11410
11411
11413
11419
11420
11421
11428
11429
11432
11438
11454
11456
11459
11468
11471
11474
11480
11482
11483
11484
11485
11486
11488
11494
11498
11502
11508
11511
11513
11516
11522
11523
11529
11532
11533
11544
11552
11553
11555
11557
11561
11563
11567
11568
11571
11574
11593
11594
11596
11600
11601
11602
11605
11607
11617
11618
11621
11622
11623
11624
11630
11641
11642
11650
11651
11652
11658
11664
11667
11676
11679
11681
11682
11708
11716
11718
11722
11723
11731
11733
11735
11739
11741
11750
11755
11768
11778
11783
11786
11789
11792
11793
11794
11795
11796
11798
11799
11806
11810
11817
11818
11821
11823
11825
11826
11827
11834
11840
11841
11843
11847
11850
11860
11862
11864
11866
11872
11882
11890
11896
11898
11901
11906
11911
11918
11919
11924
11926
11927
11939
11965
11971
11973
11975
11978
11980
11982
11983
11990
11992
11994
12000
12009
12010
12013
12015
12019
12020
12022
12027
12028
12030
12034
12036
12038
12041
12042
12045
12048
12050
12051
12054
12061
12062
12063
12068
12071
12072
12074
12075
12078
12086
12088
12090
12094
12099
12102
12108
12111
12113
12115
12118
12120
12121
12122
12123
12129
12131
12132
12133
12135
12140
12142
12146
12151
12157
12159
12161
12163
12165
12168
12174
12175
12178
12181
12183
12184
12185
12187
12189
12194
12196
12197
12202
12210
12212
12214
12218
12222
12226
12228
12230
12234
12236
12241
12243
12249
12254
12255
12265
12270
12272
12279
12281
12285
12286
12287
12291
12297
12300
12305
12311
12313
12316
12323
12324
12327
12328
12330
12331
12332
12336
12337
12340
12356
12357
12364
12365
12370
12372
12373
12386
12387
12391
12393
12404
12406
12409
12410
12414
12417
12418
12420
12422
12423
12424
12425
12429
12436
12440
12441
12444
12453
12455
12464
12467
12474
12477
12478
12482
12483
12484
12495
12496
12506
12512
12517
12522
12528
12530
12533
12535
12536
12538
12544
12546
12559
12565
12567
12571
12575
12583
12592
12595
12596
12598
12601
12602
12604
12607
12608
12612
12613
12616
12619
12623
12628
12638
12640
12646
12647
12652
12654
12656
12658
12674
12675
12677
12686
12688
12691
12700
12701
12702
12710
12711
12714
12727
12731
12732
12733
12738
12743
12744
12762
12769
12770
12772
12785
12790
12796
12797
12799
12802
12805
12815
12816
12818
12821
12829
12834
12836
12840
12841
12843
12844
12845
12846
12848
12851
12853
12856
12860
12861
12871
12875
12877
12880
12884
12885
12889
12890
12891
12892
12905
12911
12912
12916
12925
12926
12927
12931
12941
12943
12947
12952
12955
12959
12962
12964
12965
12966
12969
12970
12985
12988
12995
12996
12997
12999
13000
13004
13008
13017
13023
13026
13029
13033
13038
13044
13045
13048
13049
13050
13051
13053
13060
13061
13062
13066
13067
13072
13073
13074
13075
13081
13083
13095
13097
13110
13112
13114
13118
13120
13125
13131
13137
13141
13146
13151
13163
13175
13179
13185
13186
13187
13192
13197
13206
13210
13215
13222
13231
13232
13234
13235
13243
13249
13250
13255
13259
13260
13262
13263
13269
13272
13273
13279
13281
13282
13292
13293
13298
13302
13305
13314
13316
13319
13324
13325
13326
13329
13336
13345
13346
13350
13351
13355
13357
13361
13367
13370
13374
13375
13379
13386
13387
13390
13398
13401
13408
13409
13422
13429
13432
13435
13438
13439
13442
13443
13445
13446
13448
13452
13456
13458
13459
13462
13463
13464
13470
13476
13480
13485
13487
13492
13495
13503
13510
13514
13515
13516
13521
13522
13523
13525
13530
13542
13543
13548
13557
13560
13561
13564
13566
13570
13573
13575
13584
13585
13586
13589
13594
13600
13601
13605
13611
13612
13616
13627
13629
13630
13634
13636
13645
13652
13654
13658
13659
13664
13667
13675
13681
13682
13692
13700
13701
13705
13707
13708
13709
13710
13714
13718
13719
13720
13726
13735
13745
13749
13750
13760
13761
13763
13764
13767
13768
13770
13776
13777
13779
13780
13782
13783
13787
13788
13789
13791
13792
13797
13802
13803
13805
13806
13807
13808
13811
13812
13813
13816
13819
13822
13828
13830
13833
13834
13835
13836
13848
13852
13855
13863
13867
13877
13885
13887
13895
13898
13900
13912
13920
13921
13922
13928
13929
13931
13937
13943
13956
13966
13969
13970
13973
13982
13990
14004
14007
14017
14021
14024
14025
14030
14031
14042
14045
14051
14055
14057
14058
14061
14063
14064
14071
14074
14084
14088
14094
14096
14101
14102
14103
14104
14105
14106
14108
14111
14136
14137
14138
14141
14142
14148
14150
14159
14164
14165
14170
14177
14181
14186
14190
14191
14192
14197
14200
14205
14207
14209
14211
14219
14220
14221
14224
14240
14245
14246
14261
14267
14268
14270
14272
14273
14274
14276
14287
14288
14289
14293
14297
14298
14310
14311
14312
14314
14317
14321
14323
14324
14327
14336
14339
14340
14346
14353
14354
14357
14358
14368
14372
14380
14383
14389
14391
14398
14399
14401
14408
14409
14412
14415
14416
14424
14427
14431
14433
14434
14436
14438
14441
14447
14449
14453
14457
14458
14461
14462
14464
14470
14471
14475
14477
14481
14488
14497
14498
14501
14504
14508
14511
14516
14521
14524
14527
14529
14532
14537
14539
14548
14558
14563
14568
14570
14576
14580
14583
14584
14598
14605
14606
14613
14620
14623
14627
14628
14635
14643
14645
14648
14650
14651
14652
14656
14657
14660
14664
14668
14674
14679
14682
14688
14689
14690
14699
14702
14705
14706
14707
14712
14715
14720
14721
14724
14729
14730
14732
14743
14747
14748
14750
14757
14758
14763
14764
14766
14769
14770
14774
14775
14778
14780
14788
14796
14803
14810
14813
14814
14816
14817
14821
14825
14827
14839
14840
14846
14855
14856
14875
14876
14879
14891
14896
14899
14912
14915
14918
14925
14930
14933
14934
14937
14940
14955
14959
14968
14971
14979
14982
14987
14995
15004
15006
15012
15020
15024
15027
15032
15036
15037
15042
15047
15048
15054
15058
15065
15066
15071
15078
15085
15088
15089
15090
15096
15097
15099
15105
15106
15108
15110
15114
15118
15119
15121
15123
15129
15135
15137
15138
15142
15145
15147
15153
15155
15161
15166
15170
15174
15175
15176
15177
15179
15184
15187
15191
15194
15197
15200
15208
15210
15214
15217
15225
15227
15233
15235
15238
15239
15247
15251
15253
15259
15260
15265
15268
15272
15275
15276
15278
15282
15284
15286
15289
15290
15294
15295
15296
15300
15302
15304
15305
15310
15313
15314
15320
15323
15325
15329
15334
15338
15340
15344
15345
15350
15351
15355
15358
15359
15360
15363
15365
15368
15369
15370
15371
15375
15377
15380
15381
15382
15385
15388
15389
15391
15392
15395
15401
15404
15410
15413
15415
15418
15420
15425
15442
15445
15448
15450
15452
15457
15458
15459
15465
15472
15477
15478
15479
15485
15488
15493
15495
15499
15500
15503
15510
15512
15513
15514
15521
15525
15526
15530
15531
15532
15534
15538
15547
15552
15553
15562
15563
15565
15571
15572
15574
15583
15589
15591
15592
15604
15611
15612
15615
15618
15622
15623
15624
15634
15637
15643
15647
15651
15657
15661
15663
15664
15667
15674
15675
15676
15680
15681
15682
15697
15704
15707
15708
15709
15712
15713
15714
15717
15718
15721
15722
15725
15735
15737
15739
15741
15750
15764
15769
15772
15779
15781
15782
15783
15785
15788
15790
15793
15798
15799
15800
15804
15811
15812
15813
15818
15819
15826
15827
15828
15830
15831
15833
15837
15838
15846
15862
15864
15867
15873
15876
15878
15891
15892
15893
15896
15897
15903
15904
15907
15910
15912
15916
15921
15936
15937
15941
15943
15952
15954
15958
15959
15964
15978
15980
15981
15982
15989
15993
16000
16001
16004
16005
16007
16009
16019
16023
16026
16028
16040
16053
16054
16056
16057
16058
16060
16061
16062
16069
16070
16073
16077
16090
16094
16098
16111
16115
16130
16145
16150
16154
16156
16157
16158
16161
16169
16172
16173
16179
16182
16188
16191
16195
16201
16202
16207
16212
16220
16225
16226
16230
16236
16240
16242
16243
16247
16249
16258
16261
16265
16268
16270
16274
16277
16280
16281
16282
16288
16294
16295
16298
16303
16304
16312
16320
16322
16325
16326
16327
16331
16335
16340
16343
16344
16345
16349
16351
16354
16357
16359
16372
16373
16375
16378
16384
16386
16396
16401
16402
16404
16408
16413
16414
16416
16420
16422
16424
16434
16435
16436
16447
16448
16449
16451
16455
16462
16464
16469
16470
16479
16480
16481
16486
16487
16489
16491
16492
16501
16503
16510
16518
16522
16524
16528
16545
16547
16549
16552
16554
16556
16557
16562
16566
16570
16571
16576
16582
16591
16597
16600
16606
16611
16614
16618
16622
16623
16628
16634
16638
16639
16643
16645
16658
16663
16671
16673
16681
16693
16694
16706
16711
16713
16714
16715
16717
16720
16721
16729
16733
16743
16750
16755
16761
16769
16771
16772
16776
16783
16788
16790
16794
16801
16802
16803
16808
16812
16814
16815
16816
16821
16826
16829
16834
16835
16839
16840
16848
16854
16858
16864
16866
16877
16878
16886
16891
16897
16898
16903
16916
16918
16921
16922
16923
16924
16925
16929
16937
16941
16944
16946
16953
16957
16959
16961
16963
16965
16966
16969
16972
16976
16977
16978
16979
16995
16997
17003
17004
17006
17014
17019
17023
17028
17029
17032
17040
17044
17045
17050
17054
17056
17059
17061
17062
17072
17078
17080
17084
17091
17093
17094
17095
17101
17109
17110
17111
17112
17118
17122
17126
17128
17130
17136
17140
17141
17142
17147
17149
17151
17152
17162
17171
17182
17184
17192
17199
17204
17209
17211
17217
17227
17228
17237
17239
17241
17248
17250
17252
17259
17268
17273
17276
17284
17290
17291
17298
17300
17302
17304
17305
17309
17310
17312
17313
17315
17326
17329
17335
17338
17344
17346
17348
17350
17356
17357
17364
17373
17378
17383
17384
17385
17387
17388
17391
17393
17394
17395
17399
17401
17406
17418
17421
17422
17425
17426
17427
17430
17436
17441
17442
17445
17449
17454
17457
17469
17470
17475
17479
17481
17483
17492
17493
17495
17496
17499
17500
17503
17506
17507
17512
17517
17518
17519
17534
17542
17543
17548
17551
17553
17554
17556
17561
17562
17563
17569
17570
17571
17576
17578
17582
17587
17589
17594
17597
17598
17603
17604
17605
17608
17609
17614
17617
17620
17622
17624
17626
17629
17631
17639
17653
17655
17658
17668
17670
17680
17681
17684
17685
17686
17697
17699
17702
17705
17707
17709
17715
17733
17735
17739
17742
17745
17747
17753
17756
17757
17763
17764
17766
17768
17769
17779
17782
17783
17785
17787
17791
17797
17798
17802
17806
17808
17817
17822
17829
17833
17841
17845
17847
17850
17851
17855
17859
17863
17865
17869
17873
17879
17880
17885
17886
17896
17899
17905
17919
17921
17923
17933
17936
17938
17942
17943
17962
17969
17971
17982
17995
18002
18005
18006
18019
18024
18025
18026
18029
18038
18041
18049
18050
18052
18054
18055
18059
18069
18070
18078
18091
18097
18098
18099
18105
18108
18114
18115
18117
18120
18122
18124
18134
18137
18143
18144
18149
18161
18163
18164
18166
18173
18185
18186
18187
18193
18207
18209
18210
18211
18212
18215
18222
18223
18231
18235
18237
18238
18241
18244
18246
18250
18259
18260
18265
18269
18271
18276
18277
18279
18281
18286
18300
18306
18307
18309
18310
18314
18315
18320
18322
18324
18330
18331
18336
18340
18343
18345
18346
18352
18368
18383
18392
18393
18398
18401
18410
18411
18414
18415
18417
18427
18431
18440
18446
18449
18450
18451
18452
18457
18464
18467
18468
18470
18472
18487
18489
18493
18495
18504
18508
18517
18519
18521
18525
18528
18530
18539
18540
18541
18557
18561
18574
18575
18578
18583
18584
18592
18601
18608
18609
18612
18614
18616
18619
18623
18628
18629
18631
18642
18645
18653
18654
18659
18661
18664
18670
18672
18678
18681
18683
18688
18691
18692
18695
18699
18710
18714
18716
18724
18725
18728
18734
18737
18740
18743
18745
18747
18748
18749
18750
18751
18758
18759
18765
18767
18769
18770
18776
18778
18779
18786
18790
18797
18798
18802
18804
18812
18814
18818
18821
18822
18828
18831
18863
18864
18865
18876
18877
18878
18880
18886
18889
18891
18895
18898
18901
18902
18906
18913
18915
18919
18921
18922
18924
18926
18935
18936
18941
18942
18946
18955
18956
18964
18967
18969
18977
18979
18982
18984
18991
18998
19010
19017
19021
19022
19028
19032
19035
19036
19045
19050
19052
19055
19057
19058
19066
19071
19073
19076
19077
19090
19091
19092
19094
19095
19096
19099
19118
19120
19124
19127
19129
19134
19136
19137
19139
19141
19143
19159
19163
19164
19171
19172
19180
19182
19191
19195
19197
19198
19199
19205
19213
19214
19218
19221
19222
19224
19230
19232
19234
19239
19241
19252
19256
19257
19259
19266
19268
19275
19278
19291
19292
19297
19299
19302
19303
19305
19306
19313
19317
19334
19341
19352
19355
19356
19362
19363
19365
19366
19367
19368
19374
19381
19383
19384
19385
19387
19389
19390
19391
19392
19395
19396
19400
19401
19402
19405
19406
19407
19408
19410
19417
19419
19421
19427
19428
19439
19440
19441
19447
19451
19464
19470
19473
19474
19476
19483
19487
19488
19489
19492
19494
19495
19502
19504
19505
19509
19513
19515
19529
19530
19541
19542
19543
19546
19551
19553
19555
19564
19567
19578
19582
19584
19586
19589
19590
19593
19596
19597
19601
19605
19612
19613
19615
19617
19620
19624
19626
19633
19635
19640
19642
19643
19646
19647
19649
19651
19665
19670
19674
19677
19681
19682
19684
19698
19700
19703
19704
19706
19709
19710
19714
19717
19720
19722
19724
19731
19733
19743
19744
19757
19760
19762
19764
19769
19774
19776
19778
19781
19784
19789
19790
19794
19796
19799
19804
19809
19811
19816
19818
19819
19830
19836
19848
19850
19852
19856
19863
19869
19874
19885
19889
19890
19892
19894
19903
19923
19929
19930
19931
19934
19938
19939
19942
19943
19947
19949
19952
19954
19957
19958
19961
19969
19986
19993
19994
19996
20002
20004
20006
20012
20013
20017
20023
20024
20048
20053
20057
20058
20061
20070
20073
20076
20081
20088
20102
20105
20110
20115
20122
20148
20153
20158
20159
20160
20170
20173
20177
20186
20189
20191
20198
20204
20212
20222
20224
20226
20232
20233
20235
20240
20245
20247
20261
20265
20275
20278
20285
20289
20290
20295
20302
20305
20312
20313
20315
20324
20328
20329
20333
20334
20349
20356
20360
20378
20392
20393
20401
20402
20404
20411
20415
20416
20417
20422
20426
20434
20437
20441
20442
20443
20444
20450
20452
20454
20456
20457
20458
20466
20474
20479
20480
20481
20484
20485
20491
20493
20494
20495
20499
20500
20507
20510
20512
20513
20519
20521
20522
20527
20545
20547
20549
20556
20557
20560
20563
20571
20578
20579
20591
20592
20599
20609
20611
20612
20618
20620
20623
20624
20630
20633
20636
20644
20645
20647
20654
20655
20658
20659
20661
20668
20669
20670
20672
20674
20675
20676
20679
20680
20684
20690
20696
20702
20703
20705
20716
20717
20719
20721
20724
20729
20730
20734
20738
20742
20744
20752
20757
20764
20765
20771
20779
20786
20787
20792
20795
20796
20797
20799
20806
20823
20827
20829
20830
20831
20834
20836
20837
20841
20843
20844
20859
20862
20863
20868
20875
20878
20879
20880
20884
20889
20893
20896
20898
20900
20903
20907
20910
20916
20921
20922
20928
20931
20938
20940
20944
20951
20953
20964
20965
20970
20971
20972
20976
20978
20986
20993
20997
21002
21006
21013
21017
21020
21024
21025
21026
21029
21030
21035
21039
21040
21041
21044
21049
21050
21065
21076
21079
21092
21093
21102
21105
21106
21112
21115
21117
21119
21123
21134
21136
21138
21144
21148
21150
21155
21159
21160
21166
21168
21169
21172
21187
21191
21192
21196
21199
21201
21203
21206
21210
21217
21228
21241
21246
21250
21252
21253
21256
21263
21266
21267
21272
21273
21275
21282
21290
21297
21298
21300
21302
21304
21307
21309
21313
21324
21328
21334
21337
21340
21349
21350
21351
21357
21358
21359
21374
21376
21379
21383
21386
21388
21391
21399
21401
21406
21410
21412
21427
21429
21431
21433
21435
21437
21444
21448
21449
21453
21461
21463
21464
21471
21473
21480
21484
21500
21503
21505
21506
21507
21509
21513
21514
21516
21519
21523
21529
21530
21532
21533
21541
21548
21554
21561
21569
21570
21573
21575
21588
21591
21593
21597
21600
21603
21616
21619
21623
21630
21633
21646
21651
21667
21673
21678
21713
21719
21720
21721
21722
21730
21731
21735
21738
21739
21744
21753
21754
21757
21759
21760
21763
21764
21768
21773
21776
21777
21782
21785
21786
21789
21791
21799
21804
21805
21806
21809
21813
21815
21818
21827
21834
21840
21841
21845
21846
21850
21854
21862
21864
21870
21873
21880
21883
21884
21891
21893
21896
21897
21901
21902
21911
21913
21914
21915
21922
21929
21930
21931
21933
21934
21940
21941
21942
21944
21946
21951
21953
21954
21957
21963
21965
21967
21968
21970
21973
21985
21996
21997
22000
22001
22004
22005
22008
22014
22016
22017
22023
22033
22035
22037
22040
22041
22042
22049
22053
22054
22067
22068
22073
22084
22086
22088
22097
22101
22103
22110
22112
22117
22120
22137
22141
22142
22144
22147
22157
22158
22163
22165
22169
22175
22177
22178
22182
22183
22184
22187
22198
22199
22202
22206
22212
22219
22227
22232
22237
22238
22254
22256
22259
22261
22267
22269
22271
22282
22284
22290
22291
22293
22295
22298
22305
22309
22311
22313
22316
22319
22320
22324
22328
22341
22345
22346
22348
22351
22352
22357
22360
22374
22385
22386
22390
22391
22395
22406
22408
22410
22416
22442
22443
22447
22452
22454
22457
22461
22467
22478
22480
22486
22487
22488
22490
22491
22493
22496
22497
22505
22506
22508
22522
22524
22535
22543
22544
22545
22549
22571
22572
22584
22586
22591
22593
22603
22604
22612
22614
22615
22620
22622
22628
22629
22643
22646
22647
22649
22651
22655
22657
22658
22663
22665
22667
22672
22677
22683
22691
22694
22703
22708
22709
22710
22711
22716
22719
22720
22722
22726
22728
22735
22737
22738
22744
22747
22748
22752
22754
22774
22777
22779
22780
22782
22785
22788
22790
22795
22797
22800
22811
22818
22819
22824
22828
22832
22836
22838
22841
22851
22852
22857
22860
22863
22865
22867
22869
22873
22874
22883
22892
22896
22899
22901
22903
22904
22907
22915
22916
22917
22921
22925
22932
22933
22936
22940
22941
22942
22951
22955
22959
22961
22963
22964
22967
22969
22974
22977
22978
22987
22988
22990
22992
22993
22998
23002
23004
23014
23016
23018
23019
23024
23025
23036
23040
23043
23056
23058
23064
23066
23067
23075
23077
23078
23079
23084
23086
23088
23091
23092
23105
23114
23115
23116
23119
23121
23127
23133
23137
23143
23145
23148
23153
23158
23166
23173
23185
23186
23189
23192
23193
23194
23198
23205
23206
23211
23215
23217
23219
23220
23223
23224
23225
23231
23243
23244
23252
23257
23259
23266
23267
23271
23274
23278
23280
23285
23286
23292
23293
23297
23300
23307
23308
23310
23311
23312
23313
23314
23315
23324
23328
23330
23335
23337
23343
23344
23347
23350
23361
23375
23377
23380
23387
23388
23392
23401
23410
23411
23415
23426
23433
23435
23442
23444
23446
23448
23451
23453
23454
23460
23465
23468
23469
23473
23478
23486
23488
23489
23490
23491
23499
23501
23511
23515
23516
23524
23526
23527
23528
23532
23538
23542
23551
23555
23560
23573
23583
23584
23586
23594
23596
23598
23607
23610
23611
23613
23620
23621
23630
23631
23633
23634
23635
23636
23637
23638
23642
23645
23652
23653
23654
23655
23656
23662
23664
23665
23675
23680
23685
23687
23691
23695
23699
23700
23709
23715
23717
23720
23724
23728
23732
23739
23743
23744
23749
23752
23755
23768
23769
23774
23775
23785
23786
23787
23788
23790
23792
23801
23802
23804
23806
23807
23811
23820
23821
23824
23826
23827
23833
23835
23840
23841
23842
23844
23847
23848
23851
23855
23857
23861
23863
23876
23881
23886
23887
23892
23898
23900
23902
23911
23914
23915
23922
23923
23929
23931
23933
23938
23948
23949
23956
23960
23962
23964
23965
23968
23969
23974
23981
23982
23984
23988
23992
24000
24001
24008
24013
24014
24022
24024
24025
24026
24038
24042
24047
24051
24059
24063
24070
24072
24077
24079
24080
24082
24087
24091
24098
24102
24103
24107
24109
24112
24117
24118
24119
24127
24138
24149
24151
24153
24157
24159
24164
24180
24182
24187
24190
24191
24194
24196
24204
24207
24210
24211
24213
24215
24219
24221
24222
24224
24225
24227
24229
24232
24235
24242
24243
24275
24285
24291
24298
24304
24305
24310
24316
24317
24319
24320
24324
24331
24333
24334
24337
24339
24340
24346
24348
24349
24357
24359
24360
24361
24368
24369
24372
24375
24379
24384
24385
24392
24399
24411
24413
24414
24422
24425
24445
24451
24453
24454
24461
24466
24467
24471
24475
24476
24479
24488
24493
24496
24502
24505
24510
24516
24524
24532
24535
24540
24546
24548
24563
24565
24567
24572
24576
24577
24580
24583
24584
24587
24592
24598
24605
24615
24618
24619
24623
24624
24625
24626
24630
24634
24636
24638
24639
24641
24644
24646
24649
24659
24664
24665
24667
24669
24677
24679
24681
24683
24685
24686
24693
24695
24698
24699
24702
24708
24714
24717
24718
24719
24720
24723
24724
24727
24730
24741
24742
24745
24750
24758
24762
24764
24767
24768
24769
24774
24780
24782
24784
24785
24786
24795
24797
24802
24803
24806
24808
24809
24811
24817
24830
24832
24836
24845
24852
24861
24863
24864
24868
24870
24871
24875
24878
24881
24882
24886
24893
24896
24899
24915
24916
24917
24920
24933
24934
24935
24942
24944
24946
24958
24966
24976
24982
24985
24990
24994
25000
25002
25004
25005
25013
25015
25020
25023
25025
25028
25031
25033
25034
25035
25037
25038
25041
25042
25043
25050
25053
25060
25063
25069
25070
25077
25078
25082
25087
25097
25105
25114
25116
25117
25118
25121
25124
25126
25139
25142
25145
25146
25153
25154
25157
25159
25162
25167
25170
25175
25179
25182
25191
25192
25196
25200
25204
25206
25212
25214
25217
25224
25241
25243
25246
25247
25249
25256
25262
25268
25269
25283
25289
25293
25307
25311
25312
25316
25318
25331
25339
25346
25355
25373
25376
25380
25384
25385
25386
25394
25402
25411
25412
25417
25421
25429
25433
25435
25442
25444
25450
25457
25459
25461
25462
25464
25465
25468
25473
25485
25486
25494
25500
25503
25507
25510
25514
25515
25520
25523
25527
25532
25534
25536
25540
25541
25546
25558
25562
25563
25564
25570
25575
25578
25589
25590
25592
25595
25601
25605
25611
25613
25614
25618
25619
25625
25644
25647
25655
25664
25665
25666
25667
25668
25669
25675
25676
25684
25688
25689
25691
25695
25702
25706
25708
25713
25724
25731
25733
25735
25738
25739
25743
25744
25751
25755
25760
25761
25769
25772
25776
25778
25782
25785
25786
25802
25804
25805
25807
25812
25814
25820
25825
25828
25829
25831
25837
25842
25843
25845
25846
25847
25852
25853
25855
25857
25859
25860
25862
25875
25878
25883
25887
25890
25893
25903
25906
25913
25914
25920
25923
25927
25928
25932
25939
25943
25948
25951
25958
25961
25969
25972
25976
25977
25984
25990
25994
25998
26011
26013
26015
26018
26020
26021
26023
26025
26028
26030
26031
26036
26037
26039
26041
26049
26055
26056
26065
26072
26074
26078
26084
26089
26099
26100
26104
26113
26115
26120
26130
26135
26142
26147
26151
26155
26163
26167
26171
26174
26179
26181
26182
26183
26185
26188
26192
26204
26206
26210
26212
26213
26215
26216
26227
26229
26238
26239
26243
26248
26250
26252
26255
26256
26258
26271
26277
26278
26284
26289
26294
26300
26303
26305
26306
26308
26311
26313
26314
26316
26317
26320
26327
26328
26343
26350
26360
26363
26365
26370
26371
26372
26374
26377
26378
26394
26398
26400
26401
26402
26411
26417
26419
26420
26422
26424
26429
26431
26433
26435
26444
26446
26450
26451
26452
26453
26457
26462
26466
26469
26474
26475
26482
26486
26488
26496
26497
26502
26507
26510
26514
26517
26522
26531
26538
26548
26556
26561
26578
26585
26586
26593
26594
26595
26602
26611
26615
26620
26626
26630
26632
26633
26634
26641
26645
26657
26660
26662
26664
26669
26676
26678
26682
26689
26694
26697
26698
26701
26706
26708
26712
26714
26715
26716
26728
26733
26735
26736
26739
26740
26767
26770
26778
26779
26780
26782
26788
26794
26797
26799
26800
26810
26817
26821
26823
26825
26831
26832
26840
26841
26846
26852
26856
26858
26861
26865
26866
26868
26878
26880
26881
26885
26888
26889
26891
26901
26906
26912
26915
26918
26920
26923
26924
26926
26931
26934
26936
26937
26947
26951
26957
26961
26964
26965
26970
26971
26972
26978
26982
26985
26988
26989
26992
26995
26998
27002
27003
27008
27011
27013
27017
27020
27025
27026
27032
27033
27039
27043
27048
27049
27052
27054
27056
27059
27060
27062
27063
27064
27073
27074
27082
27083
27084
27090
27106
27114
27126
27128
27129
27131
27132
27133
27136
27141
27142
27146
27148
27150
27151
27152
27153
27155
27156
27157
27159
27160
27161
27162
27168
27173
27175
27179
27182
27183
27187
27190
27191
27195
27199
27203
27226
27231
27236
27240
27254
27255
27262
27267
27268
27274
27276
27283
27288
27290
27291
27300
27302
27307
27308
27314
27318
27319
27321
27322
27324
27325
27331
27335
27336
27339
27346
27347
27348
27357
27361
27362
27364
27366
27367
27368
27369
27371
27374
27377
27381
27383
27387
27394
27397
27399
27402
27411
27413
27421
27423
27427
27428
27434
27437
27445
27447
27451
27453
27454
27461
27464
27472
27474
27475
27476
27480
27484
27485
27491
27492
27494
27497
27500
27502
27507
27510
27512
27516
27517
27520
27523
27533
27537
27539
27545
27549
27559
27563
27565
27570
27573
27576
27580
27582
27583
27585
27590
27594
27595
27598
27599
27603
27608
27615
27619
27628
27631
27637
27639
27640
27641
27646
27647
27648
27657
27660
27661
27668
27671
27675
27679
27681
27695
27699
27703
27709
27712
27715
27716
27718
27719
27721
27723
27728
27734
27751
27753
27754
27755
27757
27772
27776
27778
27786
27787
27788
27795
27797
27798
27806
27810
27813
27814
27817
27821
27822
27823
27824
27825
27826
27827
27829
27830
27831
27834
27837
27842
27847
27849
27854
27858
27859
27861
27869
27881
27888
27892
27893
27895
27897
27901
27903
27905
27907
27909
27913
27921
27923
27925
27928
27941
27942
27960
27961
27963
27965
27966
27967
27975
27982
27984
27994
27997
27999
28000
28005
28007
28008
28011
28016
28018
28020
28022
28025
28034
28040
28042
28051
28056
28068
28069
28071
28076
28078
28079
28083
28085
28088
28099
28100
28106
28107
28117
28121
28125
28126
28130
28137
28142
28143
28146
28147
28152
28153
28156
28158
28159
28173
28176
28179
28180
28182
28185
28190
28197
28202
28203
28205
28206
28207
28210
28214
28215
28220
28223
28224
28226
28229
28234
28239
28245
28250
28252
28260
28267
28272
28282
28292
28293
28295
28297
28298
28302
28310
28322
28326
28331
28344
28345
28350
28352
28355
28356
28368
28370
28374
28376
28378
28384
28385
28389
28390
28395
28398
28401
28404
28405
28411
28412
28418
28422
28426
28427
28432
28435
28443
28447
28452
28455
28463
28470
28474
28480
28481
28482
28484
28485
28489
28493
28495
28496
28500
28504
28509
28512
28513
28515
28517
28520
28528
28538
28539
28551
28552
28555
28558
28572
28574
28576
28577
28578
28579
28581
28587
28590
28593
28594
28595
28596
28598
28604
28608
28609
28610
28616
28622
28626
28628
28629
28630
28631
28643
28649
28651
28653
28655
28658
28659
28663
28664
28667
28674
28683
28696
28697
28699
28702
28704
28710
28711
28714
28716
28717
28718
28720
28721
28723
28725
28728
28730
28733
28735
28737
28738
28742
28743
28747
28753
28755
28758
28765
28767
28770
28775
28779
28790
28793
28795
28806
28807
28817
28818
28819
28820
28826
28827
28829
28831
28846
28848
28850
28853
28855
28860
28866
28869
28873
28874
28875
28893
28896
28901
28902
28903
28911
28914
28918
28919
28920
28924
28927
28931
28937
28953
28956
28959
28960
28964
28966
28977
28983
28986
28987
28990
28997
29002
29005
29006
29007
29010
29020
29021
29022
29025
29027
29035
29036
29038
29046
29048
29050
29052
29057
29065
29066
29073
29074
29080
29083
29087
29091
29094
29099
29106
29114
29116
29120
29123
29126
29127
29130
29134
29137
29144
29148
29151
29155
29156
29157
29158
29160
29161
29165
29166
29169
29176
29178
29189
29191
29195
29198
29201
29216
29222
29225
29230
29236
29240
29241
29243
29246
29248
29250
29252
29255
29256
29257
29261
29264
29274
29275
29286
29289
29293
29294
29295
29298
29304
29308
29311
29312
29313
29314
29315
29319
29320
29321
29325
29326
29327
29340
29346
29348
29352
29354
29358
29362
29363
29365
29369
29370
29371
29380
29385
29386
29388
29390
29391
29392
29394
29403
29405
29407
29408
29412
29415
29417
29419
29420
29422
29440
29442
29447
29448
29450
29451
29458
29463
29468
29469
29477
29480
29484
29496
29508
29515
29520
29529
29533
29541
29547
29551
29556
29558
29561
29565
29570
29572
29573
29584
29591
29592
29595
29598
29601
29604
29607
29610
29611
29615
29619
29621
29625
29629
29631
29633
29634
29648
29656
29663
29673
29676
29677
29682
29689
29690
29691
29698
29699
29700
29702
29703
29707
29709
29710
29717
29718
29720
29721
29729
29731
29734
29736
29738
29741
29754
29755
29757
29764
29766
29772
29773
29782
29789
29799
29802
29803
29805
29813
29815
29818
29821
29822
29823
29824
29826
29830
29833
29843
29853
29854
29855
29863
29865
29875
29891
29894
29895
29899
29900
29908
29909
29915
29917
29922
29923
29936
29943
29946
29955
29968
29971
29974
29981
29984
29992
30002
30003
30006
30008
30009
30011
30014
30015
30020
30021
30022
30023
30038
30039
30044
30048
30050
30057
30058
30062
30064
30069
30072
30076
30079
30087
30094
30100
30102
30103
30110
30115
30116
30122
30123
30127
30140
30141
30144
30150
30153
30158
30163
30164
30165
30170
30179
30186
30187
30188
30200
30211
30213
30214
30216
30225
30240
30243
30250
30253
30255
30270
30280
30281
30289
30292
30300
30305
30308
30315
30317
30337
30339
30347
30348
30352
30356
30359
30361
30368
30369
30376
30379
30380
30382
30383
30384
30387
30392
30400
30404
30415
30418
30424
30425
30432
30433
30435
30449
30451
30452
30453
30457
30470
30475
30478
30479
30499
30501
30504
30505
30507
30512
30516
30517
30520
30521
30522
30528
30533
30534
30536
30551
30555
30559
30560
30563
30566
30572
30577
30590
30591
30592
30593
30594
30595
30602
30608
30612
30624
30625
30627
30635
30638
30641
30642
30646
30647
30650
30658
30662
30664
30665
30667
30671
30676
30695
30700
30702
30709
30714
30715
30716
30717
30718
30719
30722
30724
30725
30726
30729
30735
30741
30743
30744
30747
30748
30750
30751
30753
30754
30766
30775
30776
30784
30786
30792
30800
30803
30807
30818
30821
30822
30823
30824
30827
30834
30836
30839
30849
30852
30854
30857
30864
30866
30873
30874
30887
30888
30889
30891
30894
30896
30897
30900
30922
30923
30924
30929
30930
30931
30933
30944
30963
30965
30966
30970
30972
30975
30983
30985
30990
30994
30998
31009
31012
31015
31016
31018
31026
31030
31031
31035
31038
31042
31043
31044
31049
31050
31055
31056
31063
31064
31072
31073
31079
31082
31083
31086
31087
31098
31099
31100
31103
31108
31116
31118
31119
31120
31127
31128
31130
31131
31134
31135
31136
31138
31140
31141
31142
31150
31163
31169
31172
31175
31192
31193
31194
31197
31198
31199
31206
31218
31219
31221
31224
31226
31229
31230
31231
31233
31235
31239
31243
31246
31249
31250
31252
31262
31266
31267
31269
31273
31274
31281
31285
31290
31310
31318
31328
31331
31339
31345
31354
31357
31372
31374
31385
31391
31392
31393
31394
31395
31396
31398
31402
31408
31411
31412
31416
31419
31420
31421
31428
31433
31434
31437
31440
31441
31447
31448
31454
31455
31457
31462
31464
31471
31472
31476
31479
31481
31484
31488
31497
31498
31501
31504
31513
31514
31520
31523
31525
31527
31530
31531
31532
31539
31542
31548
31549
31552
31553
31557
31559
31561
31572
31578
31590
31591
31595
31597
31600
31606
31607
31619
31622
31630
31638
31639
31641
31642
31643
31646
31648
31649
31655
31657
31662
31664
31668
31669
31677
31680
31681
31689
31690
31691
31693
31699
31700
31702
31703
31706
31712
31714
31729
31730
31733
31736
31741
31744
31745
31749
31752
31760
31763
31764
31775
31777
31778
31779
31782
31785
31788
31793
31797
31800
31817
31821
31823
31824
31826
31827
31830
31842
31844
31845
31848
31853
31854
31857
31860
31861
31862
31865
31870
31872
31873
31876
31877
31878
31879
31883
31890
31891
31893
31894
31896
31904
31909
31910
31911
31914
31919
31921
31926
31928
31929
31932
31934
31935
31940
31948
31957
31959
31960
31970
31972
31973
31976
31979
31980
31981
31986
31994
31996
32000
32001
32011
32014
32018
32025
32028
32033
32038
32042
32049
32050
32054
32058
32059
32062
32068
32076
32079
32080
32082
32086
32087
32088
32089
32091
32101
32102
32105
32110
32113
32117
32121
32125
32130
32132
32137
32142
32149
32155
32164
32171
32176
32182
32192
32193
32198
32200
32203
32205
32208
32209
32210
32213
32218
32221
32227
32232
32234
32235
32237
32242
32250
32252
32253
32259
32262
32269
32272
32279
32286
32289
32290
32294
32299
32306
32315
32316
32324
32326
32329
32332
32336
32347
32349
32350
32352
32354
32356
32357
32361
32364
32366
32368
32372
32379
32387
32391
32397
32401
32405
32408
32412
32418
32420
32421
32426
32429
32435
32436
32439
32441
32445
32455
32467
32469
32471
32472
32477
32483
32484
32488
32494
32507
32510
32515
32517
32519
32523
32528
32536
32541
32543
32545
32552
32556
32558
32559
32563
32566
32567
32569
32570
32571
32573
32578
32584
32591
32593
32594
32602
32607
32614
32629
32630
32645
32646
32653
32654
32655
32657
32667
32669
32676
32678
32682
32694
32708
32709
32713
32714
32715
32716
32721
32723
32730
32734
32736
32738
32740
32741
32749
32758
32772
32773
32777
32779
32786
32787
32791
32795
32797
32801
32811
32817
32818
32823
32825
32828
32834
32839
32850
32853
32855
32862
32871
32891
32900
32901
32907
32908
32910
32913
32916
32922
32924
32927
32929
32931
32944
32946
32948
32957
32968
32971
32973
32980
32982
32984
32985
32992
32995
32996
33003
33004
33009
33012
33013
33024
33026
33028
33029
33031
33035
33038
33042
33046
33047
33053
33058
33059
33062
33064
33067
33082
33087
33088
33091
33095
33097
33098
33119
33120
33123
33124
33131
33134
33140
33142
33143
33145
33146
33153
33154
33157
33162
33165
33170
33171
33172
33178
33185
33187
33190
33192
33193
33194
33198
33203
33206
33209
33214
33216
33220
33223
33227
33231
33234
33235
33238
33239
33245
33248
33255
33257
33258
33271
33273
33277
33282
33288
33289
33291
33297
33300
33301
33302
33304
33306
33316
33317
33322
33325
33326
33327
33330
33335
33336
33345
33346
33350
33351
33358
33359
33362
33364
33366
33370
33371
33379
33380
33386
33388
33398
33401
33408
33409
33418
33420
33428
33431
33437
33445
33447
33451
33453
33460
33462
33468
33469
33471
33473
33481
33487
33488
33489
33490
33496
33497
33507
33514
33518
33526
33528
33532
33535
33538
33544
33549
33555
33561
33567
33568
33569
33570
33572
33575
33577
33582
33588
33593
33596
33598
33600
33601
33608
33612
33613
33617
33624
33630
33634
33641
33662
33665
33666
33667
33674
33675
33676
33679
33685
33686
33687
33689
33692
33694
33699
33701
33706
33709
33711
33712
33722
33723
33726
33728
33731
33740
33747
33748
33749
33758
33759
33769
33770
33771
33776
33778
33782
33800
33801
33808
33816
33819
33820
33823
33824
33825
33827
33829
33841
33857
33861
33862
33866
33877
33878
33880
33884
33888
33891
33892
33896
33899
33904
33907
33917
33918
33926
33937
33947
33949
33952
33959
33961
33964
33966
33970
33971
33972
33974
33975
33978
33980
33987
33988
33990
33992
33994
34002
34011
34012
34017
34018
34025
34031
34038
34039
34046
34048
34051
34054
34055
34056
34057
34067
34069
34080
34081
34093
34094
34099
34104
34109
34110
34121
34123
34131
34132
34135
34140
34143
34144
34147
34161
34163
34164
34165
34166
34170
34171
34175
34180
34183
34184
34200
34214
34224
34229
34233
34238
34241
34242
34245
34246
34251
34253
34256
34258
34266
34267
34270
34271
34276
34277
34278
34283
34295
34300
34301
34304
34308
34318
34321
34326
34329
34333
34336
34337
34339
34340
34343
34346
34350
34356
34364
34372
34375
34383
34384
34388
34390
34394
34395
34401
34402
34406
34407
34408
34409
34412
34413
34430
34431
34435
34436
34438
34439
34444
34446
34449
34450
34452
34458
34459
34468
34470
34473
34478
34479
34485
34487
34493
34501
34506
34509
34515
34516
34522
34532
34539
34554
34556
34558
34560
34580
34581
34585
34593
34595
34596
34599
34604
34611
34612
34615
34616
34617
34623
34626
34628
34629
34632
34634
34635
34649
34657
34662
34663
34664
34665
34673
34674
34675
34678
34701
34713
34714
34715
34719
34720
34722
34726
34727
34728
34732
34742
34743
34748
34750
34752
34753
34755
34756
34760
34764
34770
34771
34773
34777
34778
34779
34783
34787
34789
34791
34795
34804
34805
34807
34809
34817
34828
34843
34844
34849
34856
34859
34863
34864
34865
34866
34881
34883
34886
34887
34889
34892
34896
34900
34916
34923
34928
34930
34934
34942
34943
34953
34955
34957
34958
34959
34964
34965
34966
34969
34975
34979
34981
34983
34990
34993
34996
34997
35001
35003
35006
35007
35010
35011
35019
35027
35029
35030
35032
35034
35041
35042
35063
35064
35068
35073
35075
35078
35083
35088
35090
35095
35105
35106
35109
35113
35119
35124
35125
35128
35130
35133
35138
35141
35142
35145
35146
35147
35149
35152
35156
35158
35162
35163
35166
35172
35180
35181
35182
35183
35184
35185
35197
35198
35201
35202
35205
35207
35208
35209
35210
35215
35218
35223
35229
35230
35237
35242
35249
35250
35253
35254
35255
35259
35260
35264
35268
35269
35278
35279
35280
35290
35291
35295
35298
35300
35301
35302
35303
35304
35305
35307
35317
35322
35323
35324
35327
35333
35336
35337
35340
35347
35362
35367
35377
35383
35386
35388
35389
35396
35400
35402
35403
35404
35406
35412
35417
35420
35423
35424
35425
35426
35436
35440
35445
35446
35447
35451
35452
35476
35477
35479
35481
35483
35484
35485
35487
35492
35493
35498
35500
35504
35505
35509
35514
35518
35523
35526
35527
35537
35540
35543
35546
35551
35552
35554
35556
35557
35563
35565
35566
35573
35574
35578
35581
35587
35596
35611
35613
35621
35622
35626
35627
35630
35631
35634
35643
35644
35646
35648
35651
35653
35658
35662
35664
35678
35682
35684
35685
35704
35705
35712
35714
35723
35730
35734
35736
35737
35741
35744
35761
35767
35771
35774
35775
35780
35781
35794
35800
35801
35803
35804
35805
35813
35816
35817
35828
35837
35849
35851
35862
35863
35867
35868
35872
35879
35881
35883
35888
35894
35896
35901
35907
35911
35919
35922
35924
35925
35929
35939
35948
35951
35955
35957
35959
35960
35961
35971
35975
35978
35979
35986
35989
35991
35996
36004
36011
36012
36015
36023
36024
36029
36040
36043
36051
36059
36060
36062
36065
36066
36070
36074
36081
36083
36091
36093
36095
36101
36102
36103
36111
36118
36133
36137
36146
36148
36153
36155
36161
36162
36178
36181
36182
36185
36193
36197
36208
36209
36216
36222
36223
36224
36225
36228
36229
36234
36236
36240
36242
36245
36246
36254
36255
36258
36259
36261
36264
36270
36273
36275
36277
36283
36285
36287
36294
36303
36305
36306
36308
36311
36314
36315
36318
36352
36353
36356
36359
36360
36361
36365
36368
36375
36376
36377
36379
36381
36384
36385
36396
36400
36402
36406
36408
36411
36412
36413
36414
36415
36417
36419
36422
36433
36436
36437
36440
36442
36447
36453
36458
36466
36471
36472
36473
36478
36480
36482
36486
36489
36494
36495
36502
36507
36528
36531
36533
36537
36551
36557
36558
36560
36563
36565
36570
36573
36574
36575
36587
36597
36599
36600
36603
36612
36616
36617
36626
36628
36630
36632
36638
36650
36656
36663
36666
36673
36684
36686
36689
36690
36692
36693
36701
36705
36713
36714
36720
36727
36734
36736
36741
36745
36747
36749
36751
36752
36754
36757
36761
36768
36773
36775
36779
36781
36783
36788
36793
36795
36798
36808
36810
36817
36821
36823
36824
36828
36832
36840
36844
36846
36848
36858
36862
36865
36866
36867
36869
36873
36874
36875
36877
36878
36882
36890
36891
36895
36900
36901
36903
36911
36916
36927
36930
36931
36952
36959
36960
36966
36968
36972
36973
36975
36978
36980
36987
36990
36992
36997
37004
37012
37013
37014
37015
37016
37017
37019
37021
37028
37034
37043
37044
37047
37051
37055
37061
37063
37066
37071
37076
37079
37080
37097
37100
37104
37107
37109
37118
37120
37121
37123
37130
37134
37136
37143
37146
37148
37149
37150
37154
37155
37158
37160
37161
37163
37173
37178
37179
37181
37184
37188
37189
37193
37195
37197
37201
37210
37214
37215
37220
37223
37224
37226
37227
37229
37230
37231
37238
37240
37241
37242
37244
37261
37269
37272
37279
37285
37287
37294
37297
37306
37307
37318
37321
37324
37327
37329
37332
37337
37343
37346
37347
37348
37351
37353
37364
37365
37372
37377
37379
37380
37381
37384
37386
37391
37395
37396
37400
37404
37405
37406
37407
37419
37423
37426
37427
37430
37432
37433
37435
37436
37439
37443
37452
37454
37456
37459
37461
37464
37466
37469
37473
37476
37488
37490
37499
37515
37522
37527
37529
37545
37547
37548
37551
37555
37560
37562
37568
37576
37580
37582
37587
37592
37595
37602
37603
37606
37610
37611
37615
37616
37618
37621
37628
37638
37646
37648
37652
37654
37655
37656
37663
37664
37669
37672
37676
37694
37697
37701
37704
37706
37716
37717
37718
37723
37726
37729
37730
37734
37736
37743
37744
37753
37755
37756
37759
37766
37771
37774
37775
37787
37788
37801
37802
37811
37813
37820
37827
37831
37833
37834
37835
37836
37838
37848
37853
37857
37866
37879
37880
37882
37886
37887
37906
37922
37934
37936
37940
37942
37943
37944
37951
37955
37958
37960
37979
37990
37999
38000
38004
38013
38027
38033
38037
38046
38057
38058
38065
38071
38075
38084
38086
38087
38088
38092
38093
38094
38100
38104
38111
38115
38119
38126
38131
38133
38140
38143
38150
38155
38156
38159
38161
38162
38170
38182
38184
38188
38191
38192
38198
38199
38200
38209
38210
38218
38222
38226
38230
38233
38240
38246
38249
38251
38253
38255
38258
38259
38261
38264
38268
38269
38270
38274
38275
38280
38286
38288
38289
38293
38294
38295
38301
38302
38304
38316
38318
38323
38333
38348
38351
38355
38358
38364
38369
38372
38375
38384
38390
38391
38395
38399
38403
38404
38408
38409
38412
38415
38416
38417
38419
38423
38425
38430
38435
38439
38443
38469
38474
38480
38489
38491
38492
38495
38496
38497
38499
38504
38510
38527
38530
38535
38538
38539
38540
38543
38550
38551
38560
38562
38570
38574
38575
38584
38589
38594
38596
38606
38607
38610
38613
38614
38619
38624
38625
38626
38627
38633
38634
38636
38637
38638
38639
38640
38641
38644
38645
38647
38656
38660
38666
38667
38668
38676
38692
38695
38701
38703
38705
38711
38720
38724
38732
38736
38737
38739
38745
38746
38747
38751
38757
38762
38765
38775
38779
38786
38788
38790
38791
38795
38797
38801
38807
38811
38813
38815
38818
38819
38824
38833
38840
38843
38851
38852
38864
38870
38874
38883
38887
38890
38891
38893
38897
38898
38900
38902
38915
38918
38922
38927
38930
38933
38936
38937
38938
38939
38942
38949
38950
38957
38958
38959
38962
38970
38973
38977
38979
38980
38983
38985
38987
38989
38990
38992
38994
38996
38997
38999
39000
39005
39011
39012
39014
39019
39021
39024
39025
39027
39028
39032
39034
39039
39040
39043
39047
39052
39059
39060
39064
39066
39073
39074
39076
39079
39090
39091
39093
39094
39099
39104
39108
39113
39121
39122
39126
39127
39131
39132
39136
39152
39157
39166
39169
39173
39188
39190
39198
39202
39204
39205
39216
39217
39218
39227
39228
39229
39231
39232
39235
39243
39246
39250
39253
39254
39256
39258
39265
39272
39291
39294
39300
39302
39303
39308
39314
39318
39319
39320
39322
39327
39328
39341
39342
39343
39344
39346
39348
39349
39350
39351
39353
39354
39355
39358
39362
39365
39366
39374
39375
39376
39378
39380
39384
39385
39397
39405
39406
39411
39415
39422
39423
39435
39436
39441
39442
39444
39445
39448
39449
39450
39454
39455
39458
39462
39470
39475
39478
39479
39480
39481
39487
39489
39490
39502
39503
39504
39506
39511
39514
39518
39519
39522
39523
39524
39531
39533
39537
39544
39548
39563
39564
39567
39571
39583
39592
39596
39597
39600
39608
39611
39613
39614
39620
39629
39655
39656
39658
39672
39685
39686
39689
39690
39696
39709
39710
39726
39730
39742
39746
39753
39766
39768
39772
39774
39787
39790
39791
39805
39809
39811
39813
39816
39819
39821
39833
39834
39839
39844
39852
39853
39854
39855
39857
39859
39860
39862
39864
39871
39880
39881
39882
39884
39887
39894
39898
39901
39912
39913
39916
39918
39919
39920
39926
39928
39930
39932
39936
39946
39959
39960
39961
39964
39965
39966
39977
39979
39980
39984
39986
39987
39997
40001
40004
40006
40007
40009
40011
40026
40029
40031
40034
40039
40042
40044
40050
40053
40055
40057
40059
40061
40064
40076
40078
40085
40087
40088
40103
40105
40106
40108
40109
40117
40122
40125
40126
40129
40130
40131
40137
40139
40141
40146
40154
40157
40158
40162
40164
40166
40167
40172
40175
40189
40192
40200
40203
40209
40210
40214
40216
40218
40219
40222
40224
40227
40229
40236
40238
40240
40241
40243
40254
40258
40263
40266
40267
40270
40276
40278
40279
40280
40283
40286
40292
40295
40296
40297
40303
40304
40307
40308
40310
40311
40327
40328
40329
40334
40336
40337
40341
40342
40347
40351
40354
40356
40358
40365
40372
40378
40388
40391
40395
40400
40404
40406
40407
40411
40416
40418
40432
40437
40438
40444
40448
40452
40456
40460
40461
40463
40475
40479
40480
40485
40492
40498
40507
40510
40511
40512
40531
40533
40540
40544
40546
40551
40552
40557
40564
40570
40572
40576
40579
40583
40584
40590
40596
40597
40601
40603
40606
40611
40615
40619
40621
40623
40625
40628
40630
40634
40641
40642
40644
40645
40646
40650
40657
40664
40665
40671
40677
40686
40688
40691
40693
40697
40699
40705
40706
40711
40712
40723
40724
40726
40728
40730
40735
40736
40755
40756
40763
40765
40767
40772
40773
40777
40781
40783
40785
40787
40791
40793
40794
40796
40803
40806
40809
40814
40815
40819
40822
40834
40835
40839
40842
40848
40856
40860
40862
40869
40873
40888
40890
40901
40903
40910
40912
40915
40920
40932
40936
40937
40948
40949
40952
40959
40961
40969
40977
40978
40980
40984
40985
40989
40990
40994
40995
40999
41001
41003
41005
41010
41013
41014
41017
41020
41021
41024
41033
41035
41039
41040
41051
41053
41055
41060
41067
41078
41080
41084
41087
41096
41100
41108
41109
41115
41116
41118
41119
41124
41127
41128
41130
41134
41144
41150
41152
41160
41161
41167
41168
41174
41179
41180
41184
41185
41194
41199
41202
41206
41207
41210
41211
41212
41213
41218
41221
41222
41223
41232
41233
41240
41241
41242
41245
41251
41253
41259
41260
41266
41271
41272
41276
41280
41281
41282
41286
41289
41291
41295
41298
41299
41313
41314
41320
41329
41330
41334
41335
41338
41345
41348
41350
41354
41356
41367
41378
41380
41383
41387
41391
41395
41402
41405
41407
41408
41411
41415
41417
41426
41428
41430
41434
41437
41446
41451
41452
41453
41455
41457
41459
41462
41477
41479
41481
41486
41488
41489
41490
41497
41502
41503
41506
41513
41514
41517
41518
41520
41524
41528
41537
41541
41544
41545
41547
41552
41554
41555
41556
41558
41561
41562
41567
41568
41569
41571
41581
41583
41585
41587
41592
41594
41595
41597
41599
41601
41604
41605
41606
41617
41623
41628
41631
41634
41644
41650
41653
41654
41656
41657
41658
41659
41663
41664
41665
41666
41667
41668
41673
41680
41683
41685
41693
41697
41699
41700
41705
41706
41711
41712
41715
41716
41718
41720
41722
41726
41728
41736
41740
41743
41745
41746
41749
41755
41766
41771
41773
41778
41780
41781
41782
41784
41789
41796
41800
41803
41816
41820
41824
41831
41833
41837
41843
41844
41848
41850
41857
41858
41861
41873
41889
41892
41893
41899
41903
41905
41906
41915
41917
41920
41925
41926
41927
41931
41933
41938
41939
41947
41951
41956
41958
41963
41971
41975
41976
41979
41983
41989
41991
41992
41997
42001
42007
42023
42025
42032
42033
42036
42038
42039
42040
42044
42048
42050
42060
42071
42072
42074
42076
42080
42082
42085
42089
42092
42096
42097
42098
42101
42104
42108
42114
42117
42125
42126
42137
42139
42140
42143
42144
42160
42161
42165
42174
42177
42182
42186
42190
42194
42198
42200
42206
42208
42213
42214
42215
42232
42233
42237
42242
42245
42246
42254
42259
42265
42266
42268
42269
42271
42274
42280
42288
42292
42293
42296
42303
42306
42308
42313
42319
42320
42321
42322
42324
42328
42343
42346
42357
42358
42359
42366
42367
42368
42373
42377
42378
42389
42394
42395
42398
42399
42401
42402
42403
42404
42409
42411
42418
42427
42429
42437
42441
42443
42445
42454
42457
42486
42492
42495
42499
42500
42503
42506
42510
42516
42521
42522
42535
42545
42546
42547
42548
42550
42551
42559
42565
42571
42572
42579
42580
42584
42610
42611
42615
42621
42623
42626
42628
42630
42635
42640
42642
42646
42654
42655
42660
42667
42668
42675
42681
42686
42695
42701
42710
42718
42721
42722
42727
42730
42732
42740
42741
42742
42749
42757
42760
42762
42764
42765
42771
42772
42778
42784
42787
42789
42792
42793
42794
42803
42805
42816
42820
42829
42831
42833
42839
42841
42845
42847
42849
42852
42855
42857
42864
42870
42884
42891
42894
42896
42905
42910
42916
42922
42923
42925
42927
42930
42931
42932
42939
42940
42942
42943
42947
42948
42958
42963
42965
42968
42977
42982
42990
42991
42992
42995
42996
43004
43007
43009
43010
43011
43013
43022
43024
43025
43028
43037
43038
43041
43047
43048
43051
43060
43069
43074
43077
43079
43089
43090
43096
43100
43102
43103
43113
43120
43121
43128
43129
43132
43139
43143
43144
43149
43154
43158
43165
43169
43170
43172
43173
43177
43183
43186
43187
43189
43191
43195
43197
43201
43211
43212
43213
43214
43215
43225
43226
43229
43230
43231
43244
43246
43248
43257
43259
43272
43275
43276
43277
43278
43279
43280
43282
43288
43303
43309
43310
43311
43312
43313
43314
43316
43317
43318
43321
43323
43325
43327
43328
43331
43341
43343
43348
43349
43350
43351
43354
43355
43360
43362
43366
43373
43384
43388
43392
43393
43404
43408
43410
43415
43417
43421
43422
43423
43434
43444
43447
43452
43455
43462
43466
43467
43473
43478
43485
43486
43490
43496
43497
43498
43501
43504
43508
43512
43515
43517
43521
43525
43527
43530
43535
43554
43563
43564
43568
43571
43577
43582
43590
43592
43597
43598
43601
43605
43623
43631
43633
43636
43637
43640
43644
43647
43649
43654
43656
43663
43664
43665
43668
43674
43676
43678
43679
43680
43691
43692
43704
43709
43710
43713
43715
43717
43718
43719
43723
43729
43731
43733
43737
43739
43742
43747
43748
43749
43757
43759
43760
43762
43763
43769
43773
43776
43778
43781
43782
43784
43788
43790
43799
43809
43810
43813
43815
43821
43823
43824
43825
43826
43828
43834
43836
43839
43845
43847
43848
43849
43853
43856
43860
43866
43867
43869
43872
43876
43878
43887
43890
43892
43897
43898
43902
43906
43911
43916
43929
43931
43932
43935
43936
43938
43939
43944
43948
43954
43957
43960
43962
43964
43968
43969
43974
43981
43986
43989
43992
43998
44003
44012
44014
44020
44023
44024
44026
44031
44038
44040
44046
44047
44053
44054
44057
44060
44063
44064
44067
44071
44075
44080
44085
44087
44094
44099
44109
44128
44150
44160
44162
44168
44169
44170
44175
44177
44178
44184
44187
44201
44203
44207
44212
44216
44225
44227
44232
44240
44244
44249
44250
44251
44254
44268
44272
44276
44281
44287
44288
44291
44298
44299
44312
44317
44320
44321
44325
44331
44340
44344
44346
44348
44358
44360
44366
44368
44370
44371
44373
44374
44376
44378
44379
44381
44382
44384
44385
44388
44406
44417
44428
44430
44432
44433
44434
44438
44442
44447
44448
44452
44457
44460
44461
44467
44469
44473
44479
44481
44490
44492
44493
44494
44506
44511
44513
44520
44522
44529
44533
44534
44541
44546
44550
44555
44556
44557
44559
44560
44565
44566
44567
44568
44569
44576
44578
44579
44582
44585
44587
44591
44599
44604
44605
44606
44609
44611
44613
44624
44626
44630
44631
44636
44638
44639
44643
44644
44648
44649
44655
44656
44659
44662
44667
44673
44681
44682
44687
44691
44693
44694
44697
44698
44700
44705
44706
44708
44710
44711
44722
44725
44730
44731
44736
44741
44742
44743
44745
44755
44760
44764
44765
44769
44770
44771
44773
44774
44778
44780
44785
44787
44796
44799
44800
44812
44818
44822
44825
44832
44834
44844
44845
44846
44853
44858
44863
44866
44877
44878
44879
44880
44881
44885
44886
44890
44892
44897
44902
44903
44905
44907
44908
44928
44935
44938
44939
44940
44946
44950
44951
44956
44957
44959
44962
44969
44970
44975
44980
44981
44985
44987
44991
44993
44994
44995
45003
45004
45009
45012
45016
45022
45023
45024
45031
45032
45033
45039
45047
45048
45051
45061
45063
45064
45069
45073
45083
45090
45094
45097
45098
45102
45109
45111
45129
45133
45137
45138
45151
45157
45173
45179
45187
45189
45190
45191
45200
45201
45210
45217
45221
45225
45228
45236
45238
45242
45248
45251
45252
45253
45260
45261
45269
45272
45274
45277
45286
45290
45291
45292
45295
45303
45304
45305
45307
45308
45309
45310
45311
45314
45315
45320
45322
45323
45325
45328
45334
45337
45339
45342
45344
45352
45353
45354
45372
45373
45375
45376
45379
45396
45405
45406
45415
45418
45420
45423
45427
45429
45432
45433
45434
45436
45437
45444
45448
45449
45451
45457
45467
45475
45478
45481
45489
45493
45497
45498
45504
45507
45514
45519
45523
45527
45530
45531
45535
45541
45544
45548
45550
45557
45566
45567
45578
45580
45581
45582
45586
45588
45592
45593
45600
45601
45604
45605
45607
45610
45612
45616
45617
45619
45627
45629
45634
45638
45645
45651
45652
45659
45660
45661
45664
45669
45675
45676
45678
45680
45682
45684
45692
45694
45697
45700
45709
45712
45715
45724
45734
45736
45740
45744
45753
45755
45764
45768
45773
45774
45782
45792
45800
45801
45802
45810
45812
45814
45815
45818
45826
45827
45835
45836
45838
45841
45861
45877
45883
45885
45886
45892
45893
45895
45900
45902
45905
45908
45915
45920
45921
45922
45926
45928
45932
45933
45938
45939
45942
45944
45946
45948
45953
45956
45957
45962
45964
45969
45971
45981
45982
45989
45990
45991
45992
45994
45995
46011
46013
46022
46025
46027
46028
46029
46033
46034
46035
46042
46043
46053
46057
46058
46072
46097
46099
46100
46106
46111
46115
46121
46132
46134
46140
46145
46146
46147
46148
46151
46152
46153
46158
46159
46168
46177
46179
46184
46194
46196
46200
46205
46211
46212
46215
46222
46223
46225
46229
46231
46233
46236
46238
46245
46246
46247
46250
46252
46258
46262
46265
46272
46275
46276
46277
46281
46282
46286
46295
46300
46301
46312
46313
46319
46321
46322
46331
46332
46336
46338
46339
46340
46348
46349
46355
46356
46357
46361
46362
46363
46365
46366
46371
46372
46376
46378
46403
46410
46415
46420
46423
46424
46434
46436
46437
46448
46449
46453
46457
46463
46464
46467
46486
46490
46491
46493
46494
46497
46498
46505
46509
46510
46512
46514
46515
46517
46519
46520
46524
46525
46527
46544
46550
46553
46557
46565
46573
46579
46581
46588
46593
46595
46605
46608
46625
46627
46633
46638
46640
46641
46644
46648
46649
46657
46659
46660
46663
46667
46668
46671
46673
46675
46677
46679
46686
46689
46693
46699
46709
46714
46717
46734
46735
46738
46741
46744
46747
46751
46754
46755
46756
46759
46760
46764
46781
46782
46785
46794
46796
46797
46799
46802
46804
46805
46809
46811
46812
46813
46818
46826
46832
46835
46837
46839
46840
46850
46862
46864
46873
46876
46884
46886
46887
46888
46890
46893
46903
46905
46909
46910
46913
46926
46928
46930
46945
46950
46952
46956
46957
46961
46965
46973
46980
46982
46984
46986
46991
46992
46995
46996
46997
47000
47001
47004
47007
47013
47016
47030
47036
47044
47045
47052
47054
47064
47065
47066
47067
47071
47077
47082
47083
47087
47088
47090
47094
47095
47107
47113
47116
47120
47121
47123
47129
47132
47156
47158
47168
47171
47175
47176
47181
47185
47193
47198
47200
47204
47210
47211
47215
47216
47229
47230
47232
47237
47238
47239
47248
47254
47255
47256
47259
47265
47268
47272
47273
47276
47280
47288
47289
47296
47297
47298
47302
47304
47308
47316
47317
47318
47319
47320
47321
47330
47331
47335
47336
47337
47339
47341
47344
47345
47346
47348
47357
47366
47368
47376
47378
47379
47380
47384
47387
47390
47391
47394
47395
47397
47398
47402
47406
47407
47412
47415
47417
47419
47420
47422
47424
47430
47431
47432
47434
47435
47446
47447
47450
47463
47465
47470
47476
47479
47480
47481
47484
47485
47489
47491
47502
47506
47509
47512
47518
47520
47521
47524
47526
47527
47535
47541
47543
47556
47560
47568
47571
47580
47583
47585
47594
47600
47608
47609
47612
47623
47637
47640
47647
47655
47656
47662
47663
47667
47676
47679
47685
47688
47692
47695
47703
47720
47723
47731
47733
47737
47741
47749
47751
47756
47760
47764
47766
47771
47777
47779
47780
47781
47784
47785
47797
47799
47803
47807
47810
47814
47815
47820
47821
47828
47830
47835
47837
47844
47846
47862
47872
47880
47881
47884
47887
47890
47896
47898
47901
47904
47905
47906
47912
47916
47918
47920
47921
47922
47924
47929
47939
47940
47947
47953
47954
47964
47970
47974
47977
47981
47983
48004
48006
48007
48010
48017
48019
48021
48024
48025
48030
48034
48038
48039
48044
48049
48053
48055
48058
48059
48063
48069
48071
48074
48077
48079
48083
48084
48095
48107
48108
48109
48110
48124
48127
48129
48139
48143
48146
48156
48160
48164
48165
48166
48167
48169
48178
48183
48184
48185
48194
48197
48200
48201
48203
48205
48212
48218
48222
48223
48229
48235
48242
48245
48246
48248
48250
48259
48260
48268
48269
48270
48275
48286
48291
48294
48299
48309
48312
48313
48318
48324
48345
48352
48357
48358
48361
48362
48364
48366
48370
48371
48374
48375
48376
48377
48378
48390
48391
48394
48399
48400
48402
48405
48412
48415
48418
48421
48423
48425
48429
48431
48432
48434
48437
48448
48450
48451
48464
48465
48477
48479
48483
48484
48486
48489
48490
48501
48503
48504
48506
48508
48512
48513
48514
48523
48538
48539
48542
48551
48554
48560
48571
48572
48578
48587
48588
48590
48591
48595
48604
48609
48616
48617
48622
48625
48626
48630
48636
48638
48640
48641
48644
48651
48657
48660
48664
48665
48667
48668
48672
48676
48678
48680
48681
48688
48708
48709
48712
48714
48719
48721
48727
48728
48731
48733
48735
48737
48741
48744
48746
48754
48759
48760
48763
48771
48772
48774
48782
48785
48786
48790
48791
48792
48796
48798
48803
48808
48810
48813
48816
48823
48824
48828
48832
48833
48839
48849
48850
48858
48861
48865
48867
48868
48869
48872
48875
48879
48881
48882
48884
48885
48886
48888
48892
48894
48896
48897
48900
48902
48906
48907
48911
48915
48917
48919
48926
48931
48934
48936
48937
48941
48947
48949
48951
48953
48955
48961
48962
48964
48973
48974
48977
48981
48983
48985
48996
49002
49006
49011
49013
49014
49015
49019
49021
49022
49026
49033
49039
49040
49041
49055
49057
49060
49061
49063
49068
49071
49075
49077
49078
49080
49081
49082
49083
49084
49087
49090
49095
49097
49101
49108
49109
49112
49114
49119
49121
49123
49124
49130
49132
49135
49152
49158
49160
49161
49167
49168
49171
49174
49175
49180
49182
49183
49186
49196
49203
49204
49207
49209
49211
49223
49224
49225
49226
49228
49230
49235
49239
49240
49241
49242
49249
49262
49265
49270
49275
49286
49293
49294
49296
49297
49305
49308
49313
49316
49320
49322
49328
49331
49333
49335
49339
49342
49345
49348
49358
49365
49367
49381
49386
49388
49394
49398
49410
49412
49421
49432
49433
49436
49443
49448
49453
49460
49466
49472
49474
49478
49488
49489
49490
49492
49509
49516
49525
49537
49540
49543
49545
49547
49548
49549
49553
49555
49566
49573
49575
49580
49583
49584
49589
49590
49591
49599
49601
49604
49608
49612
49615
49617
49619
49628
49629
49631
49634
49637
49646
49650
49651
49656
49657
49663
49667
49670
49671
49673
49677
49678
49680
49685
49691
49692
49696
49698
49706
49713
49726
49727
49728
49730
49735
49748
49749
49762
49765
49766
49773
49780
49781
49783
49785
49792
49798
49802
49806
49816
49820
49823
49841
49848
49849
49851
49852
49854
49861
49862
49870
49874
49879
49886
49889
49892
49893
49903
49905
49912
49921
49922
49925
49928
49934
49937
49951
49953
49955
49960
49968
49970
49973
49974
49977
49981
49982
49997
49998
50001
50009
50011
50026
50036
50042
50043
50045
50052
50055
50058
50060
50064
50067
50070
50075
50082
50087
50090
50091
50093
50097
50099
50109
50112
50113
50120
50124
50125
50136
50140
50142
50145
50149
50150
50159
50162
50165
50180
50183
50188
50192
50205
50213
50215
50216
50220
50225
50226
50227
50239
50242
50244
50245
50246
50253
50255
50256
50257
50259
50262
50266
50268
50270
50271
50273
50274
50275
50276
50277
50285
50287
50289
50290
50291
50292
50294
50295
50297
50298
50304
50307
50308
50318
50319
50322
50323
50325
50333
50334
50340
50346
50350
50351
50353
50356
50358
50368
50375
50376
50378
50380
50383
50390
50394
50395
50397
50398
50418
50419
50424
50426
50427
50432
50434
50439
50440
50444
50446
50448
50456
50461
50466
50467
50471
50478
50483
50488
50489
50496
50501
50506
50507
50513
50521
50522
50525
50527
50535
50540
50542
50544
50553
50558
50559
50564
50571
50575
50580
50582
50593
50595
50596
50598
50605
50609
50611
50612
50614
50619
50620
50623
50627
50631
50633
50638
50639
50641
50644
50645
50647
50657
50667
50676
50682
50688
50690
50695
50700
50706
50707
50712
50713
50728
50730
50731
50741
50744
50749
50757
50759
50760
50763
50770
50771
50773
50780
50784
50787
50788
50791
50796
50799
50802
50803
50814
50818
50819
50820
50831
50837
50838
50840
50843
50844
50845
50849
50856
50867
50869
50889
50892
50894
50901
50903
50906
50908
50918
50921
50923
50926
50927
50930
50933
50941
50943
50944
50945
50953
50954
50956
50962
50967
50977
50982
50986
50987
50990
50993
50995
50996
51001
51002
51003
51009
51012
51015
51022
51023
51025
51027
51037
51039
51045
51046
51047
51050
51052
51054
51055
51059
51063
51065
51067
51068
51069
51070
51074
51080
51085
51088
51089
51102
51105
51116
51120
51121
51123
51127
51129
51131
51138
51141
51147
51166
51168
51170
51172
51181
51182
51198
51200
51206
51209
51211
51212
51214
51215
51216
51221
51222
51223
51224
51226
51229
51231
51233
51235
51236
51243
51246
51254
51257
51259
51269
51273
51282
51283
51287
51307
51310
51311
51314
51316
51326
51327
51332
51337
51338
51346
51349
51352
51354
51357
51360
51363
51366
51373
51379
51382
51383
51385
51402
51403
51406
51407
51413
51421
51425
51428
51429
51431
51452
51455
51456
51461
51465
51469
51476
51486
51494
51496
51506
51507
51512
51516
51519
51521
51525
51527
51528
51529
51533
51534
51549
51551
51558
51569
51576
51579
51583
51593
51594
51599
51603
51606
51612
51613
51620
51622
51624
51627
51632
51633
51637
51642
51644
51648
51653
51656
51659
51661
51663
51666
51668
51671
51682
51688
51691
51692
51693
51698
51699
51701
51702
51708
51710
51712
51714
51719
51721
51723
51724
51725
51731
51739
51749
51750
51755
51758
51761
51763
51766
51770
51774
51775
51781
51789
51794
51801
51804
51817
51820
51830
51840
51842
51848
51852
51854
51862
51863
51880
51881
51888
51891
51896
51909
51914
51915
51927
51929
51931
51934
51935
51938
51939
51948
51951
51954
51957
51959
51961
51974
51975
51978
51980
51981
51982
51991
51993
51996
51997
51998
51999
52003
52013
52018
52022
52025
52026
52041
52045
52049
52058
52061
52063
52067
52068
52073
52077
52079
52082
52087
52090
52094
52099
52105
52117
52120
52125
52127
52132
52135
52140
52143
52144
52145
52146
52149
52167
52168
52182
52187
52189
52190
52196
52198
52205
52206
52207
52213
52220
52221
52227
52230
52234
52236
52240
52247
52254
52260
52265
52266
52268
52270
52272
52274
52277
52278
52280
52282
52283
52284
52287
52293
52295
52298
52302
52307
52311
52323
52325
52327
52328
52330
52332
52333
52337
52345
52347
52349
52351
52352
52360
52361
52363
52364
52372
52376
52378
52379
52381
52383
52384
52386
52387
52388
52400
52406
52407
52411
52413
52417
52418
52424
52426
52433
52435
52439
52452
52454
52457
52458
52459
52463
52464
52465
52474
52477
52478
52483
52489
52490
52493
52494
52496
52497
52498
52499
52501
52502
52507
52514
52516
52521
52531
52532
52535
52537
52542
52550
52551
52552
52555
52558
52562
52565
52566
52567
52568
52573
52574
52577
52581
52585
52587
52591
52592
52593
52601
52602
52615
52619
52621
52622
52626
52633
52636
52637
52643
52644
52647
52648
52650
52652
52654
52657
52658
52665
52667
52668
52669
52672
52673
52677
52680
52682
52688
52690
52693
52694
52698
52701
52704
52712
52714
52717
52720
52722
52727
52728
52730
52732
52739
52747
52764
52774
52780
52783
52787
52791
52797
52801
52811
52819
52820
52824
52825
52828
52834
52846
52853
52859
52861
52867
52868
52870
52871
52874
52879
52881
52883
52896
52898
52902
52907
52912
52918
52919
52932
52940
52941
52942
52948
52949
52950
52951
52953
52954
52960
52967
52968
52969
52975
52976
52981
52982
52986
52992
53005
53014
53016
53017
53019
53020
53021
53023
53026
53030
53036
53047
53052
53057
53058
53070
53071
53073
53074
53078
53079
53087
53088
53090
53091
53093
53098
53100
53102
53105
53106
53109
53110
53111
53112
53125
53130
53132
53137
53140
53143
53147
53157
53164
53165
53169
53173
53174
53177
53178
53179
53183
53193
53194
53199
53213
53214
53217
53218
53219
53220
53222
53223
53227
53229
53235
53241
53245
53247
53262
53270
53275
53280
53282
53293
53297
53300
53302
53306
53307
53319
53324
53328
53331
53332
53334
53336
53338
53339
53344
53347
53350
53352
53356
53360
53361
53362
53365
53371
53373
53377
53379
53384
53386
53387
53397
53403
53405
53408
53411
53425
53428
53429
53438
53443
53444
53450
53453
53462
53464
53465
53472
53480
53481
53489
53506
53511
53516
53518
53521
53533
53535
53541
53542
53546
53547
53549
53559
53564
53569
53580
53584
53585
53586
53587
53589
53593
53598
53608
53609
53610
53612
53616
53619
53620
53625
53626
53628
53629
53637
53640
53641
53646
53648
53654
53655
53656
53658
53660
53664
53667
53674
53680
53688
53692
53695
53696
53701
53707
53712
53715
53718
53720
53722
53726
53727
53729
53731
53736
53737
53739
53750
53753
53760
53763
53765
53767
53769
53774
53778
53784
53785
53786
53788
53790
53791
53795
53797
53798
53799
53801
53802
53807
53811
53813
53814
53815
53816
53822
53825
53833
53836
53838
53840
53848
53855
53856
53861
53867
53881
53883
53889
53893
53894
53897
53899
53900
53904
53909
53910
53912
53916
53927
53929
53939
53941
53945
53946
53948
53951
53958
53959
53960
53964
53965
53966
53972
53978
53982
53988
53989
53990
53999
54006
54013
54015
54016
54017
54027
54031
54035
54038
54052
54055
54058
54059
54060
54068
54070
54071
54075
54079
54082
54087
54092
54098
54100
54102
54107
54108
54111
54116
54119
54125
54126
54127
54131
54136
54139
54140
54145
54149
54152
54155
54160
54162
54166
54167
54168
54170
54174
54176
54181
54188
54189
54190
54194
54199
54210
54211
54214
54215
54216
54218
54221
54223
54224
54226
54231
54232
54236
54243
54250
54255
54260
54261
54263
54264
54270
54278
54279
54280
54283
54292
54294
54297
54298
54299
54300
54309
54313
54316
54319
54322
54324
54326
54328
54329
54331
54339
54344
54345
54349
54352
54355
54361
54365
54372
54375
54377
54380
54384
54393
54403
54412
54414
54417
54427
54429
54435
54437
54440
54442
54443
54445
54453
54456
54457
54459
54463
54465
54466
54475
54477
54478
54482
54485
54486
54487
54488
54490
54493
54495
54499
54503
54505
54507
54515
54516
54517
54519
54522
54525
54526
54540
54541
54551
54553
54558
54564
54567
54569
54574
54576
54578
54579
54583
54586
54599
54600
54606
54607
54622
54627
54630
54637
54638
54644
54645
54646
54655
54656
54662
54665
54666
54675
54677
54689
54690
54692
54697
54698
54705
54710
54711
54714
54719
54722
54724
54727
54733
54735
54736
54738
54740
54745
54746
54748
54760
54764
54767
54772
54774
54781
54782
54789
54790
54800
54805
54806
54809
54813
54816
54818
54822
54823
54828
54831
54833
54834
54839
54840
54841
54842
54843
54847
54858
54860
54861
54862
54868
54869
54871
54877
54885
54886
54887
54894
54902
54906
54909
54918
54920
54921
54927
54930
54931
54937
54939
54943
54949
54951
54954
54959
54961
54967
54970
54973
54976
54981
54983
54986
54991
54996
54998
55001
55002
55003
55004
55005
55006
55024
55026
55030
55038
55041
55051
55061
55068
55070
55072
55073
55085
55092
55093
55097
55103
55105
55107
55108
55111
55113
55119
55121
55123
55125
55128
55131
55134
55140
55144
55145
55147
55149
55151
55152
55154
55155
55163
55167
55168
55169
55173
55177
55182
55198
55201
55203
55206
55215
55218
55220
55236
55237
55242
55247
55259
55260
55261
55264
55265
55267
55276
55278
55280
55286
55288
55289
55296
55304
55309
55313
55318
55319
55324
55332
55333
55334
55336
55339
55345
55353
55362
55366
55369
55370
55373
55377
55383
55385
55390
55391
55395
55396
55403
55404
55409
55412
55414
55415
55418
55424
55434
55444
55452
55453
55454
55461
55464
55470
55473
55474
55483
55484
55486
55490
55491
55493
55497
55501
55502
55504
55506
55511
55514
55516
55517
55518
55519
55524
55527
55532
55534
55536
55542
55545
55549
55553
55555
55557
55560
55564
55567
55568
55571
55572
55579
55580
55585
55586
55593
55594
55596
55597
55598
55611
55614
55628
55629
55630
55637
55639
55642
55645
55653
55655
55660
55664
55670
55672
55683
55684
55688
55689
55690
55696
55698
55700
55701
55705
55712
55715
55726
55728
55732
55737
55738
55743
55744
55746
55747
55748
55750
55752
55758
55761
55763
55766
55767
55772
55773
55776
55778
55782
55785
55789
55792
55793
55795
55796
55797
55798
55800
55806
55808
55813
55818
55819
55821
55825
55832
55834
55835
55840
55842
55843
55846
55849
55851
55855
55859
55863
55875
55880
55881
55882
55887
55890
55893
55894
55898
55899
55903
55906
55908
55915
55917
55931
55932
55935
55936
55938
55943
55946
55957
55962
55963
55965
55967
55968
55971
55976
55977
55978
55982
55992
55996
55999
56001
56003
56006
56009
56012
56022
56024
56033
56040
56041
56045
56048
56054
56066
56069
56074
56078
56082
56084
56085
56087
56089
56090
56094
56103
56104
56107
56108
56113
56117
56119
56123
56124
56125
56127
56133
56134
56136
56137
56138
56139
56143
56155
56161
56168
56170
56172
56179
56180
56184
56189
56194
56205
56209
56214
56215
56232
56235
56244
56249
56253
56256
56257
56261
56262
56263
56264
56268
56271
56274
56284
56288
56293
56298
56301
56304
56309
56316
56327
56330
56340
56342
56343
56345
56346
56351
56353
56359
56360
56362
56367
56371
56372
56373
56378
56381
56384
56386
56387
56391
56411
56419
56423
56428
56430
56441
56442
56445
56446
56452
56455
56457
56458
56459
56461
56473
56474
56477
56482
56484
56485
56489
56493
56497
56498
56499
56500
56503
56504
56505
56508
56512
56516
56517
56518
56521
56522
56525
56527
56539
56547
56550
56552
56554
56555
56559
56561
56562
56565
56566
56580
56587
56591
56594
56599
56602
56603
56612
56623
56625
56626
56629
56632
56636
56637
56639
56640
56641
56642
56644
56646
56649
56652
56657
56660
56661
56664
56666
56668
56672
56673
56674
56675
56677
56682
56689
56696
56697
56714
56718
56722
56730
56735
56737
56741
56746
56754
56757
56762
56765
56766
56770
56771
56774
56780
56782
56784
56794
56799
56804
56805
56806
56809
56812
56827
56832
56833
56834
56836
56841
56846
56848
56849
56853
56854
56855
56856
56867
56872
56878
56881
56882
56896
56898
56899
56908
56909
56910
56913
56914
56922
56926
56928
56929
56930
56934
56939
56942
56943
56957
56963
56965
56966
56969
56973
56977
56984
56987
56996
56997
56998
57003
57007
57008
57013
57019
57028
57029
57031
57035
57038
57048
57056
57059
57061
57068
57070
57071
57075
57077
57078
57080
57086
57088
57093
57111
57114
57117
57120
57129
57131
57133
57139
57148
57151
57152
57159
57162
57173
57175
57182
57185
57192
57193
57196
57197
57198
57200
57202
57206
57209
57210
57213
57217
57218
57223
57225
57229
57230
57232
57233
57239
57244
57246
57248
57249
57256
57257
57259
57263
57264
57266
57272
57275
57277
57281
57286
57288
57291
57293
57294
57301
57305
57306
57310
57313
57321
57327
57328
57336
57337
57338
57340
57341
57343
57344
57346
57347
57349
57352
57358
57371
57376
57385
57386
57389
57399
57401
57404
57412
57416
57417
57423
57428
57440
57445
57446
57456
57457
57461
57462
57464
57466
57469
57477
57484
57485
57486
57487
57493
57501
57502
57503
57507
57513
57517
57520
57527
57531
57532
57535
57549
57556
57560
57561
57567
57571
57572
57573
57579
57583
57586
57588
57596
57601
57604
57606
57607
57610
57616
57621
57624
57627
57629
57633
57634
57639
57641
57653
57658
57661
57666
57667
57669
57677
57683
57690
57694
57698
57700
57711
57718
57721
57724
57735
57736
57739
57741
57742
57744
57748
57753
57754
57759
57761
57763
57765
57767
57771
57776
57780
57783
57787
57788
57792
57793
57796
57799
57801
57803
57806
57807
57811
57834
57837
57838
57839
57847
57854
57855
57857
57858
57865
57866
57869
57870
57873
57875
57889
57890
57891
57897
57901
57902
57903
57904
57907
57908
57914
57915
57925
57929
57933
57939
57945
57946
57959
57961
57965
57971
57977
57984
57987
57989
57991
58002
58003
58004
58010
58011
58014
58015
58017
58019
58020
58022
58029
58030
58038
58047
58056
58061
58062
58065
58068
58072
58077
58082
58092
58097
58099
58105
58106
58107
58112
58114
58115
58121
58124
58125
58127
58130
58133
58134
58135
58136
58138
58140
58142
58147
58154
58157
58159
58160
58163
58166
58167
58170
58172
58174
58176
58178
58179
58181
58184
58187
58191
58192
58193
58200
58211
58212
58216
58217
58218
58225
58231
58239
58241
58253
58255
58260
58267
58270
58275
58278
58280
58283
58290
58293
58300
58304
58306
58308
58311
58313
58316
58317
58323
58325
58330
58331
58332
58335
58336
58340
58341
58348
58349
58363
58364
58365
58369
58385
58386
58387
58392
58396
58402
58405
58407
58409
58410
58415
58419
58422
58423
58425
58432
58436
58437
58442
58445
58447
58451
58458
58465
58470
58473
58480
58484
58485
58493
58506
58513
58520
58523
58529
58531
58534
58535
58537
58540
58546
58548
58550
58552
58554
58561
58564
58567
58574
58605
58606
58608
58610
58611
58615
58616
58625
58629
58641
58645
58648
58649
58650
58654
58657
58660
58661
58668
58669
58674
58676
58679
58684
58685
58686
58691
58692
58694
58697
58704
58705
58706
58716
58719
58723
58727
58729
58733
58738
58739
58740
58754
58756
58758
58762
58768
58771
58775
58779
58786
58790
58791
58793
58794
58807
58810
58815
58822
58823
58825
58829
58831
58833
58834
58841
58847
58849
58856
58878
58880
58885
58889
58894
58895
58898
58901
58907
58908
58912
58915
58919
58922
58928
58930
58934
58935
58940
58943
58944
58945
58955
58964
58966
58969
58975
58977
58978
58982
58983
58985
58987
58989
58992
58998
59002
59004
59005
59009
59010
59013
59018
59027
59041
59045
59059
59062
59063
59074
59076
59082
59083
59084
59092
59096
59102
59105
59108
59110
59113
59114
59119
59121
59122
59132
59134
59141
59142
59144
59150
59151
59152
59159
59161
59163
59165
59166
59183
59185
59190
59192
59193
59207
59211
59212
59214
59216
59220
59221
59222
59224
59226
59231
59237
59243
59247
59257
59258
59266
59269
59274
59278
59283
59285
59287
59297
59304
59308
59313
59315
59325
59328
59330
59334
59336
59340
59345
59347
59352
59355
59361
59365
59366
59372
59378
59388
59391
59394
59396
59398
59402
59406
59407
59415
59422
59429
59430
59431
59432
59433
59438
59440
59443
59448
59453
59476
59479
59480
59486
59487
59489
59490
59491
59502
59507
59514
59518
59519
59523
59524
59525
59529
59530
59531
59532
59536
59537
59541
59549
59551
59553
59562
59565
59566
59571
59581
59584
59589
59592
59596
59599
59600
59602
59605
59617
59624
59626
59628
59630
59642
59648
59649
59659
59665
59672
59673
59678
59680
59683
59691
59694
59698
59701
59704
59706
59710
59715
59717
59720
59726
59735
59736
59745
59746
59748
59751
59752
59753
59754
59772
59775
59778
59779
59781
59782
59785
59792
59796
59801
59803
59804
59809
59814
59815
59816
59842
59845
59847
59853
59854
59855
59857
59863
59864
59876
59877
59880
59890
59893
59895
59907
59913
59920
59933
59938
59939
59940
59946
59961
59965
59968
59973
59980
59981
59985
59986
59990
59992
59998
60001
60002
60006
60008
60009
60010
60011
60015
60017
60020
60024
60025
60027
60031
60032
60033
60039
60040
60042
60043
60046
60047
60048
60049
60052
60054
60055
60058
60063
60071
60073
60076
60082
60089
60090
60095
60102
60103
60104
60105
60106
60109
60114
60118
60123
60126
60131
60132
60140
60147
60150
60152
60153
60156
60159
60163
60165
60166
60170
60175
60182
60187
60200
60215
60217
60218
60220
60224
60227
60232
60240
60243
60244
60250
60256
60275
60282
60283
60285
60286
60291
60292
60302
60303
60304
60306
60307
60309
60315
60329
60332
60335
60337
60343
60358
60360
60363
60364
60365
60368
60371
60372
60375
60380
60382
60384
60385
60390
60391
60392
60397
60404
60407
60423
60427
60431
60434
60435
60439
60443
60444
60447
60449
60451
60452
60458
60466
60468
60472
60474
60475
60481
60486
60490
60495
60505
60507
60511
60517
60521
60523
60530
60534
60558
60559
60568
60571
60574
60579
60586
60590
60591
60592
60594
60595
60598
60600
60607
60609
60610
60622
60624
60631
60632
60637
60639
60647
60648
60650
60654
60663
60665
60671
60677
60682
60683
60687
60692
60698
60707
60708
60711
60714
60715
60717
60718
60722
60724
60727
60728
60731
60733
60734
60735
60738
60748
60749
60750
60751
60757
60758
60761
60765
60776
60777
60782
60783
60784
60793
60794
60795
60800
60804
60810
60813
60814
60820
60822
60825
60830
60848
60851
60853
60855
60864
60873
60880
60884
60888
60892
60894
60902
60905
60914
60917
60919
60931
60933
60937
60943
60946
60948
60949
60954
60958
60959
60967
60975
60976
60980
60986
60989
60990
60997
60998
61000
61004
61006
61010
61017
61026
61030
61040
61041
61043
61044
61046
61050
61051
61052
61056
61057
61059
61063
61067
61068
61072
61076
61078
61086
61098
61099
61109
61111
61113
61114
61116
61117
61118
61121
61137
61146
61152
61157
61171
61173
61179
61183
61184
61194
61198
61200
61201
61207
61209
61213
61214
61218
61223
61224
61225
61228
61238
61251
61252
61253
61255
61258
61260
61276
61278
61294
61296
61298
61299
61300
61301
61307
61309
61310
61311
61314
61324
61325
61326
61327
61329
61341
61344
61346
61348
61350
61352
61353
61355
61357
61364
61375
61376
61377
61378
61381
61385
61402
61411
61412
61416
61418
61420
61438
61440
61442
61443
61445
61447
61448
61450
61451
61452
61454
61456
61458
61461
61462
61465
61470
61472
61473
61479
61482
61484
61488
61490
61494
61497
61498
61500
61507
61509
61512
61513
61517
61519
61520
61523
61524
61525
61526
61534
61536
61540
61544
61554
61558
61559
61566
61568
61571
61586
61588
61589
61590
61594
61595
61596
61603
61604
61607
61608
61610
61612
61616
61618
61622
61624
61626
61632
61634
61642
61647
61652
61653
61657
61659
61662
61674
61682
61686
61687
61688
61692
61693
61700
61706
61709
61710
61712
61713
61716
61717
61718
61725
61726
61727
61730
61734
61740
61744
61749
61751
61752
61757
61759
61763
61766
61769
61771
61772
61773
61774
61776
61792
61793
61795
61799
61801
61802
61803
61810
61815
61820
61823
61826
61827
61832
61837
61838
61847
61857
61861
61862
61874
61875
61885
61893
61895
61896
61897
61907
61908
61910
61913
61919
61920
61926
61929
61950
61952
61955
61960
61964
61972
61974
61975
61979
61982
61983
61984
61987
61995
61996
61999
62003
62005
62006
62007
62014
62019
62026
62030
62031
62037
62038
62039
62046
62049
62050
62061
62062
62063
62068
62069
62072
62079
62082
62083
62087
62096
62097
62102
62103
62107
62109
62123
62124
62126
62128
62130
62133
62134
62136
62137
62142
62151
62154
62164
62173
62174
62178
62179
62180
62184
62191
62197
62206
62210
62213
62215
62222
62231
62233
62234
62236
62238
62239
62240
62254
62260
62263
62267
62269
62273
62274
62281
62286
62291
62297
62300
62301
62302
62304
62315
62321
62325
62327
62328
62337
62343
62349
62352
62360
62361
62365
62369
62372
62374
62386
62387
62396
62397
62398
62401
62403
62404
62405
62414
62424
62426
62430
62433
62435
62443
62444
62445
62448
62460
62463
62464
62465
62473
62478
62490
62491
62496
62497
62498
62504
62507
62508
62510
62511
62512
62526
62537
62539
62540
62542
62549
62550
62551
62557
62558
62563
62564
62568
62571
62575
62576
62580
62589
62592
62600
62608
62609
62614
62616
62621
62622
62623
62632
62633
62636
62645
62652
62661
62663
62666
62667
62673
62676
62681
62690
62696
62698
62700
62717
62719
62725
62726
62729
62730
62738
62740
62745
62746
62748
62752
62753
62757
62760
62766
62769
62772
62774
62783
62785
62789
62790
62791
62809
62811
62812
62818
62819
62821
62827
62834
62848
62850
62855
62861
62862
62869
62870
62872
62874
62877
62881
62883
62888
62891
62897
62902
62905
62906
62907
62911
62913
62914
62917
62924
62934
62939
62949
62954
62955
62961
62966
62969
62970
62977
62979
62980
62991
62999
63009
63012
63018
63021
63022
63032
63040
63041
63044
63050
63058
63060
63062
63063
63065
63070
63072
63076
63079
63084
63093
63100
63102
63104
63105
63107
63109
63113
63114
63117
63125
63126
63128
63139
63140
63145
63146
63147
63156
63158
63161
63163
63166
63172
63174
63177
63182
63185
63194
63197
63198
63199
63209
63225
63226
63229
63230
63233
63236
63242
63247
63251
63254
63258
63259
63260
63264
63267
63271
63272
63274
63275
63276
63277
63284
63286
63289
63296
63300
63301
63303
63304
63305
63309
63316
63320
63321
63328
63330
63332
63335
63336
63341
63345
63361
63368
63370
63372
63379
63381
63390
63391
63395
63397
63398
63402
63407
63409
63416
63417
63421
63423
63424
63429
63433
63437
63438
63441
63444
63446
63451
63456
63460
63465
63467
63473
63474
63475
63477
63478
63481
63484
63492
63494
63496
63497
63500
63501
63505
63521
63540
63545
63547
63549
63559
63560
63563
63565
63571
63576
63577
63583
63584
63586
63587
63590
63598
63602
63605
63614
63623
63626
63628
63634
63640
63649
63652
63655
63657
63658
63662
63666
63668
63669
63670
63673
63676
63689
63692
63693
63695
63699
63700
63708
63712
63716
63720
63722
63723
63727
63728
63731
63734
63750
63759
63761
63765
63768
63774
63775
63778
63782
63807
63813
63814
63815
63824
63833
63835
63837
63839
63841
63843
63845
63846
63848
63849
63852
63853
63864
63873
63881
63882
63883
63889
63890
63897
63906
63907
63914
63918
63922
63931
63937
63941
63942
63951
63953
63958
63959
63965
63969
63970
63974
63975
63976
63979
63981
63983
63984
63990
63991
63993
64007
64013
64014
64017
64018
64022
64023
64024
64025
64037
64038
64041
64044
64045
64046
64047
64049
64051
64053
64054
64057
64060
64062
64063
64064
64069
64078
64082
64084
64092
64093
64102
64108
64109
64110
64122
64127
64132
64135
64137
64143
64144
64145
64158
64160
64163
64169
64175
64177
64178
64180
64198
64200
64207
64209
64215
64217
64225
64226
64233
64236
64238
64239
64245
64246
64252
64253
64256
64258
64267
64271
64274
64277
64287
64289
64297
64305
64309
64312
64315
64321
64323
64335
64342
64350
64352
64355
64358
64359
64361
64362
64364
64366
64377
64388
64391
64395
64398
64404
64410
64411
64414
64417
64419
64422
64425
64426
64430
64432
64436
64443
64444
64447
64450
64457
64467
64472
64473
64475
64478
64484
64492
64493
64494
64496
64497
64501
64506
64509
64511
64516
64523
64527
64533
64534
64538
64542
64544
64545
64546
64547
64553
64554
64564
64565
64569
64572
64576
64578
64583
64590
64593
64597
64598
64602
64604
64610
64615
64618
64622
64628
64637
64640
64642
64643
64645
64647
64650
64657
64660
64661
64662
64669
64676
64687
64688
64690
64700
64705
64706
64714
64715
64718
64719
64723
64730
64734
64742
64744
64745
64746
64748
64750
64751
64755
64767
64772
64791
64796
64799
64810
64813
64814
64824
64830
64834
64837
64840
64851
64852
64856
64867
64868
64882
64889
64895
64897
64898
64901
64903
64913
64929
64931
64935
64937
64945
64948
64953
64954
64956
64959
64962
64967
64972
64973
64976
64994
64998
65000
65017
65028
65035
65041
65052
65053
65058
65060
65071
65072
65079
65083
65085
65091
65096
65104
65114
65115
65116
65122
65126
65136
65138
65144
65150
65151
65161
65163
65167
65168
65172
65174
65177
65178
65180
65181
65185
65186
65187
65189
65197
65198
65200
65204
65206
65208
65209
65211
65222
65230
65232
65236
65237
65242
65245
65248
65255
65260
65262
65263
65266
65270
65280
65299
65307
65308
65310
65313
65326
65330
65337
65339
65341
65345
65351
65352
65356
65361
65367
65368
65369
65373
65374
65375
65377
65381
65387
65388
65402
65404
65412
65426
65428
65430
65437
65438
65439
65444
65452
65462
65464
65467
65470
65475
65479
65489
65491
65501
65502
65505
65508
65509
65511
65520
65521
65527
65528
65530
65536
65537
65539
65541
65546
65547
65548
65556
65558
65566
65568
65582
65584
65589
65592
65595
65597
65601
65605
65608
65611
65622
65625
65631
65638
65646
65648
65659
65660
65663
65664
65670
65675
65676
65679
65683
65690
65696
65706
65707
65708
65712
65716
65723
65725
65729
65730
65731
65732
65734
65735
65737
65747
65748
65754
65759
65762
65765
65767
65771
65799
65800
65804
65805
65811
65816
65817
65818
65823
65824
65826
65827
65829
65830
65831
65835
65837
65846
65876
65881
65882
65886
65893
65894
65895
65903
65905
65907
65912
65914
65925
65934
65936
65937
65941
65943
65945
65947
65948
65956
65969
65972
65983
65994
66001
66003
66008
66010
66019
66020
66026
66031
66032
66036
66038
66040
66050
66057
66063
66070
66071
66072
66079
66080
66084
66086
66088
66089
66096
66103
66108
66109
66112
66113
66117
66118
66124
66125
66134
66135
66153
66154
66157
66160
66166
66174
66176
66179
66180
66181
66186
66189
66190
66191
66192
66194
66196
66197
66203
66206
66211
66215
66217
66221
66225
66230
66232
66233
66234
66239
66246
66247
66253
66256
66257
66265
66266
66268
66272
66273
66276
66279
66284
66293
66299
66300
66308
66309
66311
66313
66316
66318
66320
66322
66324
66326
66327
66339
66341
66347
66355
66356
66364
66365
66377
66392
66397
66398
66399
66402
66407
66408
66429
66431
66435
66439
66451
66452
66457
66467
66468
66469
66477
66478
66480
66481
66484
66486
66488
66490
66496
66499
66505
66516
66518
66519
66520
66523
66524
66525
66526
66528
66533
66534
66537
66547
66548
66557
66561
66562
66565
66573
66582
66591
66596
66597
66608
66612
66613
66615
66619
66624
66625
66631
66634
66641
66644
66649
66651
66654
66655
66661
66664
66665
66670
66671
66673
66675
66676
66677
66679
66681
66685
66686
66693
66695
66700
66701
66705
66713
66716
66728
66732
66735
66737
66745
66754
66755
66766
66767
66781
66787
66791
66792
66801
66802
66803
66805
66810
66812
66815
66817
66818
66822
66826
66829
66833
66844
66845
66848
66849
66850
66864
66865
66866
66867
66871
66875
66877
66880
66884
66889
66897
66902
66903
66906
66908
66909
66910
66912
66913
66920
66930
66934
66941
66958
66959
66960
66965
66983
66986
66993
66995
66997
66998
67000
67001
67012
67014
67018
67020
67030
67031
67032
67033
67034
67036
67040
67041
67047
67048
67058
67059
67060
67063
67065
67071
67074
67075
67076
67079
67081
67087
67096
67106
67111
67114
67118
67120
67121
67130
67134
67136
67139
67140
67148
67153
67154
67156
67165
67178
67180
67183
67185
67186
67192
67200
67209
67212
67213
67214
67215
67220
67221
67227
67234
67235
67237
67238
67245
67251
67256
67268
67270
67280
67281
67284
67290
67296
67297
67302
67305
67306
67309
67310
67314
67315
67320
67330
67335
67349
67350
67353
67366
67371
67372
67373
67375
67378
67384
67389
67392
67398
67404
67410
67411
67412
67415
67416
67420
67421
67426
67433
67436
67438
67441
67454
67456
67460
67463
67469
67471
67473
67478
67480
67483
67488
67490
67496
67499
67505
67507
67509
67511
67514
67518
67519
67521
67523
67524
67532
67533
67535
67536
67537
67539
67545
67551
67553
67558
67559
67564
67565
67567
67574
67576
67578
67579
67582
67585
67593
67596
67598
67599
67606
67607
67615
67624
67627
67632
67634
67650
67651
67652
67660
67663
67667
67672
67679
67682
67683
67691
67699
67702
67704
67705
67718
67720
67730
67731
67739
67746
67747
67750
67758
67762
67769
67772
67784
67788
67790
67791
67797
67798
67801
67806
67812
67814
67815
67823
67829
67832
67833
67835
67840
67842
67843
67845
67846
67849
67851
67854
67857
67861
67863
67864
67866
67869
67873
67876
67882
67883
67884
67888
67892
67894
67896
67898
67904
67910
67911
67931
67937
67942
67944
67954
67962
67968
67971
67972
67980
67985
67993
68000
68004
68005
68006
68007
68008
68015
68019
68021
68026
68027
68030
68035
68037
68039
68041
68045
68050
68052
68056
68057
68066
68071
68072
68083
68085
68089
68093
68094
68100
68102
68107
68108
68109
68121
68122
68125
68128
68135
68148
68150
68151
68152
68153
68157
68158
68161
68166
68168
68172
68184
68185
68186
68188
68189
68190
68192
68196
68199
68203
68205
68206
68214
68217
68220
68221
68223
68227
68233
68245
68247
68249
68251
68253
68255
68261
68271
68276
68277
68281
68282
68289
68292
68298
68300
68302
68307
68308
68311
68317
68318
68329
68331
68332
68335
68354
68369
68374
68379
68382
68383
68384
68386
68394
68399
68402
68404
68407
68410
68411
68414
68415
68420
68423
68425
68427
68428
68433
68436
68437
68438
68439
68444
68445
68448
68453
68461
68463
68466
68468
68471
68472
68473
68475
68478
68482
68485
68487
68490
68494
68498
68501
68505
68507
68518
68519
68522
68526
68527
68528
68531
68532
68533
68545
68557
68559
68560
68566
68571
68572
68573
68574
68576
68578
68580
68583
68587
68594
68597
68598
68606
68613
68617
68629
68635
68646
68647
68649
68661
68671
68672
68676
68677
68678
68684
68688
68693
68694
68700
68701
68702
68707
68708
68711
68712
68717
68723
68724
68729
68736
68741
68742
68744
68747
68748
68752
68754
68755
68757
68763
68764
68769
68781
68783
68784
68785
68786
68789
68795
68799
68800
68803
68807
68810
68812
68813
68816
68824
68827
68832
68834
68840
68843
68849
68857
68877
68887
68891
68894
68897
68898
68900
68902
68903
68906
68917
68919
68923
68931
68940
68944
68946
68949
68957
68965
68967
68972
68981
68991
68993
68994
68997
69000
69008
69013
69014
69019
69021
69025
69037
69043
69046
69047
69048
69050
69052
69053
69056
69057
69058
69072
69080
69082
69084
69085
69086
69090
69094
69096
69098
69102
69106
69108
69115
69118
69128
69130
69132
69136
69139
69140
69142
69148
69159
69160
69163
69176
69182
69197
69205
69212
69216
69220
69222
69229
69230
69235
69236
69242
69244
69253
69256
69277
69285
69288
69289
69290
69291
69297
69299
69300
69303
69305
69311
69312
69317
69319
69325
69328
69330
69339
69343
69345
69347
69348
69350
69356
69358
69361
69362
69366
69369
69370
69373
69380
69382
69383
69384
69387
69392
69403
69404
69407
69413
69415
69417
69420
69423
69424
69432
69436
69441
69445
69452
69471
69474
69475
69477
69478
69479
69480
69488
69492
69493
69504
69505
69506
69512
69516
69520
69522
69523
69528
69529
69535
69541
69544
69546
69549
69555
69556
69558
69564
69568
69572
69573
69575
69579
69580
69582
69584
69591
69595
69599
69601
69603
69611
69612
69618
69621
69623
69630
69641
69646
69648
69651
69657
69666
69676
69679
69692
69694
69699
69704
69708
69710
69715
69719
69722
69724
69727
69747
69755
69761
69766
69769
69772
69773
69775
69781
69783
69786
69787
69788
69789
69790
69791
69802
69806
69807
69813
69817
69821
69831
69837
69838
69841
69842
69843
69851
69856
69858
69861
69867
69871
69882
69887
69889
69890
69897
69904
69908
69913
69916
69917
69923
69924
69925
69926
69930
69931
69933
69936
69945
69949
69955
69972
69976
69980
69983
69984
69985
69988
69994
69997
69999
70001
70002
70003
70006
70009
70011
70012
70014
70017
70019
70025
70026
70027
70028
70032
70035
70041
70043
70045
70050
70058
70065
70066
70075
70077
70078
70083
70086
70095
70097
70109
70110
70115
70118
70125
70131
70134
70137
70141
70144
70148
70149
70150
70157
70160
70165
70166
70167
70171
70172
70175
70176
70188
70190
70192
70193
70198
70200
70201
70215
70217
70219
70220
70221
70224
70227
70228
70230
70242
70243
70247
70253
70256
70261
70267
70268
70269
70277
70289
70290
70293
70296
70299
70300
70302
70303
70304
70305
70306
70309
70321
70323
70329
70330
70340
70341
70346
70352
70359
70360
70363
70377
70387
70388
70394
70399
70400
70403
70407
70414
70416
70417
70422
70427
70428
70429
70431
70435
70436
70437
70439
70441
70443
70444
70445
70453
70456
70459
70464
70465
70467
70472
70473
70474
70478
70486
70491
70492
70497
70500
70501
70502
70510
70512
70514
70517
70520
70524
70526
70536
70540
70543
70551
70558
70559
70565
70571
70572
70573
70576
70577
70585
70586
70587
70588
70590
70595
70596
70604
70605
70616
70623
70625
70628
70629
70630
70631
70634
70635
70637
70638
70648
70649
70657
70660
70666
70676
70685
70689
70690
70691
70693
70701
70706
70711
70718
70720
70728
70731
70739
70741
70749
70752
70754
70756
70757
70766
70781
70785
70787
70793
70798
70813
70814
70821
70823
70831
70833
70838
70839
70840
70841
70849
70855
70862
70864
70869
70872
70875
70883
70886
70887
70888
70892
70893
70894
70900
70901
70905
70908
70911
70912
70920
70921
70923
70931
70933
70935
70939
70940
70944
70956
70957
70966
70970
70972
70992
70998
71001
71002
71003
71005
71008
71017
71018
71021
71028
71032
71033
71035
71037
71039
71044
71047
71053
71055
71063
71066
71078
71080
71082
71087
71092
71099
71101
71102
71107
71108
71113
71114
71119
71123
71125
71127
71128
71130
71131
71134
71137
71141
71143
71145
71152
71153
71154
71155
71157
71160
71162
71168
71169
71172
71174
71175
71177
71178
71180
71182
71185
71190
71197
71201
71203
71204
71228
71232
71235
71241
71243
71250
71252
71253
71254
71256
71257
71262
71268
71269
71272
71273
71274
71275
71279
71282
71285
71292
71295
71296
71302
71304
71306
71309
71320
71327
71330
71333
71342
71345
71347
71348
71349
71350
71351
71356
71357
71359
71361
71366
71368
71376
71389
71393
71395
71397
71399
71403
71404
71411
71413
71414
71421
71423
71424
71432
71434
71441
71450
71452
71455
71456
71458
71459
71460
71468
71470
71476
71479
71488
71489
71491
71492
71494
71497
71499
71501
71503
71505
71510
71511
71514
71515
71520
71526
71527
71528
71530
71539
71546
71551
71555
71560
71562
71566
71567
71569
71583
71586
71589
71592
71597
71606
71615
71616
71625
71627
71629
71630
71633
71636
71639
71647
71649
71660
71661
71670
71671
71672
71674
71675
71678
71679
71681
71682
71687
71707
71711
71716
71717
71729
71730
71732
71735
71743
71748
71749
71753
71761
71762
71770
71774
71776
71779
71785
71786
71788
71789
71796
71800
71803
71804
71814
71825
71829
71831
71845
71846
71851
71854
71859
71860
71873
71878
71882
71883
71884
71885
71893
71895
71896
71897
71901
71908
71913
71919
71921
71925
71928
71936
71938
71941
71942
71950
71951
71955
71957
71964
71967
71970
71977
71978
71980
71985
71986
71991
71994
71998
72000
72010
72012
72013
72018
72020
72021
72030
72034
72036
72050
72052
72056
72060
72061
72068
72072
72073
72074
72083
72085
72090
72092
72093
72094
72096
72101
72102
72103
72105
72106
72107
72113
72118
72119
72121
72123
72125
72135
72141
72142
72150
72151
72154
72155
72161
72162
72163
72166
72172
72173
72176
72177
72180
72181
72186
72191
72198
72204
72208
72209
72227
72231
72232
72235
72239
72247
72249
72260
72266
72281
72282
72283
72285
72286
72287
72292
72299
72305
72320
72324
72326
72327
72333
72335
72342
72348
72349
72350
72355
72362
72376
72378
72379
72382
72387
72389
72393
72394
72395
72396
72398
72400
72402
72405
72407
72409
72411
72416
72418
72422
72425
72440
72446
72449
72450
72461
72465
72466
72467
72468
72472
72473
72476
72477
72479
72481
72484
72487
72492
72495
72496
72509
72511
72512
72518
72522
72524
72525
72528
72539
72542
72543
72547
72555
72556
72558
72560
72563
72564
72565
72566
72570
72572
72581
72582
72604
72607
72610
72611
72615
72618
72624
72625
72628
72638
72640
72643
72647
72649
72651
72654
72659
72660
72664
72670
72671
72672
72673
72674
72678
72698
72703
72713
72714
72715
72721
72723
72726
72729
72736
72739
72741
72742
72743
72750
72761
72767
72783
72785
72788
72789
72790
72791
72792
72793
72795
72800
72801
72804
72808
72809
72811
72814
72819
72831
72832
72834
72839
72845
72846
72848
72849
72859
72862
72865
72867
72875
72879
72880
72883
72890
72898
72903
72904
72907
72912
72915
72920
72931
72946
72950
72955
72959
72966
72968
72969
72976
72980
72983
72994
72995
72996
72999
73000
73006
73016
73017
73021
73022
73023
73027
73029
73030
73033
73034
73035
73040
73041
73057
73059
73061
73071
73072
73076
73081
73083
73085
73097
73102
73103
73105
73116
73117
73121
73130
73132
73136
73137
73139
73142
73143
73144
73147
73149
73158
73159
73161
73163
73164
73170
73173
73176
73195
73199
73203
73206
73208
73216
73218
73220
73221
73228
73231
73232
73236
73238
73239
73242
73247
73248
73249
73250
73254
73257
73259
73283
73285
73290
73291
73300
73302
73303
73306
73311
73315
73319
73324
73327
73329
73332
73334
73337
73349
73353
73354
73358
73362
73363
73364
73365
73367
73369
73370
73374
73375
73378
73381
73385
73399
73401
73402
73403
73407
73411
73413
73416
73418
73420
73431
73447
73455
73459
73462
73466
73470
73471
73472
73478
73490
73494
73495
73497
73506
73509
73511
73512
73515
73522
73534
73541
73543
73547
73550
73552
73554
73555
73559
73564
73566
73569
73572
73573
73579
73582
73586
73594
73601
73608
73617
73619
73622
73623
73624
73628
73631
73632
73633
73634
73635
73645
73648
73651
73655
73660
73668
73675
73676
73678
73680
73686
73690
73691
73693
73694
73695
73701
73705
73707
73708
73709
73712
73716
73718
73720
73721
73727
73728
73731
73737
73738
73740
73741
73743
73749
73757
73760
73762
73766
73769
73770
73771
73774
73777
73779
73780
73782
73786
73787
73789
73797
73799
73800
73801
73804
73805
73808
73809
73813
73817
73819
73820
73824
73826
73833
73837
73839
73843
73845
73846
73852
73853
73854
73855
73858
73860
73866
73867
73869
73873
73875
73877
73879
73894
73901
73913
73915
73926
73929
73932
73933
73942
73951
73954
73958
73971
73980
73982
73987
73990
73996
73999
74001
74002
74004
74011
74024
74027
74029
74031
74039
74042
74045
74048
74054
74055
74056
74058
74069
74070
74074
74075
74077
74079
74083
74086
74087
74097
74098
74100
74104
74106
74108
74110
74112
74113
74114
74116
74117
74120
74124
74126
74131
74135
74142
74144
74149
74152
74163
74166
74168
74169
74175
74181
74184
74187
74189
74192
74195
74198
74199
74203
74205
74209
74210
74213
74216
74220
74224
74228
74234
74237
74240
74241
74245
74256
74257
74263
74265
74266
74267
74269
74270
74274
74275
74276
74278
74284
74294
74295
74296
74297
74299
74300
74301
74306
74307
74311
74312
74314
74319
74322
74323
74324
74327
74329
74330
74341
74342
74351
74361
74362
74364
74375
74376
74379
74383
74385
74404
74405
74408
74414
74422
74423
74425
74426
74428
74432
74434
74442
74445
74455
74459
74460
74461
74462
74465
74468
74469
74475
74485
74486
74492
74494
74495
74502
74503
74509
74510
74511
74512
74513
74515
74521
74522
74538
74539
74544
74545
74547
74549
74554
74558
74559
74563
74568
74572
74574
74578
74588
74594
74595
74599
74610
74614
74616
74618
74619
74620
74625
74626
74629
74630
74637
74638
74641
74644
74648
74652
74657
74659
74663
74665
74668
74682
74687
74688
74690
74693
74706
74709
74716
74719
74729
74737
74740
74744
74750
74759
74761
74765
74766
74768
74775
74777
74780
74782
74785
74786
74792
74799
74800
74803
74805
74806
74807
74811
74816
74821
74822
74826
74832
74838
74843
74846
74855
74857
74861
74862
74866
74869
74877
74880
74881
74886
74888
74896
74899
74904
74905
74907
74912
74914
74926
74932
74935
74949
74952
74960
74962
74963
74970
74971
74980
74983
74986
74991
74998
74999
75012
75013
75014
75015
75016
75019
75024
75026
75030
75034
75036
75038
75039
75053
75057
75058
75061
75063
75070
75072
75076
75077
75078
75084
75090
75098
75099
75101
75104
75105
75107
75109
75120
75125
75127
75134
75136
75143
75147
75154
75160
75163
75165
75171
75174
75178
75180
75186
75189
75200
75206
75209
75213
75221
75222
75223
75225
75228
75236
75247
75249
75250
75253
75255
75259
75260
75262
75269
75270
75272
75275
75278
75283
75285
75290
75291
75292
75303
75306
75307
75308
75311
75312
75314
75317
75322
75323
75324
75328
75343
75349
75350
75351
75354
75355
75361
75376
75377
75380
75382
75383
75388
75391
75401
75403
75411
75420
75430
75434
75440
75441
75444
75445
75451
75452
75456
75457
75459
75469
75472
75483
75486
75488
75495
75507
75509
75510
75515
75527
75528
75534
75535
75537
75539
75542
75548
75561
75570
75576
75577
75578
75584
75585
75588
75595
75597
75600
75601
75606
75607
75608
75615
75619
75620
75624
75626
75630
75637
75638
75643
75651
75662
75668
75675
75676
75678
75681
75683
75696
75697
75698
75699
75701
75706
75709
75711
75713
75714
75720
75723
75724
75729
75732
75733
75737
75753
75756
75758
75759
75763
75767
75773
75774
75784
75786
75794
75801
75803
75805
75806
75809
75812
75815
75819
75821
75823
75827
75833
75834
75835
75840
75847
75850
75858
75860
75864
75867
75875
75881
75882
75888
75889
75891
75892
75907
75910
75911
75915
75922
75925
75928
75930
75931
75932
75942
75963
75970
75972
75975
75977
75981
75988
75989
75990
75995
76004
76005
76007
76014
76015
76021
76024
76031
76033
76038
76041
76042
76044
76047
76048
76052
76054
76056
76057
76058
76066
76067
76070
76071
76087
76096
76098
76099
76100
76101
76102
76104
76113
76116
76118
76122
76130
76137
76144
76152
76157
76160
76161
76162
76164
76168
76169
76173
76175
76179
76188
76191
76193
76199
76202
76208
76214
76215
76218
76219
76221
76223
76224
76226
76230
76231
76232
76258
76261
76263
76267
76273
76274
76276
76277
76283
76288
76291
76294
76295
76301
76303
76305
76306
76307
76312
76313
76317
76318
76320
76321
76322
76325
76327
76328
76331
76341
76346
76349
76351
76357
76358
76359
76362
76367
76383
76386
76388
76390
76391
76397
76398
76400
76407
76409
76417
76419
76423
76424
76428
76434
76442
76447
76450
76458
76460
76464
76468
76469
76470
76478
76485
76490
76491
76497
76498
76501
76505
76511
76514
76516
76519
76521
76530
76534
76537
76541
76547
76549
76551
76557
76564
76571
76578
76592
76598
76600
76602
76604
76608
76609
76617
76620
76626
76631
76648
76650
76655
76658
76659
76663
76670
76673
76675
76678
76686
76687
76693
76703
76715
76718
76724
76725
76734
76745
76749
76760
76764
76765
76769
76770
76775
76778
76786
76789
76793
76795
76796
76802
76803
76805
76811
76812
76821
76831
76833
76834
76836
76839
76847
76851
76854
76856
76861
76863
76867
76874
76875
76879
76880
76883
76884
76903
76904
76912
76916
76924
76926
76927
76931
76934
76936
76937
76939
76940
76957
76962
76964
76969
76976
76977
76979
76985
76987
76995
76996
76997
76998
76999
77002
77005
77009
77010
77015
77017
77018
77034
77052
77062
77063
77073
77074
77082
77086
77087
77088
77093
77101
77110
77114
77115
77121
77130
77131
77136
77137
77139
77142
77143
77148
77151
77155
77158
77159
77168
77170
77175
77177
77179
77185
77188
77191
77192
77196
77197
77204
77207
77211
77213
77214
77218
77221
77222
77224
77226
77228
77230
77232
77236
77238
77249
77250
77253
77255
77256
77259
77262
77263
77266
77267
77273
77283
77284
77290
77292
77293
77295
77296
77297
77303
77305
77319
77325
77327
77332
77333
77336
77339
77340
77341
77342
77345
77357
77359
77360
77361
77366
77369
77378
77386
77387
77392
77402
77403
77409
77416
77420
77425
77426
77432
77434
77435
77439
77443
77445
77446
77449
77460
77462
77468
77472
77473
77474
77476
77477
77479
77482
77485
77488
77490
77492
77493
77497
77501
77511
77526
77530
77531
77532
77533
77536
77538
77540
77542
77543
77545
77549
77552
77565
77566
77570
77573
77578
77579
77582
77584
77585
77595
77596
77599
77601
77602
77607
77610
77612
77614
77622
77623
77631
77638
77643
77654
77657
77663
77667
77670
77678
77681
77682
77684
77694
77699
77707
77713
77728
77736
77741
77743
77756
77760
77763
77764
77769
77771
77772
77780
77782
77785
77787
77794
77796
77802
77803
77805
77811
77813
77814
77815
77822
77825
77836
77849
77855
77857
77858
77861
77862
77864
77865
77866
77867
77878
77879
77881
77884
77887
77891
77892
77895
77899
77902
77904
77906
77907
77911
77912
77915
77917
77920
77922
77925
77926
77927
77928
77931
77932
77933
77934
77937
77942
77946
77960
77963
77967
77969
77971
77972
77973
77975
77992
77996
77997
77998
78011
78012
78013
78018
78022
78032
78040
78042
78056
78064
78065
78066
78073
78083
78084
78086
78087
78093
78094
78099
78100
78101
78103
78107
78109
78112
78113
78116
78117
78122
78125
78130
78132
78134
78135
78142
78145
78147
78148
78168
78169
78170
78171
78173
78184
78189
78194
78198
78205
78207
78210
78213
78215
78219
78222
78224
78226
78230
78231
78232
78233
78242
78244
78245
78249
78250
78253
78259
78262
78266
78271
78274
78277
78278
78281
78287
78290
78293
78295
78300
78302
78306
78316
78320
78325
78332
78335
78340
78342
78345
78351
78352
78354
78355
78365
78367
78369
78373
78377
78380
78381
78391
78394
78397
78398
78403
78406
78409
78413
78420
78423
78426
78439
78442
78450
78452
78455
78460
78461
78468
78469
78470
78474
78478
78480
78487
78488
78491
78494
78495
78496
78501
78512
78519
78520
78522
78525
78528
78531
78533
78536
78548
78553
78554
78557
78559
78564
78565
78568
78571
78572
78573
78585
78586
78588
78590
78592
78593
78599
78604
78606
78616
78617
78621
78623
78640
78647
78651
78653
78655
78661
78662
78663
78667
78672
78676
78681
78682
78685
78687
78689
78690
78691
78693
78694
78701
78710
78711
78714
78716
78720
78727
78738
78741
78747
78755
78758
78759
78762
78765
78769
78772
78776
78787
78797
78799
78802
78805
78807
78819
78821
78826
78832
78835
78836
78838
78842
78844
78845
78846
78849
78851
78861
78863
78869
78872
78889
78891
78902
78903
78904
78907
78908
78916
78925
78927
78930
78937
78940
78945
78959
78960
78964
78968
78980
78990
78994
78997
79001
79004
79005
79008
79010
79017
79023
79025
79028
79029
79032
79033
79035
79050
79051
79070
79071
79078
79080
79081
79087
79090
79094
79098
79104
79105
79106
79110
79119
79123
79128
79131
79133
79134
79139
79140
79142
79144
79145
79149
79152
79171
79178
79179
79180
79182
79183
79187
79191
79192
79193
79194
79199
79204
79209
79217
79220
79221
79234
79235
79238
79243
79247
79250
79252
79255
79261
79284
79286
79288
79291
79296
79297
79299
79306
79310
79314
79323
79327
79329
79330
79341
79342
79345
79349
79352
79356
79357
79359
79362
79363
79364
79365
79366
79368
79370
79373
79374
79376
79378
79390
79393
79394
79397
79401
79412
79414
79420
79431
79436
79441
79446
79449
79450
79453
79455
79456
79461
79462
79466
79470
79474
79484
79485
79487
79495
79500
79501
79506
79507
79509
79511
79512
79513
79516
79519
79520
79526
79528
79534
79536
79538
79544
79548
79553
79557
79558
79561
79565
79567
79571
79572
79575
79579
79580
79584
79591
79596
79605
79607
79611
79612
79613
79618
79626
79631
79632
79634
79640
79657
79658
79662
79669
79670
79672
79673
79677
79680
79682
79685
79690
79691
79696
79697
79700
79704
79706
79713
79718
79736
79746
79747
79750
79760
79763
79767
79768
79770
79773
79781
79782
79790
79791
79793
79796
79799
79800
79807
79808
79810
79813
79815
79818
79821
79822
79824
79825
79826
79829
79832
79833
79845
79852
79855
79865
79868
79869
79872
79873
79874
79877
79880
79882
79883
79892
79893
79897
79898
79902
79903
79904
79907
79908
79912
79913
79920
79923
79927
79934
79936
79947
79951
79953
79954
79968
79969
79970
79976
79990
79998
80004
80008
80010
80022
80026
80028
80036
80043
80046
80048
80050
80059
80060
80064
80067
80068
80070
80077
80084
80085
80086
80087
80088
80091
80093
80099
80104
80106
80110
80113
80126
80127
80131
80132
80133
80140
80147
80151
80153
80155
80157
80172
80175
80182
80184
80189
80190
80201
80205
80211
80224
80227
80235
80238
80241
80250
80251
80258
80263
80267
80277
80282
80283
80284
80288
80290
80293
80296
80298
80300
80305
80308
80313
80314
80316
80318
80319
80327
80334
80347
80351
80362
80367
80369
80370
80373
80375
80382
80383
80386
80389
80406
80408
80412
80414
80420
80427
80428
80430
80434
80438
80443
80445
80448
80450
80459
80467
80468
80470
80471
80473
80476
80482
80483
80492
80493
80499
80509
80511
80512
80518
80519
80525
80536
80548
80549
80551
80552
80558
80567
80568
80570
80578
80579
80582
80583
80584
80588
80598
80603
80611
80616
80617
80622
80623
80630
80646
80654
80656
80657
80658
80659
80661
80666
80668
80671
80678
80691
80692
80695
80697
80699
80703
80721
80723
80725
80730
80733
80736
80739
80740
80743
80747
80750
80752
80753
80756
80760
80764
80770
80781
80782
80785
80786
80790
80799
80800
80807
80808
80809
80810
80812
80815
80819
80825
80826
80827
80829
80830
80831
80832
80834
80836
80839
80842
80849
80856
80857
80859
80861
80863
80866
80872
80874
80875
80877
80878
80880
80885
80888
80895
80897
80899
80907
80908
80914
80917
80923
80924
80929
80931
80962
80971
80977
80978
80993
81002
81009
81010
81014
81021
81023
81028
81029
81030
81031
81032
81035
81036
81039
81040
81044
81046
81051
81053
81062
81069
81075
81079
81081
81083
81090
81092
81098
81100
81101
81110
81112
81115
81119
81120
81122
81123
81126
81127
81130
81136
81137
81141
81142
81143
81144
81146
81148
81153
81157
81158
81162
81178
81183
81184
81191
81192
81193
81204
81212
81213
81217
81220
81223
81235
81241
81250
81253
81256
81260
81263
81265
81266
81270
81273
81276
81277
81280
81284
81285
81287
81292
81297
81301
81305
81308
81310
81328
81331
81335
81336
81337
81343
81351
81355
81365
81371
81379
81380
81382
81387
81391
81395
81397
81398
81400
81402
81405
81408
81413
81415
81418
81419
81422
81427
81428
81433
81434
81438
81456
81462
81464
81465
81467
81468
81477
81479
81482
81486
81499
81506
81510
81514
81516
81520
81522
81537
81541
81544
81546
81548
81550
81551
81553
81555
81558
81560
81561
81562
81568
81572
81575
81578
81584
81589
81591
81593
81595
81600
81607
81608
81610
81612
81626
81630
81632
81633
81638
81640
81653
81657
81662
81663
81666
81676
81680
81688
81699
81703
81709
81710
81713
81715
81723
81724
81725
81727
81729
81730
81736
81741
81751
81752
81754
81755
81758
81759
81766
81773
81775
81780
81781
81784
81786
81795
81809
81813
81814
81816
81817
81820
81821
81828
81831
81832
81833
81839
81841
81843
81844
81845
81853
81861
81862
81864
81866
81874
81875
81878
81892
81893
81898
81899
81902
81907
81913
81915
81916
81918
81927
81929
81930
81931
81932
81937
81938
81945
81948
81951
81953
81956
81958
81962
81964
81970
81972
81974
81984
81988
81990
81991
81992
81993
82008
82009
82011
82012
82013
82014
82019
82020
82026
82037
82039
82043
82045
82048
82054
82056
82061
82064
82067
82068
82071
82072
82073
82080
82082
82089
82090
82095
82099
82105
82109
82110
82115
82117
82127
82129
82131
82134
82137
82141
82146
82151
82166
82167
82170
82172
82184
82188
82189
82190
82193
82194
82195
82199
82202
82208
82213
82215
82217
82221
82222
82229
82235
82236
82239
82247
82248
82249
82254
82256
82260
82267
82272
82275
82284
82286
82289
82290
82293
82294
82296
82297
82299
82301
82303
82304
82305
82309
82310
82313
82315
82318
82329
82330
82331
82335
82338
82340
82343
82349
82350
82354
82362
82363
82367
82374
82375
82382
82390
82397
82405
82411
82422
82423
82425
82429
82432
82437
82439
82442
82459
82461
82462
82469
82475
82477
82482
82487
82488
82492
82500
82504
82516
82519
82521
82523
82525
82527
82528
82529
82534
82540
82545
82546
82548
82561
82563
82566
82573
82577
82578
82585
82593
82601
82602
82612
82614
82615
82622
82623
82626
82629
82635
82637
82650
82654
82660
82663
82668
82670
82671
82675
82676
82678
82679
82683
82687
82688
82690
82698
82702
82704
82707
82708
82715
82723
82730
82731
82734
82735
82738
82740
82744
82745
82747
82748
82749
82756
82765
82768
82771
82776
82785
82789
82792
82796
82801
82802
82806
82807
82811
82812
82813
82824
82828
82832
82839
82850
82857
82861
82862
82870
82876
82879
82885
82887
82888
82889
82899
82907
82909
82913
82920
82924
82927
82928
82930
82943
82944
82945
82954
82958
82959
82961
82976
82980
82984
82988
82992
82993
82996
82999
83002
83003
83007
83014
83015
83018
83019
83021
83023
83024
83025
83026
83029
83035
83038
83039
83041
83044
83051
83059
83065
83068
83070
83072
83074
83079
83083
83097
83103
83106
83116
83120
83127
83129
83131
83132
83148
83149
83151
83153
83154
83158
83161
83163
83173
83174
83187
83191
83192
83197
83200
83203
83212
83213
83223
83228
83229
83230
83232
83236
83240
83242
83243
83246
83247
83249
83260
83263
83271
83276
83277
83280
83283
83301
83303
83308
83311
83312
83315
83317
83321
83322
83323
83326
83327
83328
83337
83344
83347
83349
83350
83356
83365
83371
83372
83374
83380
83382
83387
83389
83392
83393
83396
83397
83419
83423
83425
83432
83440
83444
83452
83455
83462
83463
83465
83469
83470
83472
83474
83475
83476
83478
83483
83485
83492
83494
83496
83500
83501
83505
83506
83509
83514
83518
83522
83530
83534
83536
83537
83540
83541
83543
83549
83550
83551
83556
83561
83569
83586
83594
83597
83599
83600
83604
83608
83609
83613
83615
83616
83617
83618
83621
83625
83632
83639
83643
83649
83654
83655
83657
83658
83668
83669
83677
83681
83684
83686
83687
83689
83691
83699
83702
83707
83717
83719
83724
83728
83734
83737
83739
83740
83743
83748
83751
83754
83758
83760
83764
83765
83772
83779
83781
83784
83785
83787
83788
83792
83796
83797
83800
83807
83808
83814
83821
83831
83833
83834
83838
83840
83844
83850
83856
83864
83872
83874
83875
83876
83877
83879
83882
83885
83887
83893
83895
83897
83898
83900
83903
83905
83908
83912
83913
83920
83922
83923
83926
83933
83934
83939
83941
83942
83946
83947
83949
83956
83957
83960
83961
83965
83966
83968
83969
83972
83973
83975
83979
83985
83986
83989
83992
83995
84002
84005
84009
84015
84018
84023
84024
84045
84049
84050
84052
84053
84054
84056
84060
84064
84066
84068
84078
84079
84081
84084
84093
84097
84105
84116
84122
84123
84124
84126
84129
84132
84137
84146
84148
84165
84166
84173
84177
84178
84192
84196
84199
84208
84220
84230
84231
84242
84247
84254
84255
84257
84261
84268
84272
84273
84277
84286
84293
84299
84300
84302
84309
84310
84318
84319
84320
84321
84326
84328
84337
84349
84351
84354
84356
84357
84360
84367
84373
84374
84376
84378
84379
84382
84386
84395
84399
84401
84406
84407
84409
84423
84427
84431
84434
84435
84437
84438
84443
84452
84455
84461
84463
84464
84466
84471
84478
84483
84504
84506
84509
84512
84519
84520
84525
84527
84530
84531
84539
84543
84548
84563
84564
84569
84575
84580
84582
84585
84586
84587
84595
84596
84600
84601
84602
84605
84609
84612
84618
84620
84622
84623
84626
84628
84630
84633
84634
84648
84654
84656
84658
84660
84678
84680
84681
84683
84685
84687
84697
84698
84702
84704
84707
84710
84715
84722
84723
84725
84730
84733
84740
84746
84748
84751
84755
84758
84767
84773
84776
84779
84789
84791
84796
84807
84808
84810
84818
84826
84827
84829
84830
84831
84832
84833
84835
84845
84847
84848
84850
84855
84858
84862
84864
84868
84873
84874
84881
84888
84899
84900
84909
84910
84915
84916
84917
84920
84923
84927
84932
84933
84934
84943
84947
84948
84953
84961
84963
84964
84965
84980
84981
84983
84985
84988
84989
84991
84999
85000
85010
85014
85019
85020
85036
85038
85040
85047
85048
85052
85053
85057
85061
85064
85067
85075
85077
85081
85085
85086
85087
85095
85098
85106
85109
85110
85113
85124
85128
85130
85133
85140
85142
85147
85151
85156
85159
85168
85170
85177
85186
85187
85193
85195
85197
85200
85203
85210
85218
85221
85222
85227
85230
85240
85241
85247
85251
85252
85262
85267
85272
85277
85278
85279
85284
85290
85292
85297
85299
85303
85311
85314
85319
85325
85332
85333
85335
85348
85350
85357
85372
85375
85376
85377
85378
85385
85397
85406
85407
85408
85410
85411
85415
85416
85419
85425
85427
85435
85450
85452
85453
85461
85463
85467
85474
85477
85478
85480
85482
85489
85494
85498
85502
85505
85506
85508
85514
85516
85527
85534
85540
85549
85554
85557
85559
85560
85569
85571
85572
85573
85579
85580
85581
85583
85587
85593
85600
85604
85610
85612
85620
85626
85628
85629
85636
85638
85641
85643
85644
85645
85648
85651
85652
85653
85656
85659
85664
85669
85672
85673
85679
85681
85682
85684
85686
85694
85706
85720
85728
85730
85731
85734
85735
85737
85738
85741
85743
85747
85749
85755
85762
85765
85768
85772
85773
85776
85787
85790
85791
85794
85800
85808
85814
85816
85822
85823
85831
85835
85839
85859
85860
85865
85871
85873
85876
85880
85887
85892
85895
85902
85906
85907
85912
85913
85926
85928
85934
85944
85948
85950
85953
85956
85957
85958
85961
85962
85964
85965
85970
85976
85980
85990
85996
85997
86002
86005
86016
86017
86020
86025
86030
86033
86034
86040
86044
86047
86050
86052
86057
86058
86063
86064
86066
86071
86077
86081
86085
86086
86090
86099
86105
86108
86111
86117
86122
86126
86128
86132
86137
86143
86153
86168
86175
86177
86179
86181
86183
86186
86189
86192
86195
86204
86210
86217
86234
86235
86256
86257
86262
86264
86267
86268
86275
86284
86290
86291
86292
86293
86300
86301
86302
86303
86310
86311
86312
86315
86317
86321
86327
86328
86333
86340
86343
86344
86348
86351
86354
86358
86362
86367
86368
86370
86371
86372
86376
86384
86392
86397
86410
86412
86415
86420
86423
86426
86431
86441
86445
86446
86450
86452
86459
86463
86466
86467
86486
86487
86491
86493
86497
86499
86500
86505
86506
86510
86511
86512
86515
86522
86524
86530
86532
86537
86538
86542
86548
86550
86556
86566
86570
86574
86575
86576
86577
86582
86584
86586
86595
86596
86597
86604
86609
86613
86618
86623
86624
86637
86640
86642
86658
86661
86664
86665
86674
86684
86686
86690
86693
86709
86714
86715
86717
86719
86721
86724
86725
86729
86730
86735
86743
86747
86750
86768
86773
86776
86779
86782
86785
86790
86791
86799
86802
86808
86810
86814
86818
86822
86824
86825
86826
86829
86834
86836
86838
86840
86844
86846
86847
86849
86852
86860
86870
86871
86873
86874
86883
86896
86897
86898
86902
86907
86916
86919
86922
86933
86937
86939
86944
86945
86949
86956
86962
86965
86981
86989
86991
86993
86994
86996
87000
87002
87003
87012
87015
87016
87022
87030
87032
87042
87043
87048
87056
87058
87059
87063
87069
87075
87079
87084
87087
87088
87092
87096
87097
87099
87100
87117
87124
87126
87130
87131
87133
87134
87135
87137
87138
87141
87144
87149
87160
87161
87171
87190
87194
87200
87203
87206
87209
87210
87214
87216
87217
87219
87222
87223
87228
87229
87231
87233
87234
87236
87238
87242
87247
87251
87254
87261
87265
87269
87272
87277
87282
87285
87286
87293
87301
87305
87306
87312
87326
87327
87332
87346
87350
87352
87360
87361
87363
87364
87369
87370
87379
87380
87387
87393
87399
87408
87416
87418
87426
87428
87436
87440
87443
87450
87456
87465
87469
87474
87482
87483
87485
87487
87493
87494
87497
87501
87503
87509
87512
87514
87516
87522
87523
87533
87536
87549
87555
87556
87558
87562
87564
87566
87575
87580
87581
87591
87595
87597
87602
87603
87618
87625
87627
87628
87642
87646
87648
87649
87652
87659
87664
87669
87671
87673
87681
87682
87686
87688
87689
87700
87704
87715
87719
87721
87722
87731
87739
87740
87745
87746
87748
87750
87754
87756
87757
87758
87762
87763
87765
87770
87771
87783
87793
87799
87800
87806
87807
87808
87811
87815
87816
87822
87830
87831
87840
87850
87854
87857
87858
87859
87863
87865
87870
87875
87893
87895
87897
87901
87905
87907
87912
87915
87927
87932
87934
87937
87938
87939
87946
87947
87951
87957
87961
87964
87966
87968
87969
87971
87977
87985
87987
87988
87991
88000
88007
88014
88017
88018
88021
88024
88030
88035
88037
88038
88041
88052
88054
88056
88060
88067
88074
88075
88079
88081
88086
88087
88089
88096
88097
88107
88108
88109
88113
88122
88126
88128
88132
88138
88143
88144
88149
88155
88158
88159
88162
88165
88170
88178
88179
88180
88183
88185
88189
88193
88194
88197
88202
88205
88206
88210
88215
88228
88232
88233
88235
88237
88244
88245
88254
88257
88258
88268
88269
88270
88275
88277
88278
88279
88280
88281
88283
88289
88290
88291
88294
88302
88308
88313
88318
88319
88320
88331
88336
88339
88340
88342
88344
88348
88349
88357
88358
88359
88363
88364
88365
88369
88371
88372
88374
88387
88395
88397
88413
88414
88415
88418
88424
88430
88434
88436
88439
88444
88447
88459
88460
88461
88469
88474
88476
88477
88481
88483
88484
88485
88486
88489
88491
88495
88497
88501
88503
88505
88509
88510
88511
88516
88519
88524
88527
88529
88531
88533
88538
88539
88545
88550
88553
88568
88574
88576
88580
88588
88592
88595
88596
88608
88616
88621
88627
88631
88633
88635
88636
88641
88645
88646
88657
88661
88668
88678
88680
88684
88688
88695
88700
88704
88714
88716
88719
88720
88721
88723
88730
88734
88738
88740
88742
88743
88748
88749
88754
88761
88770
88772
88780
88790
88798
88800
88801
88803
88810
88817
88818
88819
88824
88831
88843
88848
88852
88857
88858
88861
88866
88867
88870
88872
88873
88876
88881
88884
88888
88892
88897
88898
88905
88908
88909
88910
88916
88918
88923
88927
88928
88943
88947
88949
88967
88973
88975
88976
88980
88982
88983
88985
88987
88992
88996
89002
89009
89013
89014
89022
89023
89028
89038
89042
89051
89058
89063
89067
89075
89078
89081
89084
89094
89095
89106
89108
89109
89120
89121
89128
89129
89133
89135
89139
89149
89154
89157
89161
89171
89181
89184
89193
89195
89196
89198
89203
89204
89206
89207
89210
89212
89216
89223
89224
89225
89229
89234
89241
89242
89244
89245
89249
89250
89252
89255
89258
89261
89269
89274
89287
89292
89293
89294
89295
89296
89306
89307
89315
89316
89326
89331
89333
89335
89336
89340
89342
89343
89344
89347
89348
89355
89356
89357
89363
89368
89369
89370
89371
89375
89376
89377
89379
89382
89389
89390
89397
89402
89404
89407
89408
89417
89418
89423
89426
89427
89428
89430
89431
89437
89440
89443
89445
89447
89448
89457
89458
89460
89461
89463
89464
89467
89468
89469
89472
89473
89474
89476
89479
89480
89490
89491
89494
89495
89498
89499
89502
89507
89509
89511
89514
89515
89520
89531
89535
89538
89549
89552
89553
89554
89556
89561
89564
89565
89567
89579
89584
89585
89592
89600
89601
89608
89609
89612
89621
89637
89646
89649
89661
89668
89677
89679
89682
89684
89687
89690
89694
89695
89703
89704
89705
89708
89710
89714
89716
89717
89721
89725
89726
89751
89754
89758
89783
89790
89791
89794
89797
89801
89810
89818
89821
89822
89824
89830
89832
89839
89841
89842
89844
89849
89853
89854
89860
89861
89863
89869
89872
89875
89882
89884
89893
89897
89910
89923
89926
89930
89931
89934
89952
89969
89976
89978
89982
89991
89994
90001
90002
90008
90020
90027
90029
90030
90035
90036
90038
90039
90041
90046
90050
90051
90054
90056
90058
90060
90064
90069
90070
90075
90086
90088
90091
90094
90099
90101
90102
90103
90110
90111
90123
90124
90125
90130
90136
90137
90144
90151
90152
90161
90164
90169
90173
90186
90190
90207
90211
90212
90213
90219
90223
90228
90229
90231
90240
90242
90248
90250
90252
90255
90258
90259
90262
90263
90267
90268
90279
90282
90286
90290
90296
90300
90301
90307
90308
90319
90329
90331
90336
90346
90353
90356
90364
90366
90375
90381
90382
90383
90384
90388
90394
90396
90397
90401
90402
90405
90417
90419
90426
90427
90428
90430
90432
90433
90434
90438
90451
90454
90457
90459
90462
90463
90466
90468
90470
90477
90479
90482
90484
90491
90499
90502
90504
90505
90514
90519
90521
90522
90525
90527
90532
90536
90544
90548
90551
90555
90574
90575
90576
90581
90585
90586
90587
90591
90592
90598
90600
90602
90603
90608
90625
90627
90629
90634
90635
90638
90641
90642
90643
90645
90647
90650
90652
90658
90660
90673
90674
90679
90680
90685
90687
90689
90690
90692
90693
90695
90698
90699
90705
90714
90718
90723
90727
90728
90731
90732
90734
90736
90738
90746
90747
90748
90761
90762
90765
90767
90771
90777
90790
90794
90797
90800
90804
90806
90807
90812
90815
90823
90824
90829
90839
90841
90842
90851
90852
90853
90854
90856
90859
90860
90861
90866
90870
90872
90877
90878
90879
90880
90881
90886
90889
90901
90905
90911
90912
90916
90919
90920
90930
90935
90936
90938
90943
90945
90947
90952
90955
90958
90963
90965
90969
90974
90976
90979
90981
90982
90986
90990
90995
91006
91014
91016
91026
91027
91028
91032
91034
91036
91042
91056
91057
91058
91062
91068
91069
91072
91074
91075
91077
91081
91082
91084
91088
91090
91096
91106
91109
91113
91114
91118
91121
91127
91128
91147
91148
91149
91151
91153
91156
91157
91168
91171
91181
91183
91186
91195
91206
91212
91225
91235
91236
91237
91240
91241
91245
91254
91256
91261
91267
91272
91273
91277
91278
91281
91283
91284
91286
91287
91293
91295
91302
91303
91304
91307
91312
91313
91318
91320
91328
91331
91332
91336
91338
91347
91355
91360
91363
91364
91368
91372
91374
91375
91377
91379
91380
91384
91386
91388
91394
91395
91399
91401
91411
91413
91425
91434
91442
91446
91452
91453
91457
91463
91465
91471
91474
91485
91486
91487
91488
91490
91492
91495
91496
91497
91500
91501
91508
91511
91513
91515
91516
91518
91519
91530
91535
91537
91543
91547
91558
91560
91566
91567
91568
91573
91583
91587
91590
91593
91594
91597
91600
91602
91604
91606
91611
91635
91645
91648
91651
91652
91660
91663
91665
91666
91675
91678
91681
91687
91693
91694
91699
91701
91702
91708
91714
91715
91723
91725
91728
91733
91736
91739
91740
91744
91752
91754
91757
91761
91762
91765
91768
91776
91784
91786
91793
91797
91800
91801
91803
91805
91806
91815
91816
91820
91825
91826
91829
91831
91832
91848
91850
91858
91860
91861
91863
91864
91868
91871
91872
91880
91885
91887
91890
91892
91896
91900
91907
91923
91934
91938
91944
91946
91953
91956
91959
91963
91965
91968
91972
91975
91981
91982
91986
92005
92009
92012
92014
92016
92027
92030
92038
92042
92047
92050
92059
92060
92062
92064
92066
92078
92080
92085
92089
92093
92109
92114
92117
92119
92123
92126
92128
92129
92130
92132
92133
92144
92147
92154
92159
92163
92171
92175
92177
92183
92188
92191
92196
92200
92215
92220
92222
92225
92226
92227
92230
92233
92236
92239
92243
92244
92245
92246
92257
92261
92266
92268
92269
92272
92275
92276
92280
92282
92285
92289
92290
92293
92303
92308
92315
92323
92325
92327
92330
92332
92339
92346
92350
92352
92360
92362
92365
92368
92371
92376
92381
92383
92389
92392
92399
92401
92411
92423
92429
92432
92444
92456
92462
92466
92470
92475
92483
92485
92502
92503
92505
92506
92508
92509
92513
92516
92517
92518
92527
92528
92531
92541
92551
92553
92555
92560
92575
92576
92577
92580
92585
92586
92587
92590
92593
92594
92598
92603
92605
92606
92607
92608
92609
92610
92612
92619
92625
92630
92634
92636
92644
92648
92653
92655
92660
92662
92670
92676
92681
92683
92687
92691
92693
92695
92696
92703
92706
92707
92709
92711
92712
92714
92717
92730
92733
92734
92737
92738
92741
92743
92744
92745
92750
92756
92757
92761
92765
92768
92774
92781
92782
92796
92812
92814
92816
92818
92821
92823
92826
92829
92830
92836
92839
92842
92845
92847
92855
92856
92857
92861
92863
92865
92875
92876
92878
92887
92896
92898
92905
92906
92910
92912
92922
92923
92938
92941
92943
92961
92962
92964
92965
92967
92969
92972
92975
92976
92980
92982
92986
92989
93014
93016
93018
93020
93022
93024
93026
93031
93032
93038
93040
93048
93049
93054
93056
93062
93065
93066
93069
93074
93079
93089
93094
93098
93099
93103
93104
93126
93127
93128
93130
93132
93133
93140
93142
93144
93145
93152
93155
93161
93164
93165
93167
93168
93170
93183
93184
93185
93190
93194
93195
93198
93202
93204
93205
93207
93208
93212
93220
93225
93226
93227
93232
93234
93240
93244
93246
93251
93254
93261
93263
93269
93270
93273
93275
93276
93285
93286
93289
93291
93293
93294
93295
93296
93307
93311
93312
93313
93319
93320
93322
93323
93325
93326
93327
93328
93329
93331
93333
93340
93345
93355
93358
93361
93370
93374
93375
93383
93385
93386
93395
93407
93409
93411
93416
93418
93425
93426
93429
93432
93433
93434
93445
93452
93453
93455
93457
93459
93460
93461
93470
93475
93476
93478
93483
93485
93488
93490
93493
93498
93510
93524
93527
93529
93532
93540
93541
93543
93550
93555
93558
93561
93566
93571
93573
93577
93585
93589
93595
93596
93607
93608
93609
93613
93620
93623
93626
93632
93633
93637
93643
93649
93650
93657
93658
93660
93662
93665
93666
93671
93677
93678
93687
93694
93697
93700
93701
93702
93704
93705
93706
93713
93714
93717
93721
93726
93727
93732
93734
93740
93741
93742
93748
93754
93759
93761
93762
93763
93770
93777
93780
93781
93783
93788
93791
93794
93795
93803
93807
93809
93814
93817
93827
93832
93838
93840
93843
93846
93850
93857
93858
93868
93869
93871
93876
93882
93891
93897
93899
93914
93920
93921
93923
93926
93929
93931
93937
93942
93943
93945
93948
93951
93955
93960
93965
93967
93969
93971
93974
93976
93987
94000
94003
94007
94010
94016
94024
94025
94026
94028
94030
94033
94035
94036
94042
94043
94052
94064
94075
94076
94079
94083
94088
94089
94095
94101
94102
94104
94107
94108
94111
94115
94119
94128
94130
94134
94136
94137
94140
94144
94150
94153
94157
94163
94168
94170
94173
94178
94179
94190
94201
94206
94208
94210
94212
94214
94217
94220
94225
94227
94237
94242
94245
94251
94263
94265
94268
94269
94270
94275
94277
94282
94300
94306
94308
94311
94313
94318
94320
94321
94323
94327
94328
94329
94333
94334
94337
94339
94345
94362
94365
94372
94378
94384
94388
94391
94393
94398
94401
94402
94403
94405
94409
94410
94413
94429
94430
94454
94459
94467
94471
94482
94487
94489
94491
94492
94495
94496
94506
94507
94509
94515
94518
94519
94520
94524
94525
94526
94530
94531
94537
94546
94551
94555
94558
94560
94565
94568
94571
94579
94585
94586
94589
94590
94595
94596
94597
94603
94604
94607
94611
94613
94619
94623
94628
94632
94638
94639
94640
94641
94649
94653
94656
94663
94668
94669
94670
94673
94676
94682
94685
94686
94688
94691
94695
94700
94702
94703
94705
94706
94710
94712
94715
94717
94720
94724
94726
94729
94734
94736
94737
94739
94742
94755
94756
94758
94770
94771
94772
94774
94785
94791
94794
94796
94797
94800
94809
94811
94812
94815
94816
94821
94824
94828
94829
94830
94839
94842
94853
94855
94858
94859
94860
94862
94865
94867
94868
94878
94885
94886
94887
94888
94892
94894
94898
94905
94916
94919
94920
94922
94926
94931
94933
94940
94943
94946
94951
94961
94965
94967
94968
94974
94979
94984
94987
94994
95000
95002
95003
95014
95018
95019
95020
95021
95023
95025
95027
95032
95037
95044
95051
95057
95059
95060
95061
95062
95076
95078
95080
95081
95083
95084
95087
95091
95093
95097
95108
95127
95136
95140
95145
95152
95157
95162
95165
95166
95169
95176
95178
95194
95195
95196
95198
95201
95203
95206
95212
95216
95217
95218
95225
95226
95229
95233
95238
95241
95242
95246
95248
95249
95253
95257
95265
95268
95275
95276
95278
95280
95281
95282
95286
95290
95298
95304
95307
95308
95309
95312
95331
95333
95334
95336
95353
95359
95362
95370
95377
95383
95384
95391
95392
95393
95401
95402
95406
95407
95412
95415
95417
95418
95426
95434
95442
95448
95452
95454
95463
95475
95477
95482
95491
95494
95497
95498
95499
95510
95514
95515
95518
95519
95523
95527
95529
95535
95538
95546
95551
95552
95555
95564
95566
95567
95571
95577
95580
95581
95588
95591
95592
95595
95597
95600
95601
95608
95609
95612
95619
95620
95625
95626
95633
95635
95638
95640
95641
95642
95643
95652
95656
95657
95671
95675
95676
95677
95679
95683
95685
95686
95688
95706
95711
95714
95716
95722
95724
95727
95729
95733
95737
95741
95744
95748
95751
95755
95756
95761
95764
95765
95766
95770
95771
95775
95779
95784
95787
95788
95791
95792
95796
95802
95807
95814
95816
95820
95823
95825
95828
95831
95838
95844
95847
95864
95876
95877
95878
95880
95884
95885
95889
95908
95909
95911
95913
95917
95918
95930
95932
95935
95939
95949
95952
95956
95960
95963
95964
95965
95966
95967
95968
95971
95975
95980
95985
95986
95987
95991
95993
95999
96003
96018
96024
96029
96033
96036
96037
96038
96049
96050
96052
96053
96062
96074
96083
96087
96089
96091
96095
96096
96102
96106
96114
96118
96119
96124
96128
96129
96132
96136
96139
96150
96153
96156
96159
96161
96164
96166
96169
96174
96177
96179
96181
96190
96195
96200
96205
96216
96222
96227
96230
96238
96241
96242
96245
96252
96253
96254
96257
96269
96272
96276
96277
96279
96282
96294
96298
96304
96308
96320
96331
96332
96333
96334
96335
96338
96343
96344
96346
96348
96353
96355
96360
96367
96369
96375
96380
96383
96386
96387
96389
96390
96399
96400
96405
96406
96409
96412
96421
96422
96423
96428
96429
96432
96435
96439
96442
96445
96449
96451
96453
96456
96457
96463
96465
96473
96475
96476
96478
96489
96490
96492
96494
96503
96505
96508
96510
96512
96519
96534
96538
96539
96542
96555
96566
96567
96568
96576
96580
96585
96590
96593
96596
96597
96598
96602
96603
96604
96606
96628
96632
96639
96642
96650
96651
96652
96656
96657
96658
96659
96667
96670
96672
96690
96692
96697
96701
96705
96706
96719
96725
96729
96733
96741
96746
96756
96765
96774
96775
96778
96780
96797
96809
96810
96813
96818
96821
96824
96828
96837
96840
96844
96848
96851
96852
96855
96860
96862
96864
96866
96870
96871
96873
96875
96878
96879
96891
96892
96894
96897
96902
96903
96905
96906
96907
96909
96911
96921
96924
96929
96931
96933
96935
96942
96943
96948
96949
96952
96955
96956
96962
96964
96965
96969
96974
96979
96981
96986
96988
96998
97003
97006
97007
97015
97017
97020
97025
97032
97034
97036
97039
97045
97049
97051
97053
97057
97059
97060
97061
97064
97065
97071
97080
97085
97086
97089
97092
97097
97102
97103
97106
97108
97113
97116
97121
97140
97143
97149
97152
97167
97179
97184
97186
97189
97190
97202
97204
97205
97209
97213
97218
97222
97229
97232
97256
97257
97260
97267
97268
97273
97275
97276
97277
97279
97288
97291
97292
97294
97303
97304
97312
97320
97323
97324
97327
97328
97331
97338
97344
97345
97347
97348
97349
97352
97354
97355
97356
97359
97360
97363
97366
97367
97370
97375
97377
97378
97380
97383
97388
97393
97394
97395
97397
97406
97407
97408
97414
97415
97420
97422
97424
97425
97426
97429
97454
97458
97466
97467
97471
97472
97475
97477
97480
97483
97484
97485
97491
97501
97503
97508
97509
97515
97520
97521
97522
97523
97528
97537
97540
97541
97542
97547
97550
97551
97553
97555
97562
97568
97574
97579
97588
97592
97595
97597
97600
97601
97605
97607
97612
97615
97616
97617
97618
97621
97622
97623
97631
97634
97641
97642
97650
97652
97655
97657
97663
97669
97670
97673
97675
97678
97679
97680
97685
97693
97699
97700
97702
97704
97706
97714
97715
97719
97720
97721
97727
97730
97732
97735
97736
97738
97739
97740
97749
97754
97755
97757
97758
97764
97766
97767
97772
97773
97779
97780
97781
97785
97786
97795
97799
97800
97805
97808
97812
97814
97817
97821
97823
97826
97831
97833
97835
97837
97841
97843
97844
97846
97855
97857
97863
97866
97870
97876
97878
97880
97885
97886
97889
97892
97894
97897
97900
97903
97904
97909
97915
97916
97917
97921
97922
97923
97929
97930
97932
97934
97936
97940
97946
97953
97955
97957
97960
97968
97974
97984
97985
97990
97992
97994
97998
97999
98009
98016
98018
98020
98024
98026
98027
98029
98030
98047
98051
98055
98057
98067
98080
98087
98090
98093
98095
98096
98097
98099
98100
98102
98112
98115
98119
98121
98128
98136
98137
98140
98142
98145
98146
98163
98164
98168
98169
98170
98171
98176
98178
98191
98192
98194
98195
98196
98197
98202
98206
98212
98218
98221
98222
98233
98236
98239
98240
98243
98247
98248
98249
98250
98251
98253
98258
98267
98268
98271
98275
98299
98300
98302
98305
98308
98311
98315
98319
98320
98321
98323
98326
98330
98339
98342
98346
98347
98349
98354
98358
98368
98370
98371
98372
98384
98386
98387
98395
98400
98401
98402
98413
98419
98421
98425
98431
98434
98452
98455
98458
98459
98461
98464
98472
98476
98485
98486
98497
98499
98503
98512
98519
98522
98528
98531
98532
98541
98545
98546
98550
98554
98559
98561
98566
98570
98577
98586
98593
98602
98604
98605
98607
98608
98613
98616
98618
98623
98624
98629
98630
98633
98638
98641
98643
98648
98651
98661
98665
98668
98670
98674
98676
98682
98683
98684
98685
98688
98689
98691
98693
98694
98700
98702
98707
98710
98711
98712
98715
98720
98723
98735
98736
98739
98743
98744
98747
98749
98751
98752
98754
98758
98762
98763
98764
98770
98774
98784
98785
98788
98789
98797
98798
98813
98815
98818
98822
98828
98841
98843
98844
98855
98861
98862
98863
98865
98876
98877
98884
98886
98889
98895
98901
98905
98908
98910
98915
98916
98928
98931
98934
98945
98954
98975
98977
98978
98986
98993
98995
98997
99003
99010
99013
99014
99015
99016
99018
99020
99022
99024
99030
99033
99037
99039
99041
99042
99043
99044
99045
99047
99048
99049
99052
99060
99063
99065
99074
99077
99089
99092
99101
99103
99107
99113
99114
99115
99117
99119
99122
99125
99131
99134
99137
99139
99142
99143
99145
99147
99149
99151
99161
99162
99164
99165
99167
99168
99170
99180
99189
99192
99197
99200
99205
99215
99222
99224
99232
99234
99236
99242
99247
99259
99268
99270
99271
99274
99276
99280
99291
99297
99299
99306
99312
99320
99326
99328
99331
99333
99335
99341
99342
99343
99350
99353
99356
99371
99375
99377
99382
99383
99384
99387
99388
99390
99395
99396
99399
99400
99403
99404
99407
99411
99413
99417
99418
99421
99426
99427
99433
99437
99453
99456
99457
99463
99466
99471
99484
99492
99495
99496
99497
99500
99504
99507
99514
99515
99516
99525
99527
99534
99536
99540
99541
99546
99547
99548
99549
99550
99552
99553
99554
99555
99556
99561
99565
99566
99567
99568
99570
99571
99576
99581
99586
99590
99592
99596
99601
99606
99609
99610
99614
99622
99627
99630
99633
99634
99644
99645
99646
99648
99649
99656
99669
99670
99671
99672
99675
99683
99684
99686
99689
99690
99691
99693
99697
99702
99705
99706
99707
99711
99714
99715
99724
99725
99726
99733
99736
99740
99747
99750
99751
99764
99771
99772
99773
99778
99779
99790
99795
99804
99810
99811
99817
99818
99823
99824
99826
99829
99835
99836
99842
99847
99859
99864
99865
99867
99871
99873
99894
99896
99898
99900
99907
99908
99911
99914
99917
99918
99924
99927
99934
99936
99943
99946
99951
99955
99958
99964
99971
99975
99978
99994
99997
100006
100008
100011
100013
100019
100020
100025
100026
100035
100038
100040
100055
100057
100068
100071
100074
100080
100085
100090
100091
100094
100099
100103
100107
100111
100113
100114
100119
100120
100129
100130
100136
100140
100142
100143
100144
100146
100154
100166
100168
100173
100176
100179
100184
100185
100187
100191
100193
100198
100200
100201
100222
100224
100225
100227
100232
100233
100235
100239
100240
100245
100249
100250
100259
100264
100268
100272
100276
100278
100280
100285
100286
100304
100307
100315
100328
100330
100335
100339
100342
100343
100344
100364
100367
100373
100376
100380
100395
100396
100403
100407
100422
100426
100429
100432
100437
100438
100444
100448
100451
100462
100468
100476
100479
100483
100484
100490
100491
100496
100498
100502
100508
100509
100513
100515
100520
100529
100539
100557
100563
100577
100579
100582
100585
100589
100595
100597
100598
100602
100611
100612
100619
100625
100627
100629
100635
100642
100647
100650
100653
100655
100657
100660
100663
100666
100669
100670
100671
100672
100675
100684
100692
100695
100712
100717
100718
100720
100723
100728
100734
100737
100740
100742
100746
100747
100754
100756
100764
100768
100770
100776
100788
100792
100793
100796
100799
100801
100803
100810
100813
100814
100816
100818
100820
100822
100828
100837
100842
100850
100855
100857
100860
100861
100871
100874
100875
100881
100882
100887
100892
100893
100895
100896
100902
100903
100905
100906
100907
100909
100910
100914
100915
100922
100929
100931
100936
100937
100939
100948
100949
100954
100957
100959
100967
100968
100969
100970
100972
100973
100980
100985
100988
100991
100992
100998
100999
101003
101005
101007
101009
101016
101029
101033
101036
101038
101040
101043
101055
101063
101067
101069
101071
101081
101085
101086
101088
101090
101106
101109
101110
101112
101115
101123
101126
101127
101128
101135
101136
101137
101142
101149
101150
101155
101156
101158
101159
101162
101166
101168
101169
101174
101175
101177
101182
101185
101188
101194
101199
101201
101204
101205
101206
101207
101211
101216
101222
101223
101227
101229
101235
101236
101241
101242
101243
101244
101250
101255
101269
101271
101272
101273
101274
101282
101288
101291
101301
101316
101317
101323
101326
101327
101328
101329
101333
101334
101336
101343
101345
101347
101349
101358
101362
101374
101376
101382
101384
101386
101389
101392
101402
101406
101407
101408
101416
101429
101433
101438
101448
101453
101454
101457
101463
101464
101465
101466
101471
101475
101477
101478
101482
101483
101486
101499
101500
101509
101520
101521
101522
101523
101526
101527
101530
101535
101539
101542
101543
101549
101551
101554
101555
101559
101562
101564
101567
101575
101584
101587
101591
101594
101597
101598
101600
101614
101617
101622
101623
101625
101629
101630
101633
101636
101639
101650
101651
101652
101661
101666
101675
101676
101684
101692
101701
101704
101705
101708
101709
101720
101721
101724
101741
101747
101748
101755
101762
101767
101773
101774
101776
101777
101785
101787
101792
101793
101795
101801
101805
101807
101819
101831
101833
101837
101840
101853
101860
101865
101866
101869
101870
101878
101879
101882
101884
101889
101892
101894
101896
101898
101901
101909
101912
101921
101923
101934
101938
101939
101940
101947
101948
101958
101965
101969
101970
101977
101983
101987
101990
101994
101996
101997
101998
102001
102002
102006
102009
102021
102027
102030
102036
102045
102051
102052
102053
102055
102056
102064
102065
102069
102070
102072
102075
102077
102078
102079
102081
102085
102087
102088
102094
102099
102103
102104
102108
102111
102116
102130
102135
102142
102156
102159
102166
102172
102175
102177
102185
102186
102193
102197
102206
102213
102214
102219
102220
102225
102229
102241
102246
102248
102250
102252
102254
102256
102258
102276
102279
102284
102285
102297
102303
102304
102305
102306
102307
102310
102313
102314
102319
102321
102322
102326
102327
102335
102352
102357
102359
102360
102363
102367
102368
102376
102377
102378
102379
102392
102394
102396
102409
102433
102436
102438
102442
102446
102449
102450
102451
102452
102457
102470
102471
102473
102480
102482
102484
102489
102490
102493
102495
102499
102514
102522
102523
102529
102532
102533
102540
102548
102549
102551
102554
102556
102579
102580
102585
102586
102591
102598
102599
102602
102607
102609
102611
102612
102614
102628
102629
102633
102641
102642
102643
102646
102649
102653
102655
102661
102669
102671
102673
102674
102676
102679
102684
102686
102688
102694
102695
102699
102706
102707
102717
102719
102721
102724
102730
102736
102741
102744
102746
102747
102748
102752
102753
102754
102760
102769
102770
102776
102785
102793
102798
102800
102801
102805
102806
102812
102816
102820
102825
102836
102838
102839
102840
102841
102844
102846
102851
102852
102853
102860
102869
102884
102888
102891
102901
102905
102906
102908
102910
102914
102916
102917
102918
102920
102924
102927
102928
102932
102934
102935
102936
102937
102942
102944
102954
102956
102963
102966
102969
102977
102983
102986
102992
102995
102996
102997
103001
103006
103014
103020
103026
103030
103031
103033
103040
103042
103046
103049
103050
103057
103059
103061
103071
103074
103081
103083
103086
103089
103096
103097
103099
103100
103102
103107
103114
103115
103120
103128
103131
103138
103141
103145
103148
103154
103172
103174
103176
103183
103184
103193
103197
103198
103199
103205
103207
103208
103210
103215
103220
103228
103234
103237
103249
103253
103254
103267
103269
103270
103271
103277
103285
103287
103299
103303
103305
103306
103315
103322
103323
103324
103326
103329
103337
103338
103340
103343
103349
103350
103353
103374
103375
103381
103386
103393
103399
103400
103403
103408
103417
103419
103425
103426
103427
103430
103433
103439
103440
103441
103442
103448
103450
103453
103454
103458
103459
103464
103465
103466
103467
103473
103477
103479
103483
103484
103487
103492
103503
103504
103524
103531
103534
103535
103537
103540
103542
103545
103549
103553
103554
103557
103563
103565
103570
103574
103579
103591
103593
103604
103606
103612
103616
103622
103630
103632
103636
103642
103645
103652
103653
103654
103659
103662
103665
103678
103681
103684
103694
103699
103702
103707
103709
103714
103716
103717
103718
103720
103735
103739
103742
103744
103747
103749
103754
103756
103758
103761
103768
103773
103775
103778
103783
103784
103788
103790
103791
103794
103803
103804
103811
103819
103821
103827
103829
103830
103833
103842
103853
103855
103860
103863
103865
103866
103869
103876
103878
103880
103886
103887
103912
103913
103921
103923
103926
103928
103932
103936
103939
103948
103952
103953
103954
103958
103963
103965
103970
103972
103977
103980
103981
103988
103991
103999
104001
104002
104005
104011
104013
104020
104021
104023
104025
104028
104030
104037
104039
104046
104047
104049
104051
104052
104058
104059
104064
104074
104078
104090
104100
104102
104109
104111
104126
104133
104137
104140
104143
104148
104155
104157
104164
104167
104173
104177
104187
104188
104189
104192
104200
104202
104203
104206
104215
104218
104227
104233
104236
104237
104240
104241
104245
104248
104249
104263
104266
104267
104283
104285
104286
104292
104299
104307
104311
104314
104317
104325
104326
104329
104332
104333
104342
104346
104358
104361
104363
104364
104371
104372
104373
104378
104386
104388
104389
104390
104392
104397
104400
104401
104410
104418
104425
104427
104432
104436
104438
104441
104443
104446
104447
104451
104456
104457
104459
104460
104465
104468
104473
104474
104478
104479
104480
104487
104491
104494
104497
104512
104522
104523
104526
104546
104547
104548
104550
104553
104558
104563
104564
104569
104570
104572
104573
104578
104579
104580
104587
104592
104594
104598
104606
104607
104610
104633
104639
104642
104644
104648
104652
104664
104665
104670
104679
104682
104687
104690
104692
104696
104699
104703
104707
104710
104711
104713
104718
104726
104728
104736
104741
104745
104750
104752
104757
104760
104765
104768
104789
104790
104791
104797
104803
104805
104806
104817
104820
104821
104832
104834
104837
104849
104850
104854
104857
104859
104865
104870
104873
104875
104880
104883
104884
104888
104890
104891
104893
104897
104898
104899
104903
104904
104905
104908
104910
104911
104913
104917
104918
104920
104922
104932
104934
104940
104944
104951
104952
104958
104960
104967
104979
104981
104984
104990
104992
104995
105001
105006
105007
105010
105013
105017
105018
105019
105020
105022
105023
105031
105041
105049
105052
105056
105057
105070
105071
105072
105087
105097
105099
105102
105106
105108
105109
105110
105111
105119
105121
105125
105148
105154
105156
105157
105175
105178
105193
105197
105198
105206
105208
105209
105222
105224
105238
105240
105254
105255
105258
105261
105262
105270
105272
105274
105278
105283
105287
105294
105300
105304
105313
105321
105322
105323
105324
105326
105330
105332
105333
105337
105341
105342
105346
105350
105356
105360
105361
105366
105370
105371
105372
105379
105385
105388
105393
105402
105403
105408
105413
105414
105430
105436
105444
105447
105448
105449
105454
105459
105461
105465
105466
105469
105470
105480
105481
105482
105487
105491
105492
105494
105496
105500
105506
105510
105511
105515
105518
105520
105529
105534
105542
105548
105550
105553
105554
105555
105559
105563
105570
105571
105583
105592
105593
105595
105596
105600
105603
105609
105620
105623
105625
105626
105633
105654
105660
105663
105665
105668
105669
105670
105676
105681
105689
105691
105696
105698
105700
105705
105710
105712
105719
105721
105729
105730
105734
105738
105741
105749
105750
105751
105752
105755
105757
105762
105763
105768
105769
105774
105775
105778
105779
105789
105793
105809
105812
105819
105823
105826
105837
105838
105841
105846
105848
105863
105870
105874
105875
105882
105884
105887
105888
105893
105899
105900
105901
105902
105903
105904
105905
105912
105925
105927
105928
105936
105941
105947
105953
105955
105957
105958
105961
105972
105973
105975
105978
105979
105980
105984
105986
105988
105994
105999
106002
106006
106009
106013
106014
106016
106017
106019
106034
106039
106040
106049
106051
106052
106053
106061
106063
106064
106067
106068
106070
106073
106074
106075
106077
106080
106088
106093
106106
106107
106112
106125
106136
106138
106140
106158
106172
106173
106181
106183
106184
106187
106193
106199
106214
106215
106220
106225
106230
106233
106237
106239
106242
106245
106246
106251
106253
106255
106258
106272
106273
106275
106279
106285
106289
106295
106299
106306
106308
106317
106321
106326
106327
106329
106336
106338
106340
106343
106346
106352
106357
106360
106365
106372
106374
106376
106381
106383
106384
106387
106401
106412
106416
106420
106421
106430
106432
106434
106436
106438
106441
106443
106452
106464
106465
106471
106473
106476
106480
106489
106493
106495
106497
106504
106506
106508
106521
106522
106523
106525
106528
106534
106536
106544
106555
106568
106571
106576
106577
106586
106590
106591
106599
106605
106607
106612
106613
106615
106619
106628
106632
106637
106655
106663
106666
106668
106670
106671
106674
106687
106708
106712
106713
106721
106723
106725
106731
106732
106737
106738
106743
106745
106746
106749
106751
106766
106768
106772
106773
106781
106794
106795
106803
106804
106807
106808
106809
106815
106821
106824
106825
106829
106830
106837
106840
106843
106849
106850
106855
106858
106870
106873
106874
106875
106888
106897
106898
106903
106907
106912
106917
106926
106932
106934
106944
106946
106955
106956
106958
106961
106962
106965
106966
106967
106974
106975
106976
106978
106989
106991
106993
106995
106998
107002
107003
107008
107009
107020
107028
107035
107037
107040
107041
107048
107053
107056
107058
107060
107062
107069
107070
107077
107079
107080
107081
107088
107089
107090
107108
107110
107111
107114
107121
107123
107130
107131
107137
107138
107146
107149
107150
107151
107156
107169
107170
107171
107174
107176
107193
107196
107198
107201
107203
107206
107207
107213
107215
107219
107221
107223
107225
107226
107231
107237
107244
107246
107249
107254
107255
107256
107264
107265
107273
107274
107282
107286
107290
107292
107296
107303
107313
107314
107316
107317
107318
107320
107323
107327
107328
107341
107343
107354
107363
107364
107370
107373
107379
107380
107391
107398
107399
107401
107408
107414
107419
107420
107421
107422
107424
107430
107435
107437
107442
107445
107455
107456
107457
107458
107464
107468
107471
107486
107494
107511
107512
107514
107532
107534
107539
107541
107542
107543
107546
107549
107552
107554
107560
107561
107562
107573
107575
107577
107580
107586
107596
107597
107603
107606
107608
107611
107612
107629
107630
107636
107637
107644
107647
107669
107680
107681
107689
107693
107698
107701
107712
107720
107725
107735
107738
107743
107744
107747
107752
107756
107759
107761
107763
107765
107766
107767
107768
107773
107779
107782
107784
107785
107786
107787
107790
107794
107801
107805
107810
107812
107815
107825
107831
107833
107840
107847
107848
107854
107861
107862
107863
107870
107884
107885
107886
107887
107890
107892
107896
107901
107903
107905
107907
107914
107915
107921
107930
107934
107944
107946
107949
107953
107955
107958
107968
107970
107974
107990
107998
108004
108005
108007
108014
108018
108019
108020
108030
108033
108043
108046
108047
108048
108055
108061
108062
108065
108068
108071
108072
108078
108079
108082
108086
108087
108103
108105
108108
108109
108112
108113
108122
108123
108128
108130
108131
108132
108136
108138
108144
108149
108150
108151
108155
108157
108158
108161
108163
108164
108168
108169
108175
108178
108182
108184
108188
108191
108197
108209
108210
108216
108228
108234
108240
108253
108254
108263
108265
108279
108289
108292
108301
108306
108309
108316
108317
108321
108323
108324
108328
108330
108336
108339
108341
108342
108358
108363
108373
108382
108385
108386
108389
108391
108394
108398
108400
108409
108411
108413
108414
108427
108431
108433
108440
108445
108446
108449
108458
108461
108463
108464
108471
108473
108483
108488
108496
108497
108498
108502
108504
108516
108525
108531
108536
108537
108544
108552
108553
108558
108562
108564
108573
108580
108590
108592
108593
108596
108599
108601
108602
108604
108609
108610
108615
108620
108621
108622
108632
108635
108636
108637
108639
108642
108644
108647
108653
108656
108661
108663
108669
108673
108677
108686
108692
108700
108701
108703
108706
108710
108715
108720
108722
108725
108726
108747
108760
108761
108770
108775
108776
108777
108781
108783
108785
108797
108800
108808
108809
108811
108812
108815
108816
108822
108828
108829
108837
108845
108849
108850
108854
108856
108857
108859
108860
108861
108862
108863
108873
108874
108875
108878
108884
108885
108891
108893
108908
108911
108912
108913
108922
108927
108934
108938
108940
108941
108944
108947
108950
108951
108958
108961
108967
108972
108976
108977
108985
108987
108995
108998
109001
109004
109005
109008
109012
109018
109029
109031
109033
109037
109038
109044
109047
109048
109050
109051
109052
109054
109055
109061
109066
109068
109073
109080
109081
109083
109096
109104
109108
109114
109117
109123
109130
109131
109134
109135
109140
109151
109152
109153
109160
109166
109167
109168
109176
109179
109180
109182
109188
109189
109190
109196
109197
109201
109202
109215
109221
109231
109232
109243
109246
109249
109250
109252
109258
109259
109262
109271
109272
109273
109276
109286
109289
109294
109299
109303
109306
109307
109314
109326
109330
109335
109337
109338
109341
109352
109358
109364
109366
109371
109372
109376
109377
109379
109380
109383
109385
109396
109398
109399
109402
109405
109407
109412
109414
109420
109427
109437
109438
109441
109447
109448
109454
109461
109463
109466
109467
109468
109471
109473
109475
109477
109482
109489
109490
109496
109497
109499
109503
109504
109505
109508
109518
109519
109542
109543
109558
109559
109560
109562
109563
109564
109565
109568
109570
109571
109578
109579
109581
109589
109592
109593
109595
109596
109601
109602
109613
109615
109616
109620
109621
109627
109628
109636
109637
109644
109649
109654
109655
109664
109669
109673
109675
109677
109680
109682
109688
109690
109693
109696
109700
109701
109703
109704
109718
109720
109722
109729
109731
109732
109736
109752
109754
109764
109765
109769
109775
109776
109784
109796
109802
109803
109806
109815
109825
109826
109830
109842
109843
109845
109848
109851
109853
109854
109855
109858
109865
109868
109872
109878
109882
109885
109886
109890
109895
109897
109903
109909
109910
109914
109916
109919
109926
109934
109935
109942
109945
109946
109947
109949
109952
109953
109962
109963
109964
109966
109969
109975
109976
109977
109980
109982
109988
109991
109992
109997
109998
110002
110006
110009
110016
110017
110019
110020
110025
110034
110036
110039
110045
110048
110056
110058
110061
110067
110069
110074
110083
110086
110092
110097
110103
110106
110117
110120
110121
110122
110123
110127
110128
110130
110140
110145
110146
110147
110151
110153
110158
110165
110169
110172
110181
110182
110192
110195
110196
110197
110198
110200
110203
110207
110211
110214
110215
110219
110220
110223
110224
110229
110232
110239
110253
110255
110257
110262
110267
110268
110271
110272
110273
110275
110276
110283
110284
110290
110296
110299
110303
110306
110313
110314
110316
110319
110325
110326
110341
110343
110348
110355
110359
110364
110367
110370
110373
110378
110379
110384
110387
110393
110396
110400
110407
110411
110412
110419
110421
110423
110424
110427
110430
110434
110443
110444
110446
110447
110448
110450
110457
110459
110463
110469
110470
110475
110478
110479
110486
110487
110489
110494
110495
110497
110502
110503
110506
110508
110509
110510
110517
110521
110522
110524
110525
110526
110529
110530
110535
110543
110546
110549
110550
110551
110563
110566
110567
110572
110575
110577
110590
110598
110599
110615
110619
110626
110627
110628
110631
110637
110649
110654
110657
110658
110660
110667
110671
110676
110684
110685
110688
110692
110694
110699
110711
110717
110719
110720
110723
110724
110733
110738
110741
110743
110745
110746
110747
110752
110756
110758
110760
110766
110767
110768
110774
110775
110776
110782
110784
110787
110796
110814
110817
110829
110830
110836
110842
110843
110844
110846
110849
110853
110854
110865
110873
110875
110876
110880
110883
110895
110897
110909
110915
110919
110925
110927
110928
110938
110945
110946
110950
110953
110960
110963
110964
110967
110970
110971
110973
110978
110979
110980
110982
110987
110991
110995
110999
111001
111005
111006
111011
111014
111033
111036
111039
111041
111042
111043
111047
111048
111053
111066
111068
111069
111071
111077
111080
111081
111083
111086
111087
111089
111091
111092
111095
111096
111101
111102
111109
111114
111116
111117
111123
111128
111129
111134
111137
111143
111153
111155
111158
111159
111161
111166
111171
111173
111183
111194
111196
111197
111199
111203
111204
111208
111211
111215
111216
111218
111221
111224
111225
111230
111233
111236
111237
111240
111242
111244
111246
111247
111251
111252
111253
111260
111262
111263
111264
111272
111278
111281
111283
111285
111288
111289
111295
111311
111315
111317
111322
111326
111329
111330
111333
111336
111337
111341
111346
111355
111356
111364
111366
111368
111372
111374
111386
111398
111399
111403
111406
111412
111414
111417
111419
111425
111427
111430
111431
111433
111436
111440
111441
111443
111445
111448
111449
111458
111459
111460
111464
111476
111477
111482
111485
111487
111498
111503
111505
111516
111519
111528
111536
111544
111547
111548
111551
111557
111575
111576
111588
111589
111596
111598
111599
111613
111614
111618
111625
111626
111632
111633
111634
111648
111650
111655
111656
111667
111668
111671
111679
111688
111697
111700
111702
111707
111708
111710
111712
111716
111717
111727
111731
111735
111739
111745
111748
111754
111759
111765
111767
111771
111775
111776
111777
111778
111781
111782
111785
111786
111787
111791
111794
111808
111813
111817
111818
111823
111834
111842
111848
111849
111850
111851
111853
111858
111862
111875
111876
111882
111884
111885
111887
111890
111893
111894
111896
111904
111906
111918
111919
111926
111930
111935
111942
111943
111953
111960
111966
111967
111972
111975
111991
111992
111999
112003
112004
112007
112013
112017
112018
112027
112041
112047
112053
112054
112058
112062
112065
112067
112073
112078
112082
112087
112089
112094
112095
112105
112106
112108
112109
112122
112123
112129
112131
112140
112142
112144
112149
112159
112166
112172
112179
112189
112190
112194
112195
112198
112199
112201
112205
112212
112213
112224
112232
112233
112239
112241
112244
112249
112252
112254
112257
112261
112264
112270
112274
112284
112289
112291
112296
112297
112298
112315
112321
112332
112334
112337
112341
112343
112361
112364
112366
112373
112374
112375
112377
112383
112386
112388
112396
112400
112405
112406
112409
112411
112419
112421
112423
112429
112433
112434
112437
112442
112446
112447
112449
112450
112454
112456
112458
112462
112466
112470
112477
112479
112488
112491
112495
112496
112500
112508
112509
112511
112514
112515
112519
112521
112541
112544
112545
112550
112552
112557
112559
112561
112568
112569
112570
112573
112574
112585
112601
112608
112614
112615
112616
112621
112623
112629
112632
112634
112635
112636
112637
112647
112653
112659
112661
112665
112666
112674
112680
112682
112695
112697
112700
112701
112702
112704
112711
112715
112718
112720
112722
112725
112732
112734
112736
112740
112741
112749
112754
112757
112763
112768
112769
112777
112780
112790
112791
112794
112795
112797
112799
112800
112808
112818
112821
112827
112828
112830
112831
112833
112836
112837
112839
112843
112849
112851
112852
112857
112862
112863
112867
112872
112876
112883
112886
112894
112896
112898
112910
112917
112923
112924
112926
112938
112954
112956
112957
112958
112960
112963
112965
112966
112971
112980
112984
112986
112987
112989
112996
112997
113000
113001
113008
113018
113020
113021
113022
113026
113027
113028
113029
113030
113031
113036
113039
113042
113043
113044
113046
113053
113061
113065
113068
113069
113075
113082
113086
113091
113093
113094
113102
113103
113111
113115
113119
113123
113126
113137
113143
113147
113149
113159
113167
113189
113193
113197
113200
113201
113204
113217
113218
113219
113220
113229
113242
113247
113260
113265
113266
113267
113272
113281
113284
113288
113289
113297
113312
113315
113316
113317
113318
113319
113321
113322
113330
113332
113333
113339
113343
113344
113347
113352
113356
113367
113369
113376
113387
113393
113394
113397
113398
113402
113406
113417
113420
113422
113431
113432
113434
113435
113437
113445
113447
113449
113455
113456
113457
113461
113468
113477
113478
113482
113484
113485
113492
113496
113497
113501
113502
113511
113513
113515
113526
113529
113531
113534
113535
113537
113539
113540
113542
113545
113547
113548
113549
113557
113558
113559
113564
113565
113569
113574
113576
113577
113591
113592
113598
113600
113601
113605
113607
113608
113616
113620
113622
113629
113632
113636
113639
113640
113651
113655
113656
113657
113663
113668
113678
113679
113683
113688
113690
113692
113694
113701
113704
113712
113713
113715
113717
113731
113732
113734
113741
113742
113746
113748
113749
113750
113760
113762
113764
113765
113767
113768
113769
113776
113777
113779
113782
113784
113785
113787
113793
113799
113805
113807
113816
113818
113821
113822
113838
113840
113845
113848
113850
113852
113854
113863
113869
113872
113875
113877
113878
113879
113881
113883
113884
113889
113891
113892
113893
113894
113897
113898
113904
113906
113911
113912
113915
113920
113934
113940
113941
113946
113950
113954
113973
113981
113982
113985
113988
113991
113994
113996
113999
114002
114003
114004
114010
114013
114017
114035
114036
114037
114040
114042
114046
114048
114050
114055
114064
114067
114069
114077
114078
114079
114088
114091
114093
114099
114104
114112
114113
114119
114122
114126
114133
114134
114137
114138
114143
114147
114150
114151
114152
114157
114158
114160
114165
114172
114175
114178
114179
114183
114184
114187
114192
114193
114197
114198
114204
114205
114206
114208
114212
114218
114225
114229
114231
114233
114236
114240
114242
114243
114248
114252
114254
114256
114257
114262
114263
114266
114274
114276
114277
114290
114295
114296
114298
114299
114305
114307
114310
114316
114319
114321
114327
114330
114337
114338
114343
114349
114354
114358
114365
114366
114367
114368
114374
114379
114383
114387
114391
114397
114399
114403
114404
114406
114413
114419
114423
114427
114428
114430
114436
114445
114451
114454
114457
114461
114463
114464
114468
114469
114474
114475
114485
114486
114490
114493
114497
114498
114500
114504
114505
114509
114510
114513
114514
114515
114516
114522
114524
114525
114527
114528
114531
114535
114541
114545
114548
114549
114550
114563
114566
114569
114570
114574
114578
114579
114584
114588
114591
114596
114597
114600
114605
114606
114611
114621
114624
114625
114629
114633
114641
114642
114651
114658
114661
114665
114671
114672
114676
114683
114686
114692
114694
114696
114701
114705
114706
114708
114715
114718
114719
114724
114732
114735
114736
114744
114748
114750
114751
114752
114758
114765
114766
114768
114770
114776
114779
114781
114782
114784
114788
114789
114790
114791
114794
114798
114801
114806
114809
114810
114811
114812
114816
114818
114819
114821
114828
114829
114831
114834
114836
114837
114841
114842
114848
114851
114852
114856
114862
114867
114868
114869
114873
114877
114879
114880
114882
114884
114886
114890
114893
114894
114906
114910
114911
114914
114919
114920
114921
114924
114927
114929
114931
114938
114943
114948
114950
114954
114961
114963
114965
114968
114970
114978
114982
114983
114987
114992
114994
114996
114997
115009
115015
115016
115022
115031
115034
115036
115037
115040
115042
115052
115058
115060
115062
115077
115094
115097
115107
115111
115117
115121
115123
115128
115135
115136
115139
115140
115141
115154
115187
115191
115199
115200
115202
115207
115213
115216
115217
115218
115223
115229
115255
115257
115259
115266
115272
115273
115274
115276
115277
115278
115284
115285
115301
115310
115314
115315
115318
115323
115324
115345
115348
115358
115367
115372
115374
115376
115385
115392
115393
115396
115403
115410
115422
115428
115433
115437
115440
115441
115451
115453
115455
115456
115457
115458
115467
115469
115470
115476
115477
115479
115489
115490
115493
115494
115496
115501
115506
115514
115515
115519
115521
115522
115523
115528
115534
115538
115539
115540
115543
115545
115548
115551
115553
115554
115558
115559
115560
115563
115570
115572
115573
115574
115576
115577
115590
115599
115600
115603
115609
115611
115613
115615
115620
115625
115629
115630
115632
115635
115639
115641
115642
115643
115645
115647
115650
115653
115657
115659
115661
115662
115663
115664
115671
115673
115678
115687
115690
115694
115696
115699
115706
115708
115714
115718
115722
115727
115728
115731
115737
115738
115754
115755
115756
115761
115775
115776
115781
115788
115800
115804
115806
115812
115818
115824
115831
115837
115840
115846
115853
115866
115868
115873
115878
115882
115884
115886
115890
115892
115893
115894
115897
115898
115900
115901
115910
115911
115915
115920
115927
115934
115939
115945
115952
115956
115960
115962
115968
115971
115975
115980
115993
115997
116001
116003
116011
116014
116017
116018
116020
116030
116032
116036
116037
116045
116051
116054
116055
116059
116060
116064
116067
116068
116071
116074
116076
116080
116083
116091
116092
116098
116102
116140
116143
116146
116155
116156
116157
116159
116161
116163
116164
116167
116180
116183
116185
116186
116187
116194
116203
116209
116210
116211
116215
116218
116227
116228
116229
116231
116237
116257
116259
116263
116271
116274
116276
116283
116287
116288
116301
116302
116305
116306
116317
116319
116320
116328
116332
116349
116351
116353
116363
116380
116381
116382
116383
116389
116390
116392
116393
116398
116399
116401
116404
116410
116411
116417
116423
116428
116434
116436
116440
116444
116452
116455
116459
116460
116462
116465
116466
116467
116468
116474
116493
116495
116497
116500
116501
116504
116510
116513
116518
116520
116524
116528
116530
116533
116534
116543
116544
116545
116547
116552
116558
116562
116569
116573
116575
116578
116579
116582
116586
116587
116588
116592
116595
116603
116605
116618
116619
116622
116623
116624
116625
116626
116627
116631
116634
116640
116644
116645
116649
116651
116653
116654
116657
116658
116663
116665
116668
116671
116674
116681
116682
116685
116687
116690
116691
116692
116695
116697
116699
116700
116712
116720
116722
116729
116734
116735
116743
116748
116750
116753
116754
116756
116758
116761
116762
116764
116771
116773
116779
116781
116782
116783
116786
116788
116789
116796
116797
116801
116802
116807
116809
116810
116811
116816
116820
116822
116823
116826
116830
116831
116832
116852
116856
116858
116861
116863
116865
116869
116871
116872
116873
116874
116876
116880
116881
116885
116892
116897
116899
116902
116917
116918
116925
116929
116930
116931
116932
116934
116935
116943
116944
116946
116951
116961
116962
116969
116972
116994
116996
117000
117006
117013
117020
117022
117024
117025
117026
117027
117028
117037
117040
117044
117047
117052
117053
117054
117059
117060
117069
117076
117079
117088
117090
117092
117093
117094
117096
117097
117100
117105
117111
117118
117120
117125
117126
117134
117137
117138
117140
117149
117150
117152
117154
117155
117172
117174
117175
117178
117183
117186
117201
117202
117205
117206
117211
117215
117219
117225
117227
117229
117232
117242
117244
117245
117246
117248
117258
117259
117264
117273
117275
117278
117280
117287
117288
117294
117296
117301
117302
117303
117314
117317
117319
117325
117327
117329
117331
117332
117334
117338
117340
117342
117343
117344
117351
117353
117356
117357
117359
117360
117362
117365
117375
117378
117385
117390
117391
117392
117399
117403
117406
117407
117411
117417
117419
117421
117424
117427
117428
117432
117436
117439
117441
117446
117448
117450
117451
117468
117472
117476
117477
117480
117488
117490
117501
117508
117509
117517
117519
117524
117526
117527
117530
117540
117541
117543
117548
117549
117551
117552
117556
117560
117561
117567
117568
117573
117574
117577
117578
117582
117583
117601
117602
117603
117604
117606
117608
117614
117619
117623
117624
117627
117637
117640
117644
117645
117647
117649
117652
117656
117671
117675
117676
117677
117678
117681
117682
117685
117686
117694
117695
117700
117702
117710
117712
117713
117714
117717
117718
117722
117727
117730
117744
117745
117748
117751
117756
117757
117772
117775
117776
117780
117783
117785
117802
117806
117807
117810
117812
117817
117818
117827
117829
117834
117836
117841
117848
117854
117857
117864
117872
117873
117882
117883
117885
117894
117895
117898
117902
117916
117918
117919
117920
117922
117923
117930
117936
117949
117954
117962
117963
117973
117977
117979
117985
117992
118000
118002
118016
118023
118028
118030
118031
118032
118034
118040
118042
118046
118054
118055
118065
118082
118085
118087
118088
118091
118093
118094
118103
118108
118114
118115
118118
118123
118125
118130
118133
118136
118144
118145
118146
118158
118168
118171
118190
118194
118200
118208
118211
118213
118215
118222
118223
118225
118227
118228
118237
118239
118245
118247
118252
118254
118266
118270
118284
118287
118292
118294
118295
118303
118305
118310
118316
118321
118324
118325
118327
118328
118329
118330
118341
118348
118350
118352
118353
118356
118358
118361
118366
118367
118368
118370
118376
118379
118383
118385
118391
118393
118400
118401
118407
118408
118411
118414
118415
118419
118422
118424
118428
118429
118431
118432
118434
118440
118452
118468
118470
118476
118491
118496
118502
118504
118505
118507
118508
118530
118535
118538
118539
118546
118548
118555
118556
118572
118587
118589
118593
118594
118604
118605
118606
118607
118616
118624
118625
118628
118632
118638
118639
118644
118649
118659
118660
118667
118668
118671
118677
118679
118680
118681
118687
118688
118690
118695
118706
118709
118710
118712
118713
118715
118717
118731
118732
118736
118737
118740
118743
118749
118755
118760
118772
118773
118776
118777
118780
118785
118790
118793
118794
118796
118802
118808
118814
118823
118824
118832
118836
118840
118843
118845
118848
118850
118852
118853
118854
118860
118861
118864
118865
118871
118874
118882
118884
118889
118890
118892
118896
118898
118899
118902
118904
118909
118919
118923
118927
118929
118931
118935
118936
118938
118946
118948
118951
118960
118963
118966
118970
118974
118985
118989
119000
119004
119005
119008
119009
119011
119012
119015
119020
119024
119036
119038
119039
119045
119049
119050
119056
119065
119078
119079
119080
119084
119085
119087
119089
119091
119099
119106
119108
119119
119129
119133
119136
119151
119153
119154
119156
119157
119158
119159
119160
119165
119168
119173
119175
119177
119178
119186
119191
119193
119195
119200
119206
119208
119211
119217
119221
119223
119229
119230
119233
119234
119236
119237
119241
119242
119249
119259
119266
119268
119269
119272
119278
119280
119282
119286
119298
119303
119304
119309
119312
119316
119317
119320
119325
119331
119342
119351
119352
119360
119361
119364
119366
119371
119377
119388
119389
119390
119398
119400
119402
119409
119413
119423
119426
119435
119437
119445
119448
119452
119454
119456
119458
119459
119460
119463
119469
119472
119473
119481
119484
119485
119487
119488
119494
119499
119501
119508
119509
119512
119513
119515
119519
119521
119522
119523
119525
119526
119529
119533
119536
119537
119540
119566
119568
119569
119572
119573
119582
119593
119595
119596
119598
119599
119610
119614
119618
119628
119633
119635
119643
119651
119665
119676
119678
119679
119681
119684
119686
119688
119690
119701
119702
119709
119715
119721
119722
119727
119732
119735
119737
119740
119746
119749
119753
119754
119756
119760
119766
119781
119785
119796
119798
119805
119806
119809
119813
119818
119820
119828
119829
119834
119835
119841
119842
119845
119849
119869
119872
119873
119874
119875
119883
119886
119895
119896
119899
119901
119904
119908
119909
119913
119917
119921
119924
119928
119935
119938
119942
119947
119954
119957
119961
119963
119965
119969
119978
119984
119988
119990
119992
119994
119998
119999
120003
120004
120010
120013
120017
120020
120022
120023
120027
120029
120031
120034
120038
120048
120049
120054
120059
120064
120067
120070
120076
120082
120087
120099
120100
120103
120106
120108
120115
120120
120122
120124
120132
120141
120145
120149
120155
120161
120165
120167
120170
120171
120177
120186
120187
120188
120196
120197
120202
120223
120227
120229
120232
120234
120237
120238
120243
120248
120250
120255
120257
120260
120263
120267
120276
120277
120286
120290
120291
120292
120295
120303
120307
120309
120316
120327
120333
120335
120338
120341
120347
120349
120351
120352
120356
120361
120362
120365
120367
120388
120395
120399
120406
120410
120412
120413
120415
120426
120429
120430
120440
120445
120448
120450
120459
120462
120463
120465
120466
120471
120473
120480
120486
120487
120488
120491
120493
120497
120508
120511
120513
120523
120526
120538
120542
120549
120550
120552
120553
120554
120567
120579
120580
120581
120582
120583
120587
120588
120596
120597
120605
120609
120615
120616
120617
120619
120621
120622
120624
120626
120636
120640
120644
120645
120646
120648
120661
120665
120671
120676
120679
120696
120708
120709
120711
120717
120719
120724
120728
120729
120739
120743
120744
120754
120756
120761
120767
120769
120771
120775
120776
120778
120789
120791
120792
120793
120795
120796
120797
120804
120808
120822
120827
120828
120834
120837
120839
120842
120843
120845
120851
120852
120854
120856
120867
120868
120873
120876
120878
120886
120888
120890
120900
120901
120908
120914
120915
120922
120932
120937
120939
120940
120941
120947
120948
120951
120964
120967
120983
120990
120993
121000
121005
121009
121010
121014
121016
121017
121019
121021
121022
121034
121040
121046
121049
121051
121052
121053
121055
121062
121064
121065
121067
121071
121073
121074
121075
121079
121081
121088
121093
121094
121095
121099
121100
121102
121104
121106
121109
121112
121113
121119
121129
121131
121137
121141
121142
121143
121145
121156
121164
121168
121175
121181
121183
121184
121193
121194
121197
121198
121214
121221
121223
121232
121247
121249
121250
121253
121262
121270
121271
121272
121279
121280
121281
121285
121292
121293
121303
121317
121322
121323
121325
121328
121332
121334
121335
121337
121338
121340
121341
121349
121354
121358
121359
121360
121372
121375
121379
121381
121382
121383
121390
121393
121394
121401
121402
121403
121409
121410
121413
121424
121431
121437
121440
121443
121447
121448
121449
121458
121459
121462
121464
121469
121474
121476
121479
121484
121487
121489
121493
121499
121503
121505
121509
121524
121526
121530
121531
121537
121538
121542
121544
121546
121553
121554
121559
121560
121562
121568
121574
121575
121576
121577
121578
121583
121585
121598
121602
121604
121606
121609
121610
121614
121618
121622
121629
121634
121637
121642
121646
121651
121652
121653
121662
121669
121672
121674
121680
121681
121688
121689
121691
121694
121695
121697
121698
121701
121703
121705
121706
121709
121710
121713
121718
121722
121724
121725
121729
121730
121733
121736
121738
121743
121745
121750
121751
121753
121761
121764
121765
121770
121772
121774
121782
121788
121791
121793
121794
121805
121806
121810
121814
121824
121826
121839
121847
121848
121849
121852
121857
121859
121860
121861
121863
121864
121867
121870
121872
121873
121878
121882
121883
121894
121901
121903
121906
121909
121911
121918
121922
121923
121926
121927
121928
121929
121930
121933
121936
121941
121944
121946
121950
121951
121952
121953
121955
121957
121960
121961
121964
121969
121971
121972
121974
121975
121981
121983
121986
121987
121988
121993
121996
121999
122007
122008
122010
122011
122012
122013
122028
122031
122033
122034
122041
122043
122044
122046
122049
122059
122065
122072
122073
122077
122078
122083
122090
122096
122114
122120
122121
122123
122125
122127
122135
122140
122147
122148
122151
122154
122156
122157
122158
122160
122162
122166
122179
122198
122199
122207
122209
122216
122217
122231
122234
122248
122250
122252
122272
122273
122275
122276
122287
122299
122301
122305
122309
122312
122315
122329
122331
122334
122336
122339
122347
122351
122353
122358
122360
122372
122375
122381
122382
122387
122388
122389
122390
122397
122415
122422
122423
122432
122436
122438
122448
122450
122451
122453
122458
122459
122462
122479
122484
122492
122493
122495
122499
122505
122506
122515
122523
122524
122526
122531
122532
122533
122537
122538
122540
122547
122548
122550
122554
122555
122556
122564
122570
122573
122582
122583
122587
122590
122591
122598
122599
122608
122610
122612
122613
122614
122632
122634
122648
122652
122658
122659
122666
122667
122668
122675
122684
122693
122696
122697
122699
122701
122702
122705
122716
122720
122724
122725
122727
122730
122736
122749
122750
122753
122755
122758
122760
122764
122768
122778
122790
122793
122798
122803
122806
122818
122823
122824
122826
122828
122830
122835
122836
122837
122842
122844
122845
122846
122857
122861
122862
122869
122870
122874
122877
122878
122885
122887
122899
122902
122903
122904
122912
122917
122921
122922
122930
122934
122936
122942
122943
122945
122947
122948
122959
122960
122962
122968
122970
122972
122973
122974
122980
122986
122993
122994
122995
123002
123009
123012
123014
123015
123036
123040
123044
123046
123048
123053
123055
123058
123060
123063
123064
123068
123069
123071
123075
123076
123079
123087
123092
123096
123097
123100
123102
123104
123112
123117
123120
123124
123129
123130
123133
123134
123135
123138
123140
123141
123142
123143
123155
123159
123161
123168
123169
123173
123177
123178
123192
123197
123201
123205
123207
123208
123212
123213
123214
123215
123216
123218
123226
123228
123229
123234
123235
123237
123239
123250
123258
123262
123263
123266
123271
123273
123274
123275
123278
123281
123285
123286
123287
123290
123297
123303
123308
123309
123310
123313
123314
123316
123318
123322
123327
123329
123334
123346
123350
123354
123356
123357
123361
123363
123364
123371
123372
123373
123375
123381
123383
123387
123395
123407
123409
123416
123423
123424
123428
123434
123445
123449
123451
123452
123453
123454
123455
123462
123466
123468
123476
123480
123482
123483
123489
123494
123497
123498
123499
123504
123505
123510
123511
123522
123524
123527
123530
123531
123536
123537
123539
123540
123542
123544
123546
123548
123558
123564
123565
123567
123574
123575
123577
123581
123585
123591
123592
123595
123615
123621
123624
123625
123628
123629
123632
123638
123639
123641
123644
123650
123652
123653
123674
123678
123685
123686
123692
123695
123699
123701
123702
123705
123706
123708
123709
123712
123714
123729
123735
123737
123741
123748
123749
123753
123756
123757
123759
123761
123762
123773
123776
123782
123785
123791
123795
123797
123800
123807
123810
123812
123825
123826
123828
123830
123834
123837
123838
123839
123841
123843
123847
123848
123852
123857
123859
123860
123866
123867
123870
123871
123872
123874
123877
123878
123882
123887
123890
123894
123895
123896
123903
123906
123907
123915
123921
123922
123925
123930
123932
123935
123936
123939
123944
123947
123950
123952
123953
123957
123965
123970
123972
123975
123981
123989
123990
123994
123996
123998
124012
124020
124022
124026
124032
124034
124042
124044
124045
124055
124060
124065
124071
124081
124094
124100
124101
124103
124114
124117
124118
124119
124121
124122
124123
124125
124127
124128
124133
124136
124138
124149
124150
124156
124166
124173
124174
124180
124184
124196
124200
124202
124204
124205
124211
124217
124218
124221
124226
124227
124235
124244
124245
124256
124257
124260
124261
124265
124267
124268
124280
124297
124308
124309
124316
124318
124324
124329
124332
124335
124338
124345
124348
124351
124353
124359
124364
124367
124377
124381
124384
124391
124405
124408
124422
124427
124432
124440
124447
124452
124455
124459
124468
124474
124479
124485
124490
124493
124501
124508
124510
124511
124518
124525
124534
124542
124543
124544
124545
124548
124549
124559
124561
124562
124568
124571
124575
124576
124579
124590
124591
124592
124594
124595
124596
124599
124604
124607
124608
124612
124629
124630
124633
124641
124644
124645
124650
124651
124656
124662
124669
124673
124691
124694
124701
124703
124707
124714
124716
124724
124730
124732
124734
124739
124744
124752
124758
124759
124766
124778
124779
124781
124782
124792
124794
124801
124813
124814
124815
124820
124832
124839
124841
124842
124848
124858
124860
124864
124868
124869
124879
124883
124887
124889
124894
124897
124899
124901
124905
124912
124915
124920
124924
124935
124937
124945
124955
124956
124966
124968
124970
124981
124983
124990
124999
125003
125008
125010
125012
125020
125021
125026
125029
125033
125034
125054
125058
125061
125063
125066
125067
125070
125073
125075
125080
125082
125085
125087
125088
125098
125100
125101
125102
125104
125105
125107
125111
125112
125114
125121
125124
125131
125138
125140
125148
125150
125151
125158
125165
125166
125171
125172
125175
125177
125178
125182
125184
125192
125197
125199
125201
125202
125208
125209
125212
125218
125222
125231
125242
125244
125246
125248
125252
125269
125278
125287
125291
125292
125294
125296
125298
125305
125306
125314
125316
125323
125328
125329
125334
125337
125339
125340
125345
125362
125366
125375
125379
125384
125386
125388
125389
125393
125395
125397
125398
125413
125418
125419
125421
125427
125432
125433
125436
125437
125438
125439
125443
125447
125452
125456
125460
125461
125464
125466
125468
125470
125478
125479
125483
125488
125490
125493
125498
125503
125512
125513
125518
125519
125522
125525
125526
125528
125537
125540
125541
125574
125582
125588
125589
125593
125599
125603
125617
125618
125623
125625
125626
125628
125631
125643
125652
125656
125659
125662
125668
125669
125676
125679
125680
125682
125683
125686
125688
125694
125695
125696
125702
125703
125709
125716
125728
125735
125742
125752
125754
125756
125758
125764
125765
125768
125770
125773
125778
125780
125786
125791
125800
125802
125808
125816
125820
125821
125823
125824
125825
125827
125841
125842
125848
125861
125863
125867
125871
125878
125882
125885
125895
125898
125901
125903
125907
125909
125912
125917
125922
125931
125932
125936
125938
125947
125950
125954
125959
125960
125966
125967
125970
125980
125983
125987
125990
125991
125994
125996
125997
125998
126001
126004
126006
126007
126011
126016
126018
126023
126025
126032
126033
126034
126037
126038
126040
126060
126062
126065
126070
126076
126082
126090
126094
126096
126097
126100
126102
126103
126105
126107
126116
126118
126124
126131
126134
126139
126144
126148
126151
126157
126163
126171
126174
126178
126183
126185
126186
126191
126197
126205
126207
126211
126214
126215
126216
126225
126227
126232
126233
126234
126251
126264
126267
126272
126273
126277
126286
126293
126296
126298
126301
126313
126315
126330
126331
126332
126333
126334
126336
126337
126341
126348
126350
126351
126354
126356
126357
126361
126375
126376
126377
126387
126391
126396
126398
126400
126403
126406
126407
126411
126414
126415
126419
126421
126422
126423
126430
126433
126438
126441
126445
126456
126458
126462
126463
126471
126478
126479
126481
126496
126506
126511
126512
126515
126517
126521
126523
126526
126528
126530
126531
126535
126540
126544
126551
126554
126562
126564
126568
126570
126571
126573
126574
126576
126577
126580
126581
126585
126586
126595
126598
126612
126620
126627
126629
126631
126634
126644
126665
126674
126676
126682
126686
126702
126705
126714
126734
126740
126741
126742
126746
126747
126754
126756
126757
126759
126762
126766
126767
126768
126771
126772
126779
126780
126784
126789
126790
126792
126802
126805
126816
126822
126824
126828
126835
126838
126841
126844
126845
126848
126853
126854
126856
126860
126861
126863
126872
126874
126875
126883
126884
126888
126890
126891
126894
126905
126907
126916
126917
126918
126919
126929
126930
126940
126947
126949
126958
126962
126965
126971
126973
126976
126980
126982
126984
126989
126995
126996
126997
127001
127005
127007
127008
127009
127026
127027
127030
127031
127036
127039
127042
127044
127049
127051
127054
127058
127061
127062
127063
127064
127067
127069
127074
127079
127083
127086
127087
127088
127091
127097
127098
127099
127100
127104
127108
127109
127117
127120
127122
127132
127136
127138
127140
127141
127144
127148
127151
127153
127156
127158
127160
127172
127176
127180
127182
127183
127184
127188
127197
127207
127214
127216
127221
127230
127233
127235
127242
127247
127251
127253
127254
127258
127262
127264
127266
127267
127273
127277
127280
127281
127287
127288
127295
127305
127310
127315
127319
127322
127323
127327
127334
127342
127347
127349
127357
127367
127368
127374
127380
127381
127382
127387
127388
127389
127398
127400
127410
127411
127414
127415
127416
127417
127422
127427
127432
127437
127439
127440
127441
127447
127448
127458
127474
127481
127484
127488
127503
127505
127507
127510
127511
127516
127523
127525
127526
127527
127531
127535
127536
127545
127553
127555
127561
127566
127567
127572
127574
127575
127581
127583
127585
127588
127594
127605
127607
127609
127614
127636
127640
127648
127649
127650
127654
127657
127665
127671
127673
127688
127692
127700
127709
127710
127717
127721
127724
127732
127735
127737
127739
127740
127742
127743
127745
127749
127751
127753
127755
127756
127757
127758
127760
127764
127766
127768
127770
127777
127778
127782
127783
127785
127788
127796
127799
127815
127823
127826
127828
127830
127834
127835
127837
127839
127841
127843
127850
127851
127852
127854
127860
127861
127863
127864
127869
127876
127879
127880
127895
127906
127907
127908
127909
127910
127911
127914
127918
127920
127930
127932
127934
127941
127945
127960
127962
127964
127969
127971
127979
127981
127985
127986
127989
127992
128013
128014
128016
128021
128029
128034
128036
128044
128046
128053
128054
128058
128059
128060
128062
128064
128068
128069
128070
128075
128080
128083
128089
128092
128093
128095
128096
128106
128110
128115
128116
128119
128128
128131
128139
128141
128152
128153
128156
128157
128160
128171
128177
128180
128181
128184
128185
128186
128187
128192
128199
128207
128210
128211
128214
128215
128216
128221
128223
128234
128243
128244
128247
128248
128252
128253
128257
128258
128260
128262
128267
128281
128282
128284
128286
128288
128289
128290
128291
128292
128294
128299
128300
128302
128305
128308
128309
128310
128311
128314
128318
128319
128348
128351
128354
128356
128358
128359
128360
128361
128367
128368
128376
128378
128379
128384
128386
128389
128390
128393
128399
128411
128418
128421
128425
128435
128436
128438
128440
128444
128451
128452
128456
128457
128463
128474
128475
128482
128483
128486
128488
128495
128496
128497
128505
128507
128508
128512
128517
128529
128533
128535
128539
128544
128555
128560
128566
128567
128569
128571
128575
128583
128592
128598
128600
128605
128606
128613
128614
128616
128617
128619
128620
128621
128631
128634
128638
128642
128644
128646
128651
128653
128654
128656
128659
128660
128664
128670
128684
128685
128687
128695
128696
128710
128712
128718
128720
128724
128727
128730
128742
128746
128748
128758
128759
128763
128766
128770
128771
128781
128782
128785
128789
128791
128795
128800
128808
128809
128811
128816
128819
128828
128830
128832
128833
128835
128837
128844
128845
128849
128851
128854
128857
128860
128862
128864
128865
128874
128877
128885
128892
128898
128899
128901
128903
128914
128915
128917
128918
128922
128924
128925
128926
128929
128930
128931
128937
128939
128945
128953
128956
128957
128962
128966
128975
128977
128978
128991
128994
128998
129002
129010
129011
129013
129017
129019
129022
129023
129024
129025
129026
129031
129032
129035
129037
129040
129041
129043
129053
129056
129057
129060
129063
129064
129065
129066
129072
129076
129087
129091
129094
129103
129105
129106
129110
129112
129118
129119
129123
129124
129125
129126
129137
129140
129149
129151
129152
129156
129158
129159
129171
129172
129174
129177
129182
129184
129186
129188
129193
129195
129209
129210
129212
129214
129220
129222
129228
129230
129231
129238
129241
129247
129248
129250
129252
129261
129276
129281
129283
129284
129285
129289
129290
129296
129302
129303
129313
129317
129333
129337
129346
129353
129358
129364
129369
129374
129375
129377
129378
129384
129385
129389
129393
129395
129399
129400
129403
129413
129415
129416
129419
129420
129426
129432
129442
129444
129445
129446
129448
129449
129452
129453
129454
129456
129459
129463
129466
129472
129475
129479
129482
129498
129501
129509
129513
129519
129520
129530
129532
129533
129534
129535
129544
129562
129569
129570
129571
129579
129581
129583
129584
129589
129594
129600
129607
129621
129622
129623
129624
129628
129634
129638
129642
129643
129644
129647
129648
129649
129652
129661
129669
129678
129681
129682
129684
129689
129704
129706
129707
129711
129716
129723
129724
129725
129729
129731
129734
129735
129739
129740
129742
129743
129758
129760
129763
129766
129767
129770
129772
129777
129780
129787
129789
129800
129801
129803
129815
129817
129821
129823
129829
129830
129831
129832
129834
129843
129844
129852
129867
129874
129877
129889
129890
129892
129903
129908
129909
129910
129911
129913
129916
129922
129925
129928
129935
129942
129946
129948
129958
129970
129973
129974
129975
129977
129980
129992
129996
130005
130008
130010
130012
130018
130030
130032
130033
130042
130048
130054
130060
130061
130062
130063
130066
130078
130079
130081
130086
130090
130096
130099
130104
130105
130110
130111
130114
130118
130121
130123
130126
130128
130134
130136
130138
130140
130142
130144
130147
130148
130150
130154
130158
130160
130161
130165
130172
130178
130187
130190
130193
130197
130198
130200
130201
130203
130209
130213
130221
130224
130242
130246
130253
130256
130257
130264
130265
130267
130269
130282
130283
130291
130295
130304
130305
130309
130312
130313
130323
130325
130329
130342
130347
130348
130350
130351
130352
130360
130361
130364
130366
130367
130369
130373
130376
130390
130392
130394
130398
130402
130405
130406
130410
130414
130423
130424
130426
130432
130442
130446
130454
130457
130462
130467
130479
130482
130492
130497
130498
130499
130500
130501
130510
130511
130518
130519
130520
130527
130529
130531
130535
130545
130546
130551
130554
130555
130559
130563
130568
130569
130570
130578
130584
130588
130594
130599
130602
130603
130606
130612
130613
130614
130618
130619
130625
130628
130635
130639
130640
130643
130648
130650
130651
130657
130658
130659
130673
130676
130677
130686
130689
130691
130695
130698
130700
130703
130716
130718
130719
130732
130737
130740
130743
130748
130752
130758
130760
130766
130767
130772
130775
130781
130788
130792
130796
130802
130804
130811
130822
130824
130825
130826
130827
130831
130836
130841
130844
130849
130851
130858
130861
130864
130868
130876
130878
130881
130887
130891
130894
130902
130903
130912
130913
130914
130919
130921
130927
130933
130934
130935
130937
130938
130945
130948
130953
130956
130961
130967
130969
130970
130973
130979
130985
130988
130991
130992
130994
130995
130996
130998
131001
131003
131012
131014
131017
131022
131026
131031
131032
131034
131036
131040
131048
131050
131054
131055
131062
131063
131065
131068
131069
131073
131079
131082
131084
131093
131094
131095
131097
131100
131102
131103
131109
131113
131115
131118
131120
131123
131131
131134
131138
131142
131144
131146
131149
131161
131162
131163
131166
131168
131172
131173
131176
131178
131180
131186
131187
131204
131208
131211
131214
131216
131221
131235
131238
131240
131241
131248
131249
131253
131256
131264
131266
131267
131272
131276
131277
131281
131282
131286
131292
131302
131306
131309
131315
131325
131326
131331
131335
131337
131341
131351
131353
131354
131356
131358
131361
131366
131376
131384
131386
131387
131388
131389
131390
131392
131400
131408
131410
131414
131415
131418
131423
131424
131432
131433
131434
131435
131437
131441
131442
131460
131466
131467
131476
131487
131492
131500
131510
131521
131530
131535
131538
131539
131543
131561
131563
131564
131569
131582
131583
131585
131587
131593
131600
131605
131613
131617
131620
131624
131628
131632
131633
131644
131646
131648
131649
131656
131658
131659
131662
131666
131667
131670
131672
131682
131684
131689
131693
131696
131697
131701
131704
131705
131708
131714
131716
131721
131726
131731
131733
131735
131738
131743
131744
131746
131747
131750
131751
131759
131761
131766
131768
131773
131775
131776
131784
131786
131787
131790
131792
131796
131797
131803
131807
131808
131813
131817
131818
131820
131821
131823
131829
131842
131843
131844
131846
131851
131852
131858
131861
131871
131873
131897
131901
131903
131906
131907
131909
131916
131922
131931
131934
131935
131943
131946
131947
131950
131957
131963
131966
131967
131971
131988
131990
131994
131997
132002
132003
132006
132012
132014
132019
132020
132025
132027
132030
132031
132032
132041
132051
132054
132056
132064
132066
132072
132075
132078
132082
132084
132085
132089
132095
132100
132101
132117
132118
132119
132124
132125
132126
132127
132133
132134
132136
132140
132143
132146
132147
132150
132154
132155
132157
132164
132172
132175
132178
132181
132184
132190
132196
132197
132198
132202
132208
132214
132215
132225
132241
132243
132247
132251
132253
132257
132258
132262
132269
132273
132275
132282
132286
132290
132291
132294
132304
132308
132316
132317
132319
132321
132322
132325
132329
132334
132339
132340
132343
132347
132358
132366
132369
132371
132373
132374
132380
132381
132393
132396
132397
132401
132402
132406
132409
132415
132417
132421
132425
132427
132433
132444
132451
132452
132461
132468
132474
132477
132481
132482
132483
132486
132495
132496
132498
132507
132509
132511
132513
132517
132522
132528
132530
132533
132547
132554
132566
132572
132573
132576
132577
132582
132583
132584
132588
132589
132599
132602
132603
132611
132612
132617
132619
132635
132651
132654
132664
132668
132675
132677
132678
132679
132687
132690
132693
132703
132706
132707
132711
132715
132717
132723
132724
132727
132731
132735
132742
132743
132746
132747
132749
132751
132759
132761
132768
132779
132786
132790
132792
132802
132808
132809
132810
132818
132820
132832
132838
132842
132844
132846
132853
132861
132864
132867
132872
132880
132888
132889
132895
132900
132906
132907
132909
132914
132926
132935
132946
132949
132960
132970
132976
132978
132979
132985
132989
133004
133018
133021
133022
133027
133029
133038
133041
133043
133047
133052
133060
133063
133067
133068
133076
133097
133109
133114
133119
133131
133143
133147
133148
133152
133156
133157
133158
133170
133177
133183
133190
133199
133201
133206
133207
133215
133217
133222
133228
133235
133243
133248
133249
133254
133256
133257
133258
133259
133261
133263
133277
133285
133293
133294
133297
133299
133300
133308
133314
133320
133321
133324
133329
133334
133335
133336
133338
133348
133364
133368
133371
133375
133379
133381
133384
133388
133397
133399
133403
133404
133408
133412
133415
133421
133423
133426
133427
133431
133437
133439
133440
133445
133446
133451
133463
133469
133472
133476
133486
133487
133492
133504
133506
133514
133515
133516
133518
133522
133524
133527
133530
133531
133539
133544
133545
133546
133547
133548
133549
133550
133554
133557
133562
133565
133570
133573
133581
133586
133589
133592
133594
133599
133607
133610
133611
133617
133620
133625
133628
133633
133634
133635
133644
133646
133649
133654
133655
133656
133659
133662
133664
133672
133675
133676
133679
133680
133681
133691
133693
133694
133699
133701
133702
133717
133718
133728
133729
133731
133736
133747
133750
133754
133757
133760
133769
133770
133771
133779
133785
133800
133801
133807
133814
133815
133817
133819
133821
133828
133829
133832
133833
133834
133837
133840
133842
133850
133852
133854
133862
133864
133868
133869
133870
133871
133873
133877
133879
133881
133882
133887
133889
133895
133902
133903
133905
133908
133912
133915
133916
133928
133929
133930
133932
133935
133938
133940
133949
133951
133961
133963
133965
133966
133967
133969
133970
133973
133974
133984
133994
133997
133998
133999
134003
134016
134017
134023
134024
134025
134027
134030
134032
134035
134038
134039
134042
134046
134047
134048
134054
134056
134062
134066
134067
134074
134077
134085
134089
134091
134092
134093
134095
134101
134103
134107
134109
134119
134121
134122
134123
134129
134130
134132
134134
134137
134139
134140
134156
134159
134161
134170
134176
134177
134178
134180
134182
134185
134190
134197
134199
134201
134210
134211
134224
134227
134230
134231
134232
134235
134242
134243
134246
134248
134253
134255
134262
134266
134267
134269
134271
134272
134280
134281
134284
134289
134291
134310
134316
134317
134318
134320
134322
134326
134336
134345
134363
134367
134368
134378
134381
134386
134390
134398
134401
134410
134418
134422
134427
134431
134432
134440
134442
134445
134450
134451
134457
134464
134478
134479
134514
134517
134518
134520
134522
134524
134526
134527
134538
134539
134544
134559
134560
134562
134565
134568
134578
134586
134588
134590
134592
134596
134597
134607
134616
134617
134622
134625
134631
134633
134643
134651
134654
134655
134657
134667
134669
134671
134684
134686
134701
134702
134704
134706
134712
134716
134717
134718
134726
134731
134733
134745
134746
134751
134758
134762
134765
134772
134775
134776
134778
134785
134786
134789
134790
134800
134805
134810
134823
134824
134827
134831
134832
134834
134835
134838
134839
134846
134849
134852
134854
134865
134868
134869
134871
134875
134876
134878
134879
134880
134882
134887
134894
134902
134903
134907
134910
134912
134913
134914
134918
134920
134922
134923
134927
134928
134934
134937
134940
134942
134944
134945
134950
134952
134957
134964
134967
134970
134975
134983
134985
134998
135000
135001
135002
135006
135024
135025
135031
135039
135048
135063
135071
135073
135074
135078
135086
135095
135098
135099
135102
135105
135109
135116
135117
135136
135144
135149
135154
135155
135156
135158
135164
135170
135171
135172
135173
135174
135175
135179
135180
135184
135185
135189
135190
135197
135199
135204
135206
135209
135211
135214
135219
135221
135225
135231
135236
135257
135260
135262
135265
135266
135269
135271
135273
135279
135280
135293
135294
135295
135296
135299
135309
135310
135312
135314
135317
135334
135337
135338
135341
135345
135346
135349
135352
135355
135357
135358
135363
135367
135368
135371
135372
135373
135374
135375
135378
135381
135384
135389
135391
135392
135394
135399
135402
135408
135410
135411
135412
135413
135416
135419
135420
135431
135434
135437
135440
135442
135451
135454
135456
135457
135460
135461
135462
135474
135478
135490
135495
135503
135506
135509
135517
135521
135531
135538
135539
135542
135545
135549
135550
135554
135555
135561
135563
135575
135578
135588
135591
135592
135593
135600
135601
135606
135607
135608
135610
135611
135612
135613
135622
135625
135626
135627
135628
135629
135632
135634
135639
135653
135657
135665
135666
135672
135695
135696
135697
135703
135708
135713
135721
135722
135723
135736
135737
135743
135760
135761
135777
135778
135784
135785
135786
135788
135795
135797
135804
135805
135813
135815
135819
135822
135829
135830
135831
135839
135851
135862
135871
135876
135879
135883
135889
135891
135900
135908
135909
135915
135920
135921
135924
135927
135938
135957
135975
135976
135977
135981
135982
135987
136006
136008
136011
136013
136014
136015
136023
136025
136030
136038
136044
136047
136048
136053
136062
136064
136067
136070
136072
136073
136074
136075
136081
136082
136084
136085
136086
136089
136092
136095
136097
136098
136100
136103
136113
136114
136116
136117
136120
136130
136133
136135
136136
136137
136142
136143
136146
136149
136151
136157
136158
136161
136164
136166
136180
136184
136187
136188
136189
136193
136196
136199
136201
136204
136213
136214
136218
136219
136221
136236
136238
136241
136247
136258
136263
136265
136267
136274
136275
136282
136284
136292
136293
136295
136297
136300
136302
136305
136312
136314
136318
136321
136330
136332
136333
136334
136340
136351
136354
136362
136367
136372
136381
136385
136388
136389
136392
136396
136397
136402
136403
136404
136407
136408
136418
136426
136429
136430
136431
136432
136434
136435
136439
136441
136442
136453
136457
136460
136461
136466
136467
136472
136476
136481
136482
136486
136487
136493
136494
136498
136501
136506
136507
136513
136514
136522
136527
136528
136530
136536
136537
136539
136540
136541
136543
136546
136547
136550
136556
136560
136566
136573
136575
136579
136582
136598
136603
136608
136614
136617
136623
136628
136637
136638
136646
136647
136650
136658
136661
136667
136668
136669
136671
136681
136682
136685
136687
136688
136689
136691
136694
136696
136698
136699
136703
136708
136710
136713
136715
136716
136720
136724
136726
136729
136733
136736
136738
136742
136747
136748
136752
136758
136760
136766
136771
136774
136776
136780
136788
136792
136797
136799
136801
136807
136810
136812
136813
136818
136822
136823
136824
136826
136830
136831
136832
136833
136834
136841
136849
136857
136858
136859
136861
136870
136871
136875
136876
136879
136886
136887
136890
136894
136895
136896
136898
136901
136902
136903
136906
136908
136910
136911
136912
136916
136917
136919
136923
136929
136936
136939
136940
136946
136951
136953
136956
136962
136969
136971
136975
136979
136985
136988
136991
136997
137012
137019
137020
137024
137028
137042
137060
137061
137063
137067
137085
137090
137092
137097
137100
137101
137110
137115
137116
137121
137126
137128
137129
137131
137133
137135
137138
137146
137147
137148
137155
137156
137157
137158
137160
137166
137171
137172
137175
137181
137182
137185
137187
137193
137195
137201
137205
137206
137209
137211
137212
137214
137216
137217
137218
137219
137227
137229
137236
137237
137243
137246
137249
137252
137253
137255
137257
137258
137259
137260
137267
137269
137273
137274
137276
137279
137283
137284
137285
137292
137293
137302
137304
137305
137306
137310
137315
137316
137317
137323
137327
137340
137345
137356
137358
137359
137360
137361
137362
137365
137388
137389
137390
137399
137400
137403
137405
137410
137412
137423
137424
137432
137436
137438
137439
137440
137441
137445
137448
137456
137458
137459
137460
137462
137481
137482
137483
137484
137493
137494
137501
137502
137508
137516
137518
137522
137524
137531
137541
137548
137550
137553
137555
137557
137558
137564
137568
137570
137572
137578
137580
137581
137587
137592
137596
137600
137602
137609
137612
137613
137616
137621
137625
137630
137631
137640
137642
137647
137648
137650
137654
137655
137656
137658
137665
137670
137687
137689
137691
137696
137697
137701
137704
137705
137707
137716
137717
137718
137726
137727
137728
137730
137734
137736
137742
137743
137746
137752
137762
137766
137768
137770
137772
137779
137782
137783
137784
137785
137790
137797
137798
137801
137805
137806
137808
137810
137811
137812
137813
137816
137817
137824
137827
137828
137832
137836
137840
137847
137848
137855
137859
137861
137868
137873
137877
137884
137891
137899
137903
137915
137917
137918
137920
137926
137934
137935
137936
137937
137946
137947
137951
137960
137963
137968
137971
137975
137978
138001
138010
138012
138015
138016
138023
138024
138033
138041
138042
138043
138047
138049
138053
138057
138059
138070
138071
138080
138081
138084
138088
138091
138092
138093
138097
138099
138101
138108
138109
138116
138120
138122
138124
138128
138129
138144
138147
138148
138153
138154
138157
138161
138164
138165
138169
138170
138171
138173
138174
138178
138179
138181
138186
138188
138194
138202
138205
138207
138208
138209
138213
138225
138227
138228
138232
138236
138238
138239
138243
138249
138251
138252
138253
138255
138259
138268
138272
138274
138279
138285
138298
138304
138307
138313
138324
138326
138327
138329
138333
138335
138339
138342
138343
138345
138352
138353
138361
138364
138366
138369
138373
138376
138383
138390
138391
138395
138397
138398
138400
138403
138406
138416
138422
138424
138426
138429
138432
138442
138455
138459
138461
138467
138471
138473
138477
138481
138483
138494
138502
138507
138512
138515
138516
138517
138518
138522
138524
138528
138530
138536
138537
138552
138553
138555
138560
138562
138565
138585
138587
138599
138601
138613
138614
138619
138623
138626
138630
138635
138640
138651
138652
138656
138657
138659
138663
138668
138669
138670
138673
138675
138678
138683
138685
138686
138696
138697
138702
138703
138706
138707
138721
138724
138725
138727
138731
138739
138743
138744
138745
138748
138750
138755
138760
138767
138768
138772
138773
138776
138777
138779
138793
138794
138798
138801
138805
138809
138815
138816
138818
138820
138822
138825
138831
138832
138833
138835
138838
138843
138847
138854
138860
138864
138865
138872
138873
138883
138884
138888
138918
138924
138930
138931
138933
138935
138938
138940
138944
138945
138946
138948
138950
138956
138965
138966
138970
138971
138975
138977
138983
138994
139000
139008
139011
139015
139017
139024
139031
139032
139034
139041
139042
139047
139050
139052
139055
139056
139060
139061
139065
139069
139075
139077
139083
139086
139089
139092
139094
139097
139098
139099
139101
139109
139111
139112
139114
139118
139124
139125
139127
139128
139129
139133
139146
139148
139153
139155
139174
139180
139182
139191
139196
139199
139201
139202
139205
139211
139214
139215
139216
139220
139222
139224
139229
139232
139239
139245
139251
139252
139256
139258
139260
139263
139266
139267
139272
139273
139274
139275
139276
139284
139290
139294
139296
139300
139303
139306
139324
139326
139328
139331
139335
139336
139341
139347
139355
139363
139365
139374
139378
139380
139387
139389
139395
139398
139401
139405
139408
139409
139414
139417
139418
139419
139434
139435
139437
139439
139443
139444
139451
139454
139458
139462
139463
139464
139468
139469
139472
139480
139481
139494
139500
139502
139503
139506
139508
139513
139525
139526
139531
139534
139540
139541
139548
139551
139554
139566
139569
139570
139576
139584
139586
139594
139595
139596
139602
139605
139611
139612
139617
139639
139641
139643
139647
139656
139661
139670
139672
139673
139689
139694
139697
139701
139711
139714
139716
139717
139718
139724
139729
139734
139736
139737
139742
139748
139750
139751
139757
139758
139760
139763
139766
139775
139779
139784
139785
139790
139794
139800
139809
139810
139812
139813
139817
139836
139838
139839
139841
139846
139855
139856
139857
139861
139865
139868
139869
139876
139883
139893
139895
139912
139917
139927
139932
139933
139938
139941
139943
139950
139951
139954
139957
139962
139965
139967
139973
139974
139981
139982
139983
139989
139997
139999
140003
140008
140009
140012
140014
140015
140024
140030
140036
140040
140045
140046
140051
140052
140055
140064
140072
140075
140099
140107
140108
140124
140127
140128
140133
140134
140144
140145
140147
140148
140152
140154
140155
140156
140158
140161
140164
140168
140172
140176
140178
140180
140183
140189
140214
140219
140224
140226
140227
140228
140232
140234
140239
140242
140251
140252
140255
140265
140267
140281
140283
140294
140302
140304
140311
140316
140318
140320
140328
140329
140335
140336
140339
140343
140346
140349
140355
140357
140360
140364
140367
140370
140373
140375
140378
140379
140383
140385
140388
140390
140394
140400
140401
140404
140409
140419
140424
140429
140433
140435
140443
140445
140450
140452
140457
140463
140465
140466
140468
140469
140471
140472
140474
140475
140487
140491
140494
140495
140496
140501
140503
140504
140507
140508
140513
140522
140524
140532
140534
140535
140544
140545
140553
140559
140563
140567
140570
140573
140577
140578
140581
140585
140594
140601
140611
140614
140616
140620
140624
140627
140630
140632
140636
140638
140640
140642
140648
140649
140650
140662
140671
140675
140677
140678
140684
140685
140695
140699
140706
140713
140716
140719
140721
140722
140726
140730
140734
140747
140751
140754
140760
140764
140767
140779
140780
140782
140787
140789
140790
140792
140796
140799
140802
140803
140804
140806
140808
140813
140814
140815
140825
140828
140834
140836
140843
140850
140851
140855
140857
140858
140859
140861
140862
140868
140869
140885
140889
140891
140895
140899
140901
140903
140904
140909
140910
140914
140920
140925
140929
140940
140942
140943
140951
140955
140956
140960
140962
140966
140969
140975
140977
140983
140986
140989
140990
140994
140996
141005
141007
141009
141025
141027
141030
141041
141043
141044
141046
141049
141055
141056
141058
141065
141071
141072
141073
141074
141077
141078
141093
141097
141098
141101
141103
141106
141117
141119
141121
141129
141133
141135
141140
141141
141143
141151
141156
141158
141161
141162
141164
141165
141184
141185
141198
141200
141203
141205
141206
141211
141213
141214
141218
141219
141222
141231
141233
141234
141235
141243
141247
141248
141252
141253
141256
141260
141261
141265
141277
141281
141286
141301
141303
141304
141314
141324
141325
141326
141328
141331
141334
141343
141346
141351
141352
141355
141359
141366
141368
141369
141380
141390
141393
141397
141405
141406
141409
141410
141414
141415
141418
141431
141435
141437
141438
141439
141447
141453
141458
141459
141461
141462
141468
141474
141478
141483
141484
141490
141493
141496
141499
141511
141515
141517
141524
141526
141530
141531
141535
141537
141545
141553
141556
141557
141566
141567
141571
141574
141580
141584
141587
141592
141593
141600
141605
141607
141610
141614
141621
141623
141625
141626
141628
141631
141636
141637
141641
141642
141644
141646
141649
141668
141674
141688
141690
141694
141696
141697
141698
141706
141711
141714
141715
141723
141724
141727
141728
141729
141731
141733
141734
141740
141743
141744
141748
141753
141754
141761
141762
141769
141770
141771
141775
141777
141784
141785
141786
141791
141793
141803
141806
141809
141810
141812
141822
141824
141844
141851
141853
141854
141863
141865
141866
141871
141873
141878
141880
141881
141882
141884
141900
141904
141908
141909
141915
141920
141923
141924
141925
141936
141942
141945
141947
141951
141952
141954
141968
141974
141983
141993
141998
142001
142005
142008
142010
142011
142012
142013
142021
142024
142027
142030
142032
142035
142038
142042
142047
142052
142055
142062
142069
142073
142076
142084
142087
142089
142091
142093
142094
142095
142099
142109
142110
142111
142115
142118
142122
142123
142127
142128
142129
142130
142131
142133
142134
142137
142138
142141
142144
142150
142151
142157
142158
142175
142177
142195
142197
142201
142204
142205
142211
142212
142213
142217
142229
142233
142235
142236
142241
142243
142244
142249
142252
142255
142264
142275
142279
142280
142283
142296
142297
142301
142304
142309
142310
142316
142319
142322
142323
142325
142328
142330
142337
142339
142341
142342
142343
142348
142349
142352
142362
142364
142366
142369
142370
142372
142373
142374
142379
142383
142384
142385
142389
142391
142395
142400
142406
142407
142409
142431
142435
142436
142439
142441
142442
142444
142456
142457
142461
142462
142464
142470
142473
142482
142483
142485
142497
142503
142507
142508
142509
142512
142515
142516
142517
142518
142520
142521
142529
142530
142533
142535
142536
142540
142546
142552
142553
142554
142574
142575
142576
142578
142583
142586
142594
142595
142596
142601
142603
142607
142611
142617
142631
142639
142652
142659
142660
142661
142663
142664
142665
142670
142676
142677
142679
142683
142687
142691
142692
142698
142699
142705
142708
142711
142719
142725
142735
142751
142757
142760
142763
142778
142779
142781
142783
142784
142788
142792
142794
142801
142806
142807
142808
142811
142815
142823
142824
142827
142832
142834
142842
142846
142848
142850
142852
142859
142871
142873
142882
142884
142885
142887
142892
142895
142899
142902
142903
142906
142909
142911
142912
142913
142915
142917
142921
142926
142928
142934
142940
142943
142949
142952
142954
142957
142962
142968
142970
142974
142975
142978
142979
142990
142992
142997
143001
143003
143021
143023
143025
143029
143040
143044
143045
143051
143053
143062
143063
143066
143068
143074
143076
143079
143082
143083
143088
143096
143102
143104
143110
143114
143116
143126
143134
143135
143137
143138
143140
143145
143152
143154
143168
143177
143185
143188
143201
143205
143211
143215
143216
143217
143218
143219
143222
143227
143233
143234
143235
143237
143240
143244
143248
143249
143254
143259
143260
143262
143263
143267
143272
143289
143295
143298
143299
143301
143302
143303
143307
143308
143311
143316
143320
143321
143323
143326
143327
143328
143330
143331
143337
143340
143347
143349
143350
143351
143353
143360
143363
143364
143367
143370
143377
143378
143382
143390
143395
143397
143401
143406
143407
143420
143424
143427
143438
143440
143441
143443
143445
143460
143461
143463
143464
143469
143473
143480
143486
143499
143510
143518
143520
143524
143530
143537
143538
143539
143543
143546
143548
143550
143552
143553
143557
143561
143567
143575
143581
143582
143586
143590
143593
143596
143599
143601
143604
143605
143610
143612
143615
143625
143627
143635
143636
143638
143640
143642
143643
143663
143665
143670
143673
143674
143680
143683
143691
143692
143697
143698
143699
143702
143703
143704
143706
143710
143712
143713
143718
143726
143729
143730
143732
143740
143741
143746
143749
143750
143752
143754
143758
143763
143769
143771
143775
143776
143781
143790
143793
143795
143796
143798
143806
143811
143813
143815
143818
143823
143826
143828
143831
143837
143851
143854
143855
143860
143872
143874
143875
143879
143885
143886
143891
143893
143897
143898
143899
143906
143910
143915
143919
143922
143923
143924
143928
143936
143940
143941
143944
143946
143956
143959
143960
143962
143966
143968
143974
143975
143977
143982
143983
143996
143999
144008
144009
144010
144012
144019
144021
144025
144030
144033
144039
144042
144043
144046
144048
144050
144057
144058
144059
144065
144067
144069
144070
144072
144081
144088
144093
144094
144099
144102
144105
144121
144126
144127
144132
144146
144153
144159
144160
144163
144165
144169
144171
144175
144178
144187
144189
144190
144192
144194
144196
144199
144207
144208
144211
144213
144216
144219
144220
144228
144230
144232
144236
144237
144240
144251
144259
144261
144265
144272
144274
144284
144290
144292
144293
144296
144300
144301
144303
144305
144311
144314
144317
144319
144330
144331
144333
144335
144346
144349
144369
144372
144377
144380
144384
144386
144394
144396
144402
144406
144410
144420
144421
144422
144425
144426
144427
144433
144437
144438
144445
144454
144458
144459
144464
144466
144473
144488
144489
144490
144494
144495
144498
144499
144501
144509
144512
144515
144519
144525
144534
144536
144546
144547
144577
144581
144583
144585
144587
144592
144597
144598
144602
144610
144615
144625
144629
144632
144633
144637
144639
144641
144652
144654
144655
144660
144661
144663
144664
144667
144670
144671
144673
144675
144676
144679
144681
144683
144694
144699
144706
144714
144715
144719
144727
144735
144740
144744
144749
144750
144755
144759
144760
144761
144772
144775
144779
144782
144792
144796
144798
144799
144805
144808
144810
144813
144814
144817
144822
144833
144834
144844
144847
144853
144856
144857
144859
144863
144866
144871
144875
144884
144886
144887
144891
144892
144894
144904
144919
144923
144926
144927
144928
144930
144931
144936
144937
144939
144941
144946
144949
144955
144956
144965
144966
144969
144970
144973
144976
144977
144978
144985
144991
145000
145004
145007
145024
145032
145035
145039
145043
145044
145045
145057
145059
145060
145063
145066
145068
145070
145078
145085
145088
145095
145100
145101
145103
145104
145108
145125
145131
145148
145151
145156
145162
145165
145167
145176
145177
145193
145201
145206
145210
145217
145226
145233
145237
145240
145243
145247
145249
145252
145265
145268
145270
145274
145275
145277
145282
145285
145289
145302
145303
145307
145310
145313
145318
145320
145324
145340
145341
145344
145347
145349
145350
145352
145358
145359
145367
145370
145371
145372
145374
145376
145377
145378
145388
145391
145397
145398
145400
145404
145406
145409
145414
145417
145418
145424
145431
145435
145436
145442
145448
145449
145450
145455
145459
145460
145461
145465
145466
145473
145475
145477
145478
145487
145503
145505
145511
145516
145518
145524
145528
145534
145539
145554
145560
145565
145573
145577
145578
145579
145583
145586
145590
145603
145604
145610
145611
145612
145613
145614
145618
145624
145625
145626
145627
145632
145634
145635
145638
145645
145651
145659
145663
145667
145671
145672
145676
145679
145684
145686
145690
145691
145699
145701
145706
145708
145710
145713
145715
145716
145718
145723
145726
145727
145730
145731
145734
145736
145738
145740
145741
145748
145750
145755
145763
145766
145768
145772
145777
145779
145785
145793
145797
145798
145801
145804
145806
145811
145818
145820
145823
145824
145828
145829
145834
145837
145838
145852
145853
145855
145859
145865
145867
145870
145877
145880
145886
145887
145889
145890
145891
145904
145909
145911
145912
145914
145917
145920
145922
145926
145927
145929
145930
145932
145941
145948
145951
145952
145964
145970
145972
145979
145980
145985
145987
145988
145989
145991
145993
146001
146002
146010
146012
146013
146015
146021
146022
146023
146025
146027
146028
146031
146033
146036
146037
146043
146044
146045
146046
146047
146049
146051
146063
146065
146067
146068
146069
146072
146081
146086
146094
146096
146097
146098
146108
146109
146112
146113
146118
146119
146123
146135
146139
146140
146142
146143
146150
146151
146160
146161
146167
146171
146178
146184
146187
146191
146195
146199
146213
146217
146218
146219
146222
146224
146225
146234
146235
146238
146239
146245
146248
146257
146258
146272
146279
146281
146286
146291
146300
146301
146312
146316
146317
146319
146324
146325
146331
146333
146335
146341
146347
146350
146351
146354
146355
146359
146361
146365
146368
146389
146396
146399
146402
146405
146407
146409
146417
146419
146421
146425
146433
146434
146436
146442
146443
146448
146453
146456
146460
146465
146466
146482
146486
146488
146490
146496
146503
146506
146508
146511
146516
146518
146520
146521
146523
146524
146525
146532
146534
146536
146537
146541
146544
146556
146558
146560
146561
146563
146570
146571
146572
146573
146584
146589
146593
146598
146606
146611
146612
146613
146614
146615
146617
146619
146621
146623
146626
146628
146630
146635
146638
146643
146645
146654
146658
146664
146666
146672
146673
146677
146678
146682
146683
146685
146687
146689
146695
146697
146703
146707
146708
146709
146711
146714
146715
146724
146727
146729
146738
146749
146760
146761
146764
146769
146773
146774
146776
146779
146784
146789
146793
146799
146806
146811
146822
146827
146838
146839
146840
146842
146851
146855
146860
146862
146867
146869
146875
146879
146882
146884
146886
146888
146890
146896
146898
146899
146902
146903
146907
146925
146929
146934
146936
146940
146957
146958
146966
146973
146974
146976
146982
146985
146987
146988
146991
146992
146996
147004
147008
147010
147016
147020
147032
147034
147037
147041
147049
147057
147061
147062
147069
147072
147076
147079
147084
147088
147089
147092
147096
147098
147099
147101
147104
147105
147117
147119
147120
147123
147126
147129
147130
147144
147146
147148
147150
147155
147158
147161
147165
147167
147171
147181
147189
147190
147194
147197
147200
147201
147202
147205
147207
147210
147211
147212
147215
147220
147225
147229
147232
147237
147241
147242
147246
147251
147257
147258
147267
147271
147274
147275
147279
147288
147289
147291
147309
147310
147315
147317
147325
147331
147344
147346
147349
147355
147358
147368
147369
147381
147394
147395
147397
147399
147402
147405
147425
147427
147434
147444
147447
147449
147453
147460
147470
147472
147475
147483
147488
147491
147493
147504
147509
147510
147511
147517
147519
147524
147525
147530
147534
147537
147538
147542
147543
147546
147554
147556
147557
147559
147560
147561
147562
147566
147571
147582
147585
147587
147590
147591
147595
147596
147599
147612
147613
147622
147623
147624
147625
147629
147633
147634
147637
147646
147652
147653
147661
147667
147670
147687
147688
147691
147695
147699
147700
147702
147704
147705
147708
147709
147716
147719
147721
147728
147729
147734
147736
147738
147742
147746
147748
147749
147750
147751
147761
147762
147764
147766
147768
147769
147774
147775
147776
147782
147783
147784
147786
147795
147802
147805
147810
147817
147823
147824
147825
147829
147830
147835
147837
147840
147847
147851
147852
147860
147862
147868
147869
147872
147873
147874
147875
147877
147885
147890
147897
147899
147900
147901
147909
147910
147916
147921
147926
147929
147940
147950
147957
147958
147964
147966
147969
147971
147974
147975
147984
147994
147999
148000
148006
148010
148011
148012
148013
148020
148026
148027
148029
148033
148035
148040
148042
148043
148050
148060
148066
148067
148070
148077
148088
148089
148091
148093
148094
148098
148099
148103
148106
148112
148116
148119
148121
148122
148125
148136
148138
148143
148144
148150
148152
148154
148161
148163
148174
148175
148181
148188
148191
148196
148197
148203
148204
148207
148209
148211
148219
148225
148229
148232
148237
148238
148242
148243
148245
148247
148262
148268
148273
148275
148276
148279
148282
148283
148289
148298
148301
148304
148306
148317
148325
148328
148330
148334
148340
148344
148349
148356
148368
148370
148371
148372
148378
148382
148386
148387
148388
148390
148394
148402
148403
148404
148414
148416
148417
148420
148428
148433
148434
148435
148436
148437
148441
148442
148447
148451
148455
148458
148461
148463
148465
148475
148477
148479
148484
148485
148491
148493
148497
148500
148502
148503
148504
148512
148513
148522
148529
148535
148537
148544
148545
148546
148559
148560
148569
148572
148574
148579
148583
148585
148586
148592
148594
148595
148600
148601
148607
148611
148613
148615
148618
148621
148623
148624
148625
148626
148636
148653
148663
148664
148670
148676
148684
148690
148694
148695
148703
148704
148711
148713
148718
148721
148724
148728
148729
148733
148734
148737
148738
148742
148743
148744
148746
148750
148753
148757
148768
148769
148776
148779
148780
148783
148785
148788
148794
148802
148803
148809
148818
148822
148829
148830
148838
148844
148848
148849
148850
148854
148859
148860
148870
148875
148876
148877
148879
148883
148888
148904
148911
148918
148923
148926
148929
148930
148943
148946
148948
148950
148957
148958
148959
148971
148974
148979
148984
148989
148992
148993
148995
148996
149007
149008
149009
149013
149016
149021
149025
149028
149032
149037
149038
149043
149045
149057
149065
149066
149072
149075
149079
149088
149089
149093
149094
149097
149098
149100
149105
149114
149119
149120
149124
149127
149131
149132
149133
149136
149148
149150
149151
149152
149154
149155
149156
149165
149166
149167
149174
149175
149177
149178
149183
149192
149194
149195
149216
149221
149227
149230
149235
149237
149238
149252
149253
149259
149264
149265
149267
149275
149278
149285
149287
149290
149296
149297
149305
149312
149318
149320
149322
149326
149331
149336
149339
149348
149350
149354
149361
149362
149365
149366
149367
149369
149370
149371
149373
149376
149378
149380
149383
149384
149388
149401
149403
149405
149412
149415
149416
149421
149422
149425
149434
149436
149440
149441
149443
149444
149446
149451
149452
149453
149455
149458
149464
149466
149468
149471
149472
149482
149484
149488
149489
149493
149496
149497
149501
149503
149506
149512
149513
149519
149529
149530
149535
149539
149542
149543
149546
149548
149551
149552
149556
149557
149558
149561
149562
149565
149580
149583
149586
149588
149601
149606
149607
149611
149615
149621
149622
149626
149628
149633
149636
149639
149640
149649
149654
149655
149656
149661
149665
149666
149667
149668
149671
149676
149678
149689
149702
149710
149713
149717
149724
149735
149738
149740
149743
149750
149754
149762
149765
149768
149774
149784
149787
149790
149794
149795
149796
149802
149803
149805
149806
149814
149822
149827
149828
149844
149845
149852
149857
149858
149861
149863
149868
149877
149881
149894
149898
149901
149903
149908
149921
149928
149930
149944
149945
149946
149949
149950
149954
149967
149970
149972
149974
149976
149981
149984
149993
149995
150004
150025
150028
150032
150035
150041
150048
150051
150053
150064
150066
150081
150083
150084
150086
150094
150099
150104
150126
150127
150130
150133
150138
150154
150161
150164
150175
150176
150191
150192
150194
150199
150201
150202
150206
150217
150220
150223
150227
150234
150237
150239
150243
150244
150247
150248
150256
150263
150266
150268
150269
150271
150273
150274
150280
150284
150288
150289
150298
150302
150306
150307
150320
150323
150342
150343
150346
150349
150350
150351
150363
150366
150368
150374
150376
150377
150378
150380
150384
150387
150390
150391
150394
150399
150404
150407
150410
150417
150418
150421
150422
150423
150425
150436
150437
150438
150439
150441
150442
150444
150452
150453
150454
150462
150466
150471
150472
150473
150486
150490
150492
150494
150504
150510
150511
150512
150518
150521
150522
150526
150537
150539
150546
150556
150567
150568
150572
150573
150576
150580
150589
150597
150598
150599
150608
150609
150610
150611
150612
150616
150622
150630
150631
150641
150643
150644
150648
150649
150650
150657
150667
150669
150677
150683
150689
150690
150694
150716
150718
150719
150720
150723
150726
150727
150732
150733
150734
150736
150742
150744
150748
150755
150758
150762
150766
150770
150771
150799
150800
150801
150803
150805
150807
150813
150818
150829
150831
150836
150840
150845
150850
150851
150856
150857
150858
150862
150865
150879
150884
150890
150893
150896
150902
150903
150904
150906
150909
150912
150914
150915
150920
150926
150929
150931
150933
150934
150937
150940
150948
150949
150954
150956
150960
150963
150965
150968
150975
150979
150980
150983
150986
150991
151000
151005
151006
151010
151012
151013
151027
151028
151031
151047
151048
151049
151050
151060
151063
151064
151071
151072
151076
151078
151089
151092
151103
151109
151112
151122
151126
151131
151137
151138
151141
151144
151151
151155
151160
151168
151173
151176
151190
151202
151208
151209
151211
151214
151217
151220
151229
151230
151233
151234
151235
151239
151241
151242
151245
151255
151262
151267
151268
151269
151275
151277
151279
151282
151283
151286
151287
151288
151294
151295
151299
151302
151303
151308
151310
151312
151315
151317
151320
151322
151324
151327
151339
151346
151353
151356
151363
151371
151375
151385
151395
151403
151404
151406
151410
151416
151420
151424
151428
151429
151432
151437
151438
151460
151472
151474
151476
151480
151482
151483
151484
151487
151489
151491
151493
151503
151505
151506
151507
151508
151511
151515
151516
151521
151524
151525
151530
151535
151544
151550
151551
151557
151566
151569
151571
151573
151574
151581
151585
151587
151599
151604
151607
151619
151622
151627
151628
151643
151650
151656
151657
151659
151663
151667
151668
151671
151673
151678
151684
151685
151686
151687
151691
151692
151693
151697
151702
151706
151709
151710
151719
151721
151722
151723
151725
151732
151741
151743
151752
151753
151754
151755
151762
151763
151764
151767
151768
151769
151770
151777
151786
151788
151789
151793
151796
151797
151807
151813
151820
151821
151823
151824
151828
151830
151831
151840
151847
151848
151852
151854
151855
151856
151858
151859
151863
151864
151870
151871
151878
151882
151884
151885
151888
151907
151914
151920
151921
151929
151933
151934
151944
151949
151952
151954
151957
151958
151961
151962
151963
151968
151970
151971
151973
151975
151979
151981
151988
151989
151993
152006
152007
152020
152021
152026
152033
152040
152043
152047
152051
152059
152062
152064
152070
152072
152077
152079
152081
152086
152088
152091
152095
152096
152097
152098
152102
152106
152107
152108
152113
152122
152130
152132
152136
152137
152138
152141
152142
152144
152146
152154
152156
152159
152161
152162
152164
152166
152173
152176
152180
152183
152190
152192
152193
152194
152197
152203
152224
152228
152229
152230
152233
152235
152236
152242
152244
152249
152253
152262
152265
152268
152274
152275
152279
152280
152281
152289
152290
152295
152299
152300
152302
152304
152308
152310
152312
152338
152340
152341
152345
152347
152351
152352
152354
152355
152358
152361
152362
152363
152364
152365
152376
152377
152381
152383
152385
152387
152388
152389
152391
152394
152399
152411
152412
152421
152422
152425
152430
152434
152437
152446
152449
152454
152456
152458
152463
152464
152471
152475
152477
152484
152485
152487
152492
152501
152502
152504
152516
152519
152520
152521
152531
152536
152541
152544
152547
152548
152549
152555
152556
152558
152562
152567
152571
152572
152575
152579
152583
152589
152593
152596
152597
152601
152606
152609
152610
152614
152619
152623
152628
152630
152637
152639
152656
152657
152661
152667
152675
152678
152679
152682
152683
152690
152692
152703
152705
152707
152708
152710
152728
152730
152737
152741
152743
152749
152750
152752
152754
152765
152767
152775
152781
152786
152787
152788
152789
152792
152793
152795
152799
152802
152808
152809
152812
152814
152816
152818
152820
152823
152827
152830
152831
152836
152838
152842
152865
152869
152871
152878
152879
152882
152888
152895
152898
152901
152903
152904
152905
152915
152919
152922
152926
152927
152929
152931
152942
152943
152945
152950
152962
152968
152971
152973
152975
152984
152990
152992
152993
152995
152997
152999
153001
153007
153009
153012
153015
153019
153022
153024
153026
153034
153039
153043
153051
153056
153058
153067
153071
153072
153074
153080
153081
153082
153083
153084
153086
153089
153097
153099
153101
153102
153111
153118
153121
153123
153132
153139
153145
153149
153150
153151
153152
153156
153161
153162
153163
153164
153173
153174
153175
153180
153182
153185
153188
153198
153200
153208
153214
153219
153223
153230
153235
153237
153247
153251
153256
153258
153266
153268
153272
153275
153278
153283
153288
153290
153297
153298
153302
153306
153307
153308
153314
153323
153327
153332
153338
153348
153351
153354
153355
153365
153366
153370
153372
153373
153380
153383
153391
153392
153409
153411
153415
153424
153425
153442
153445
153450
153451
153461
153462
153468
153470
153472
153487
153491
153492
153502
153503
153507
153513
153520
153525
153528
153529
153530
153537
153549
153554
153558
153559
153562
153564
153571
153575
153578
153594
153597
153599
153605
153606
153613
153615
153622
153630
153634
153635
153642
153646
153650
153654
153657
153660
153679
153682
153687
153692
153696
153697
153700
153705
153706
153709
153718
153724
153738
153740
153742
153750
153752
153762
153764
153768
153770
153772
153781
153782
153784
153786
153789
153792
153793
153796
153800
153809
153812
153819
153820
153821
153822
153823
153824
153829
153831
153834
153835
153837
153841
153842
153846
153848
153849
153853
153857
153862
153864
153874
153878
153879
153881
153882
153885
153887
153896
153897
153898
153902
153906
153911
153917
153928
153930
153932
153933
153935
153937
153949
153954
153956
153957
153958
153964
153968
153971
153974
153975
153976
153985
153987
153996
153998
154001
154004
154007
154010
154011
154013
154017
154018
154020
154023
154027
154028
154032
154034
154037
154039
154043
154048
154053
154063
154068
154074
154078
154080
154089
154093
154094
154097
154098
154100
154112
154113
154114
154115
154130
154132
154143
154149
154154
154159
154167
154170
154171
154172
154173
154196
154198
154199
154200
154201
154216
154224
154226
154228
154230
154231
154233
154236
154237
154240
154245
154246
154252
154255
154257
154260
154264
154269
154272
154283
154290
154296
154299
154301
154308
154311
154312
154317
154350
154354
154359
154360
154362
154364
154365
154366
154371
154376
154396
154399
154409
154411
154412
154417
154425
154426
154427
154428
154433
154436
154438
154443
154444
154449
154450
154453
154456
154457
154458
154464
154467
154469
154484
154485
154486
154497
154501
154502
154506
154515
154521
154530
154533
154535
154537
154552
154553
154556
154558
154564
154566
154571
154576
154580
154587
154588
154589
154601
154610
154611
154612
154613
154617
154618
154619
154621
154626
154629
154630
154631
154634
154641
154642
154643
154644
154645
154649
154650
154653
154657
154661
154664
154672
154673
154674
154677
154684
154688
154690
154692
154696
154697
154714
154716
154719
154720
154722
154727
154738
154739
154744
154749
154757
154765
154771
154773
154785
154788
154789
154791
154797
154805
154809
154818
154832
154834
154836
154846
154849
154850
154852
154855
154856
154863
154865
154872
154876
154878
154883
154884
154889
154891
154892
154898
154912
154917
154920
154922
154923
154930
154936
154938
154943
154945
154949
154952
154956
154958
154960
154968
154971
154980
154981
154983
154985
154989
154993
154994
154998
155000
155003
155004
155008
155016
155017
155018
155020
155025
155027
155030
155032
155033
155036
155039
155041
155043
155044
155052
155054
155058
155063
155069
155070
155071
155076
155077
155079
155080
155082
155092
155093
155094
155097
155104
155106
155108
155109
155110
155111
155112
155122
155133
155134
155140
155143
155144
155154
155155
155173
155177
155178
155180
155182
155186
155191
155197
155198
155200
155204
155206
155207
155210
155211
155213
155216
155227
155230
155243
155244
155248
155254
155264
155273
155279
155281
155288
155290
155291
155294
155296
155301
155309
155312
155317
155318
155328
155329
155334
155345
155363
155366
155379
155385
155389
155391
155405
155416
155419
155420
155423
155426
155440
155444
155446
155449
155452
155454
155467
155471
155474
155484
155489
155498
155500
155503
155509
155510
155511
155516
155521
155524
155526
155529
155533
155534
155536
155541
155542
155543
155549
155556
155560
155564
155566
155571
155576
155582
155583
155586
155587
155589
155590
155592
155601
155603
155605
155606
155607
155608
155621
155623
155625
155635
155638
155651
155658
155662
155663
155667
155669
155672
155679
155683
155688
155689
155690
155694
155708
155710
155721
155722
155724
155733
155745
155748
155749
155751
155754
155758
155759
155763
155764
155765
155768
155769
155770
155774
155775
155776
155777
155780
155782
155784
155788
155790
155794
155797
155801
155803
155805
155812
155821
155853
155862
155866
155868
155871
155876
155877
155880
155881
155882
155886
155888
155892
155896
155898
155906
155909
155920
155923
155929
155933
155935
155941
155946
155948
155959
155963
155965
155967
155970
155971
155973
155979
155981
155987
155989
155992
155993
155994
155995
155997
155999
156001
156003
156005
156008
156021
156023
156025
156026
156034
156035
156043
156044
156050
156051
156053
156055
156057
156060
156061
156071
156073
156085
156090
156097
156099
156103
156109
156113
156115
156122
156135
156138
156140
156141
156151
156152
156154
156155
156159
156160
156165
156170
156174
156177
156193
156209
156211
156213
156217
156221
156225
156226
156233
156250
156251
156257
156258
156260
156262
156267
156272
156275
156280
156283
156291
156292
156297
156298
156299
156309
156310
156317
156323
156326
156327
156330
156333
156336
156337
156338
156342
156343
156349
156352
156356
156366
156369
156371
156372
156373
156375
156377
156379
156381
156388
156394
156410
156413
156414
156415
156418
156421
156424
156428
156430
156432
156434
156443
156446
156448
156451
156453
156458
156462
156466
156468
156469
156470
156471
156478
156481
156486
156487
156489
156490
156499
156505
156506
156509
156510
156513
156514
156516
156519
156521
156524
156527
156528
156529
156533
156536
156537
156540
156557
156558
156559
156568
156578
156585
156608
156611
156619
156624
156633
156635
156637
156642
156647
156651
156652
156654
156656
156660
156661
156662
156664
156668
156669
156675
156678
156684
156686
156687
156690
156692
156694
156701
156707
156712
156714
156716
156727
156728
156730
156743
156750
156758
156761
156763
156769
156776
156777
156794
156800
156806
156807
156809
156810
156815
156836
156837
156839
156841
156842
156843
156850
156854
156855
156862
156864
156867
156868
156877
156881
156883
156884
156887
156892
156893
156895
156907
156910
156911
156915
156916
156918
156921
156927
156931
156938
156942
156953
156955
156956
156960
156963
156968
156970
156971
156974
156976
156979
156987
156992
156998
157006
157010
157028
157029
157030
157033
157035
157037
157047
157049
157053
157054
157059
157061
157063
157067
157073
157082
157083
157086
157093
157096
157102
157103
157105
157107
157110
157113
157114
157122
157126
157133
157134
157136
157143
157147
157156
157157
157165
157167
157170
157171
157173
157174
157176
157180
157181
157183
157187
157192
157194
157196
157203
157205
157208
157211
157213
157221
157227
157229
157232
157233
157237
157238
157239
157241
157246
157257
157259
157262
157263
157265
157268
157273
157274
157276
157282
157284
157285
157292
157297
157298
157299
157301
157303
157304
157308
157314
157318
157319
157326
157329
157331
157337
157339
157341
157342
157343
157347
157354
157363
157366
157368
157373
157375
157376
157377
157383
157388
157392
157393
157394
157399
157400
157407
157409
157410
157415
157418
157419
157420
157421
157424
157430
157433
157434
157435
157442
157443
157444
157450
157452
157454
157455
157461
157465
157466
157469
157476
157485
157492
157500
157502
157505
157512
157514
157519
157521
157527
157529
157530
157531
157537
157538
157549
157550
157552
157554
157558
157560
157562
157564
157567
157570
157571
157575
157579
157584
157587
157588
157591
157592
157597
157600
157604
157607
157608
157610
157612
157621
157622
157628
157630
157633
157641
157648
157650
157651
157652
157653
157665
157666
157669
157672
157674
157680
157682
157688
157691
157693
157700
157706
157707
157712
157719
157725
157730
157732
157734
157737
157740
157742
157749
157752
157754
157756
157762
157763
157767
157771
157779
157784
157787
157809
157816
157818
157822
157832
157837
157838
157840
157843
157848
157853
157855
157861
157866
157867
157870
157871
157875
157876
157879
157880
157881
157887
157888
157889
157891
157895
157901
157902
157904
157911
157912
157915
157918
157919
157922
157927
157943
157945
157947
157950
157951
157957
157958
157959
157964
157965
157971
157978
157982
157984
157987
157993
157994
157995
157998
158000
158003
158010
158013
158015
158017
158026
158028
158030
158031
158032
158033
158034
158048
158054
158055
158057
158060
158063
158077
158081
158082
158084
158087
158089
158090
158095
158099
158104
158106
158113
158116
158120
158123
158126
158134
158141
158142
158148
158149
158151
158157
158159
158161
158162
158174
158175
158183
158185
158188
158189
158191
158195
158196
158205
158207
158211
158213
158215
158226
158235
158248
158251
158254
158264
158266
158276
158277
158287
158293
158296
158297
158302
158305
158306
158309
158319
158320
158321
158323
158324
158326
158327
158329
158330
158331
158344
158345
158346
158353
158356
158361
158371
158374
158380
158381
158384
158386
158389
158393
158396
158398
158404
158409
158411
158415
158431
158434
158435
158437
158448
158450
158451
158459
158461
158471
158475
158478
158480
158481
158492
158501
158503
158506
158509
158511
158519
158525
158527
158536
158539
158548
158550
158558
158564
158568
158571
158585
158587
158590
158591
158595
158597
158599
158600
158602
158606
158616
158620
158621
158624
158627
158635
158637
158641
158643
158647
158651
158652
158664
158666
158667
158672
158673
158675
158678
158679
158681
158693
158696
158698
158700
158704
158707
158709
158710
158711
158715
158718
158719
158721
158725
158726
158729
158733
158734
158735
158738
158744
158749
158750
158754
158765
158767
158769
158771
158777
158780
158783
158784
158791
158804
158812
158815
158816
158821
158822
158823
158829
158830
158831
158833
158835
158836
158846
158854
158855
158865
158867
158878
158879
158882
158883
158888
158891
158898
158900
158911
158912
158925
158942
158952
158957
158961
158962
158963
158964
158967
158968
158970
158975
158980
158984
158985
158991
158995
158996
158998
159006
159010
159016
159020
159023
159029
159033
159036
159038
159039
159041
159043
159045
159049
159053
159059
159063
159066
159067
159074
159075
159078
159084
159085
159089
159093
159094
159097
159100
159101
159102
159105
159119
159121
159132
159133
159136
159159
159160
159161
159167
159183
159194
159197
159201
159203
159204
159205
159208
159210
159222
159224
159227
159229
159230
159235
159238
159241
159245
159246
159251
159252
159261
159264
159265
159267
159271
159272
159276
159287
159294
159297
159298
159304
159305
159312
159317
159330
159332
159333
159336
159338
159345
159346
159347
159348
159353
159354
159370
159372
159374
159378
159386
159388
159390
159392
159394
159398
159399
159400
159403
159405
159406
159407
159416
159420
159422
159425
159426
159431
159434
159442
159443
159448
159452
159466
159467
159470
159472
159474
159477
159478
159480
159485
159486
159488
159491
159496
159499
159507
159514
159518
159526
159529
159533
159535
159537
159540
159541
159544
159549
159551
159552
159570
159574
159577
159586
159593
159596
159599
159601
159603
159608
159612
159616
159629
159635
159639
159652
159658
159660
159664
159667
159670
159671
159672
159674
159677
159680
159687
159688
159691
159692
159697
159699
159701
159704
159708
159719
159721
159728
159730
159733
159740
159742
159744
159745
159748
159749
159752
159763
159767
159772
159774
159786
159793
159794
159797
159812
159813
159816
159817
159822
159839
159843
159845
159847
159850
159853
159861
159862
159863
159866
159868
159869
159873
159875
159876
159882
159886
159892
159897
159905
159907
159913
159914
159918
159923
159932
159933
159942
159944
159945
159947
159952
159954
159955
159969
159970
159971
159975
159976
159979
159983
159985
159990
159992
159993
160004
160006
160007
160009
160015
160027
160029
160032
160042
160045
160051
160052
160059
160070
160073
160075
160077
160082
160092
160093
160103
160107
160109
160111
160120
160131
160136
160143
160148
160149
160152
160153
160155
160158
160162
160167
160171
160172
160174
160180
160185
160192
160194
160195
160197
160198
160204
160207
160210
160213
160219
160223
160225
160228
160229
160238
160242
160252
160254
160257
160258
160261
160263
160272
160276
160279
160280
160282
160283
160284
160285
160290
160295
160300
160301
160309
160314
160315
160317
160322
160328
160330
160331
160334
160338
160340
160341
160345
160352
160355
160356
160361
160366
160368
160373
160375
160378
160381
160383
160384
160387
160388
160393
160399
160400
160402
160404
160408
160411
160420
160431
160443
160446
160449
160456
160460
160464
160466
160468
160469
160471
160473
160476
160481
160492
160494
160496
160499
160502
160503
160518
160520
160521
160523
160527
160530
160536
160539
160540
160543
160547
160552
160553
160554
160563
160566
160570
160576
160586
160597
160604
160609
160614
160615
160616
160627
160638
160641
160644
160648
160654
160663
160665
160678
160681
160685
160689
160691
160692
160704
160712
160720
160723
160725
160726
160733
160737
160749
160751
160752
160755
160756
160758
160760
160764
160765
160774
160778
160779
160782
160785
160790
160791
160807
160808
160811
160823
160828
160831
160841
160844
160848
160850
160854
160856
160861
160863
160865
160872
160873
160877
160879
160889
160893
160896
160901
160903
160907
160910
160912
160914
160916
160919
160920
160924
160927
160932
160933
160938
160940
160953
160972
160978
160981
160982
161001
161005
161007
161019
161023
161027
161028
161030
161033
161041
161045
161046
161052
161053
161061
161065
161068
161071
161073
161081
161089
161090
161093
161104
161108
161112
161115
161119
161127
161128
161130
161133
161135
161141
161151
161152
161157
161158
161161
161163
161164
161167
161173
161180
161182
161186
161189
161194
161195
161204
161205
161206
161208
161216
161219
161224
161225
161227
161232
161233
161238
161250
161252
161253
161255
161256
161260
161262
161263
161266
161270
161271
161274
161277
161278
161284
161297
161298
161300
161305
161311
161319
161331
161335
161338
161339
161345
161346
161347
161349
161361
161366
161378
161381
161382
161383
161385
161402
161405
161410
161411
161414
161417
161428
161430
161431
161439
161440
161441
161451
161453
161457
161458
161460
161467
161468
161469
161484
161489
161490
161492
161498
161499
161501
161505
161511
161512
161513
161515
161523
161525
161533
161546
161555
161560
161569
161570
161571
161572
161573
161580
161583
161585
161587
161593
161603
161607
161613
161614
161616
161619
161620
161625
161626
161627
161628
161638
161642
161643
161645
161646
161647
161650
161652
161656
161657
161658
161664
161665
161674
161679
161681
161682
161694
161700
161702
161703
161711
161712
161724
161733
161737
161739
161747
161748
161749
161750
161754
161758
161762
161763
161764
161769
161778
161782
161787
161788
161793
161794
161796
161797
161799
161807
161816
161821
161834
161836
161838
161839
161841
161846
161847
161848
161851
161855
161864
161865
161871
161878
161880
161882
161883
161886
161895
161896
161898
161902
161925
161927
161934
161936
161937
161948
161952
161955
161956
161961
161962
161967
161969
161970
161972
161976
161994
161995
161996
161999
162004
162011
162015
162018
162020
162029
162032
162039
162046
162048
162051
162059
162060
162062
162067
162071
162073
162075
162078
162093
162096
162098
162102
162103
162118
162124
162126
162129
162138
162145
162148
162150
162154
162155
162157
162158
162160
162164
162166
162172
162174
162175
162177
162178
162182
162185
162189
162193
162199
162201
162202
162208
162212
162214
162217
162226
162227
162229
162230
162231
162234
162247
162250
162253
162257
162263
162265
162266
162268
162272
162273
162276
162278
162281
162286
162289
162297
162301
162303
162304
162307
162309
162310
162311
162312
162314
162316
162317
162324
162327
162330
162334
162347
162349
162350
162351
162360
162372
162375
162376
162379
162381
162383
162385
162392
162394
162401
162402
162404
162407
162409
162410
162425
162431
162433
162437
162439
162453
162454
162459
162466
162469
162470
162476
162477
162480
162485
162497
162499
162500
162507
162515
162519
162521
162527
162531
162540
162543
162545
162546
162549
162551
162560
162562
162565
162569
162571
162572
162573
162578
162579
162582
162587
162589
162590
162595
162602
162613
162614
162615
162617
162618
162623
162633
162638
162642
162643
162647
162650
162660
162668
162669
162673
162675
162676
162677
162683
162684
162691
162693
162704
162708
162715
162717
162727
162728
162733
162734
162740
162742
162743
162745
162748
162749
162756
162770
162772
162776
162778
162781
162784
162788
162790
162793
162796
162805
162812
162828
162832
162840
162842
162844
162849
162850
162852
162853
162857
162863
162865
162867
162876
162883
162886
162895
162898
162899
162901
162902
162903
162904
162913
162915
162916
162918
162922
162923
162930
162944
162946
162948
162949
162951
162952
162956
162957
162962
162965
162966
162972
162975
162977
162981
162983
162985
162996
163001
163002
163005
163018
163020
163021
163024
163026
163028
163030
163038
163042
163043
163044
163049
163054
163063
163068
163073
163075
163077
163079
163080
163084
163092
163097
163099
163101
163104
163106
163113
163114
163118
163124
163133
163137
163139
163140
163144
163147
163148
163152
163156
163157
163158
163173
163190
163198
163201
163203
163209
163216
163222
163224
163231
163232
163244
163246
163250
163251
163256
163257
163259
163261
163264
163271
163279
163283
163292
163296
163297
163301
163306
163309
163312
163314
163315
163317
163338
163341
163342
163351
163354
163355
163356
163360
163364
163365
163366
163367
163370
163371
163375
163376
163383
163384
163387
163388
163395
163397
163398
163402
163403
163410
163412
163419
163429
163436
163438
163439
163440
163444
163448
163450
163451
163452
163454
163478
163479
163483
163486
163494
163498
163507
163508
163509
163514
163516
163518
163519
163520
163521
163522
163524
163526
163555
163556
163557
163558
163565
163566
163570
163572
163575
163580
163581
163583
163584
163587
163588
163596
163603
163604
163605
163606
163607
163608
163610
163611
163618
163626
163630
163635
163636
163648
163652
163653
163659
163666
163667
163668
163670
163671
163675
163677
163678
163679
163681
163682
163688
163692
163699
163703
163706
163710
163711
163713
163716
163720
163730
163731
163732
163739
163745
163760
163761
163770
163778
163781
163784
163789
163790
163792
163798
163803
163804
163808
163810
163811
163813
163818
163819
163829
163830
163839
163852
163859
163860
163863
163865
163883
163892
163896
163900
163907
163909
163920
163924
163926
163929
163942
163948
163952
163963
163964
163968
163969
163974
163989
163990
163991
163994
163998
164001
164019
164020
164028
164029
164030
164032
164034
164043
164047
164048
164061
164062
164063
164068
164069
164072
164074
164077
164081
164089
164092
164096
164097
164107
164109
164110
164113
164121
164125
164126
164129
164131
164133
164136
164139
164141
164144
164150
164156
164157
164170
164172
164176
164178
164179
164185
164186
164190
164193
164196
164199
164201
164202
164203
164206
164210
164213
164214
164218
164221
164229
164238
164243
164248
164255
164256
164263
164264
164265
164267
164277
164281
164285
164286
164287
164288
164290
164295
164297
164300
164302
164304
164311
164314
164317
164319
164328
164336
164337
164343
164351
164354
164356
164362
164366
164371
164372
164375
164384
164385
164390
164393
164396
164399
164402
164407
164408
164419
164420
164423
164425
164427
164432
164438
164440
164442
164444
164446
164457
164461
164465
164466
164470
164475
164477
164478
164480
164484
164493
164496
164500
164505
164506
164509
164512
164517
164519
164526
164529
164537
164544
164550
164559
164560
164562
164572
164575
164576
164577
164579
164582
164598
164600
164603
164605
164606
164607
164610
164611
164632
164633
164634
164640
164642
164643
164649
164657
164659
164663
164664
164665
164671
164672
164673
164674
164686
164692
164700
164703
164714
164719
164722
164731
164737
164744
164750
164751
164760
164768
164773
164781
164784
164788
164807
164812
164814
164818
164819
164828
164829
164831
164832
164833
164840
164845
164850
164853
164859
164863
164865
164866
164869
164873
164874
164877
164879
164880
164882
164883
164888
164889
164890
164892
164893
164897
164899
164912
164919
164922
164923
164930
164932
164937
164938
164959
164964
164969
164974
164975
164979
164980
164981
164985
164987
164990
164991
164994
165000
165010
165011
165018
165025
165033
165039
165041
165043
165044
165048
165051
165054
165056
165065
165069
165071
165078
165088
165096
165098
165099
165100
165104
165110
165112
165122
165126
165142
165147
165155
165158
165170
165174
165175
165181
165182
165189
165202
165203
165204
165205
165209
165210
165212
165217
165221
165228
165231
165233
165239
165244
165249
165252
165255
165256
165262
165268
165280
165284
165287
165291
165299
165306
165309
165311
165321
165322
165327
165332
165338
165342
165343
165345
165346
165351
165354
165355
165363
165368
165369
165372
165374
165384
165385
165387
165388
165389
165390
165401
165404
165412
165414
165425
165426
165427
165434
165435
165436
165438
165442
165443
165447
165451
165462
165463
165466
165475
165477
165481
165483
165486
165491
165492
165493
165500
165506
165511
165522
165527
165530
165532
165533
165534
165539
165543
165552
165557
165572
165573
165578
165586
165587
165594
165596
165602
165619
165623
165627
165628
165633
165634
165635
165636
165638
165641
165644
165653
165655
165659
165663
165668
165670
165677
165680
165681
165683
165691
165692
165694
165707
165709
165710
165713
165714
165717
165719
165721
165723
165725
165726
165738
165740
165746
165747
165751
165754
165766
165767
165768
165770
165777
165778
165779
165783
165784
165785
165786
165787
165790
165799
165800
165801
165805
165809
165810
165811
165814
165828
165833
165840
165849
165852
165854
165857
165861
165862
165863
165866
165868
165876
165879
165880
165886
165888
165892
165899
165903
165915
165917
165918
165922
165926
165931
165932
165935
165937
165944
165945
165952
165953
165954
165955
165968
165983
165988
165995
166003
166005
166012
166013
166018
166019
166021
166022
166024
166025
166030
166042
166043
166047
166051
166054
166057
166058
166059
166060
166062
166064
166088
166090
166091
166092
166097
166098
166102
166107
166110
166117
166118
166122
166127
166128
166135
166136
166142
166146
166147
166148
166154
166157
166160
166163
166167
166169
166170
166180
166181
166184
166187
166188
166191
166193
166195
166196
166204
166209
166210
166212
166213
166215
166220
166232
166234
166237
166238
166243
166245
166246
166253
166254
166258
166277
166282
166286
166290
166291
166293
166295
166298
166300
166302
166303
166309
166321
166329
166330
166335
166337
166339
166347
166348
166352
166353
166355
166362
166365
166367
166368
166370
166373
166374
166376
166377
166378
166380
166395
166396
166397
166399
166416
166423
166426
166428
166440
166443
166446
166450
166459
166462
166463
166465
166467
166470
166472
166475
166478
166481
166489
166499
166509
166512
166514
166516
166523
166527
166529
166538
166544
166547
166560
166571
166572
166575
166586
166588
166590
166592
166594
166595
166596
166598
166604
166605
166608
166609
166611
166616
166617
166632
166634
166640
166645
166649
166662
166671
166681
166682
166689
166695
166696
166698
166700
166704
166706
166717
166718
166721
166724
166725
166727
166744
166748
166749
166753
166756
166758
166765
166775
166777
166785
166789
166790
166794
166804
166805
166807
166811
166816
166829
166835
166837
166847
166849
166852
166855
166856
166868
166869
166870
166871
166876
166877
166879
166882
166884
166887
166891
166894
166899
166901
166902
166904
166905
166908
166910
166914
166923
166932
166934
166935
166939
166942
166944
166945
166955
166960
166971
166977
166986
166989
166992
166997
167001
167005
167014
167016
167017
167021
167026
167032
167039
167045
167054
167055
167061
167066
167067
167068
167081
167082
167084
167085
167094
167099
167105
167108
167116
167124
167127
167135
167152
167155
167168
167172
167173
167183
167186
167193
167194
167197
167198
167200
167201
167208
167212
167214
167221
167227
167230
167236
167240
167243
167246
167259
167261
167265
167266
167267
167268
167273
167280
167281
167289
167292
167297
167299
167300
167302
167308
167309
167314
167320
167321
167323
167325
167326
167331
167337
167341
167343
167347
167348
167353
167356
167360
167373
167379
167381
167386
167387
167393
167404
167413
167414
167417
167418
167422
167424
167426
167427
167429
167444
167448
167457
167459
167461
167468
167472
167473
167476
167483
167488
167489
167491
167496
167501
167503
167505
167507
167509
167512
167513
167518
167519
167523
167524
167525
167529
167535
167536
167539
167543
167549
167550
167554
167556
167557
167563
167566
167567
167569
167570
167571
167577
167579
167582
167584
167596
167598
167599
167600
167603
167604
167606
167609
167611
167619
167623
167624
167626
167630
167634
167637
167638
167640
167643
167645
167648
167649
167650
167651
167655
167658
167661
167666
167676
167681
167683
167686
167688
167689
167690
167698
167700
167706
167708
167709
167714
167717
167720
167723
167724
167729
167730
167731
167734
167738
167746
167751
167763
167772
167780
167783
167785
167787
167788
167789
167790
167792
167793
167795
167798
167801
167802
167803
167815
167816
167817
167822
167823
167833
167835
167841
167843
167845
167848
167853
167854
167857
167860
167864
167867
167870
167876
167877
167878
167879
167885
167886
167888
167890
167893
167894
167901
167902
167906
167912
167913
167915
167916
167919
167921
167933
167934
167936
167937
167938
167941
167945
167949
167952
167956
167961
167966
167970
167972
167974
167975
167984
167988
167990
167991
167993
167998
168001
168003
168004
168012
168013
168015
168017
168019
168020
168022
168025
168027
168028
168029
168031
168033
168035
168052
168054
168060
168062
168066
168084
168095
168096
168098
168102
168104
168107
168108
168109
168115
168116
168120
168129
168132
168135
168136
168137
168138
168143
168145
168148
168152
168153
168157
168159
168160
168161
168164
168170
168173
168176
168179
168187
168195
168198
168202
168207
168216
168217
168225
168226
168227
168229
168232
168233
168234
168238
168250
168261
168263
168271
168273
168274
168275
168279
168285
168287
168288
168290
168293
168294
168308
168311
168313
168317
168326
168327
168334
168339
168342
168346
168348
168356
168359
168363
168371
168372
168376
168379
168384
168385
168388
168390
168404
168407
168410
168411
168416
168427
168428
168429
168436
168437
168441
168446
168449
168450
168451
168460
168462
168472
168477
168481
168499
168502
168504
168507
168509
168517
168521
168522
168528
168530
168531
168554
168560
168562
168563
168566
168572
168577
168580
168583
168586
168588
168589
168590
168599
168605
168607
168611
168613
168616
168617
168618
168620
168624
168626
168630
168631
168632
168634
168637
168638
168639
168640
168643
168647
168653
168658
168659
168661
168664
168675
168679
168680
168684
168691
168693
168697
168703
168704
168716
168721
168728
168733
168735
168738
168739
168740
168743
168744
168751
168753
168757
168758
168769
168772
168773
168774
168779
168783
168784
168788
168791
168795
168802
168803
168809
168821
168826
168833
168834
168845
168846
168848
168850
168853
168860
168861
168862
168863
168865
168871
168876
168879
168880
168883
168887
168897
168899
168901
168902
168903
168904
168913
168916
168919
168924
168930
168932
168935
168937
168938
168939
168941
168944
168945
168947
168948
168951
168958
168961
168962
168972
168977
168978
168979
168980
168982
168988
168989
168995
169004
169005
169007
169009
169014
169015
169017
169018
169020
169021
169022
169023
169027
169032
169041
169045
169054
169057
169069
169071
169072
169081
169093
169096
169099
169100
169118
169119
169123
169124
169131
169132
169135
169136
169138
169140
169142
169148
169151
169159
169162
169163
169167
169172
169176
169177
169178
169180
169185
169189
169193
169195
169196
169199
169200
169210
169214
169219
169234
169240
169241
169242
169251
169254
169258
169269
169270
169271
169274
169278
169280
169290
169293
169295
169296
169298
169304
169305
169307
169313
169318
169322
169323
169324
169325
169330
169340
169341
169344
169345
169353
169355
169356
169361
169362
169367
169373
169378
169384
169385
169386
169393
169395
169396
169401
169404
169407
169411
169414
169417
169422
169429
169430
169434
169436
169437
169439
169445
169454
169458
169465
169470
169471
169473
169480
169485
169486
169487
169488
169490
169493
169494
169502
169510
169513
169514
169517
169518
169520
169522
169528
169535
169537
169539
169542
169545
169555
169556
169560
169564
169575
169579
169581
169585
169586
169588
169590
169592
169604
169624
169626
169627
169629
169634
169647
169648
169653
169658
169660
169663
169665
169666
169668
169671
169674
169675
169682
169684
169685
169687
169689
169690
169695
169696
169697
169701
169705
169714
169715
169724
169725
169726
169728
169729
169736
169739
169746
169748
169749
169750
169766
169771
169783
169786
169792
169808
169824
169829
169830
169833
169835
169838
169841
169844
169847
169851
169852
169856
169857
169859
169860
169869
169872
169874
169876
169881
169886
169888
169892
169893
169906
169908
169909
169912
169925
169930
169948
169951
169952
169954
169955
169963
169964
169971
169972
169974
169976
169978
169979
169983
169989
169992
170003
170007
170008
170009
170017
170024
170025
170026
170031
170032
170034
170035
170038
170041
170055
170059
170062
170064
170065
170066
170067
170070
170075
170076
170082
170089
170092
170094
170095
170103
170106
170107
170109
170123
170132
170133
170137
170138
170141
170148
170153
170155
170156
170158
170163
170166
170169
170174
170180
170182
170188
170191
170194
170196
170199
170200
170202
170208
170212
170215
170232
170233
170239
170244
170248
170255
170258
170263
170268
170272
170282
170299
170307
170311
170316
170319
170322
170329
170331
170333
170334
170338
170339
170343
170344
170345
170349
170350
170355
170367
170381
170388
170393
170399
170401
170404
170405
170411
170416
170419
170440
170443
170444
170446
170447
170451
170452
170455
170463
170465
170466
170472
170482
170483
170490
170491
170499
170501
170502
170506
170507
170513
170520
170522
170526
170531
170535
170539
170545
170546
170547
170554
170568
170570
170571
170573
170579
170581
170585
170591
170596
170599
170601
170607
170616
170619
170620
170621
170622
170626
170631
170634
170644
170646
170647
170649
170654
170657
170663
170668
170674
170681
170682
170688
170689
170691
170695
170698
170700
170701
170706
170707
170708
170711
170716
170719
170727
170737
170738
170750
170751
170752
170756
170758
170762
170766
170774
170775
170777
170780
170781
170787
170793
170795
170801
170807
170809
170810
170811
170813
170820
170824
170825
170829
170834
170840
170844
170846
170849
170850
170852
170854
170858
170863
170866
170867
170871
170878
170882
170891
170899
170901
170903
170905
170906
170907
170909
170910
170913
170914
170917
170922
170923
170924
170932
170936
170937
170938
170945
170951
170953
170954
170958
170959
170969
170972
170979
170983
170984
170987
170993
170994
170996
170999
171006
171009
171013
171023
171024
171035
171036
171042
171047
171048
171049
171052
171059
171060
171064
171073
171074
171076
171078
171080
171095
171102
171105
171109
171110
171111
171115
171118
171119
171126
171127
171147
171149
171152
171161
171163
171180
171188
171190
171191
171194
171197
171199
171201
171203
171209
171212
171214
171215
171219
171226
171234
171237
171241
171242
171249
171250
171252
171253
171254
171260
171264
171265
171267
171286
171292
171293
171294
171298
171300
171301
171302
171306
171307
171311
171315
171316
171320
171322
171327
171345
171349
171352
171353
171355
171358
171361
171362
171368
171374
171376
171377
171385
171389
171394
171404
171408
171415
171418
171419
171431
171434
171437
171445
171453
171458
171461
171470
171472
171474
171478
171483
171488
171489
171490
171491
171500
171502
171516
171517
171519
171520
171521
171526
171536
171542
171547
171551
171553
171554
171560
171562
171566
171576
171579
171582
171589
171593
171595
171597
171599
171602
171606
171610
171613
171617
171619
171620
171623
171627
171628
171630
171633
171636
171637
171638
171639
171640
171643
171647
171648
171650
171653
171655
171656
171660
171662
171670
171671
171673
171681
171683
171688
171690
171701
171707
171709
171716
171719
171725
171728
171729
171730
171746
171749
171754
171758
171761
171770
171771
171773
171780
171781
171784
171786
171789
171791
171795
171796
171798
171799
171802
171804
171807
171811
171821
171824
171830
171831
171833
171837
171838
171842
171843
171847
171850
171852
171853
171856
171858
171863
171872
171883
171886
171889
171890
171891
171892
171897
171898
171902
171903
171907
171909
171912
171915
171918
171923
171924
171928
171936
171937
171941
171948
171952
171954
171969
171975
171981
171999
172013
172014
172018
172020
172022
172026
172028
172030
172038
172040
172047
172050
172053
172057
172059
172060
172064
172065
172066
172067
172068
172069
172074
172076
172086
172100
172102
172103
172107
172118
172119
172120
172123
172125
172141
172143
172147
172152
172154
172155
172158
172166
172177
172179
172187
172194
172203
172206
172215
172216
172220
172225
172232
172237
172240
172244
172246
172252
172254
172255
172259
172260
172261
172262
172264
172265
172274
172277
172285
172286
172290
172291
172292
172294
172300
172301
172303
172304
172307
172310
172311
172312
172316
172321
172325
172328
172333
172344
172346
172349
172354
172360
172361
172372
172374
172376
172385
172387
172389
172391
172394
172400
172401
172407
172413
172415
172422
172427
172433
172456
172457
172459
172461
172464
172465
172470
172473
172476
172502
172506
172508
172513
172526
172537
172541
172551
172557
172565
172572
172592
172594
172600
172608
172610
172614
172617
172619
172622
172625
172630
172631
172632
172640
172641
172649
172653
172660
172663
172664
172667
172668
172670
172677
172678
172682
172688
172693
172694
172695
172711
172712
172713
172714
172715
172726
172734
172736
172740
172747
172754
172755
172756
172757
172760
172761
172765
172767
172769
172774
172776
172781
172789
172810
172811
172813
172818
172820
172821
172828
172829
172837
172847
172849
172852
172857
172859
172863
172865
172866
172867
172871
172873
172874
172876
172878
172884
172885
172890
172894
172896
172900
172904
172910
172912
172917
172919
172924
172925
172926
172935
172940
172944
172952
172954
172958
172960
172961
172962
172963
172971
172973
172978
172987
172993
172995
172998
173002
173012
173018
173026
173028
173030
173040
173041
173052
173061
173063
173064
173065
173066
173072
173076
173089
173093
173094
173099
173104
173105
173106
173107
173114
173118
173119
173121
173123
173132
173137
173140
173145
173146
173148
173150
173152
173162
173167
173168
173169
173175
173181
173182
173186
173188
173190
173192
173195
173198
173200
173203
173206
173207
173208
173224
173228
173234
173235
173238
173239
173240
173244
173248
173253
173255
173257
173260
173262
173267
173274
173278
173283
173284
173285
173292
173294
173296
173300
173306
173309
173310
173311
173322
173325
173326
173327
173329
173331
173335
173343
173348
173350
173352
173361
173365
173367
173373
173381
173382
173384
173391
173392
173398
173403
173405
173408
173417
173420
173422
173429
173432
173446
173447
173452
173459
173460
173461
173477
173483
173484
173487
173489
173492
173496
173497
173502
173504
173517
173524
173527
173533
173536
173546
173551
173555
173557
173561
173564
173565
173566
173571
173574
173575
173577
173587
173588
173593
173594
173596
173597
173601
173606
173609
173610
173615
173617
173623
173627
173631
173635
173641
173644
173650
173651
173654
173655
173657
173658
173662
173663
173664
173675
173681
173683
173684
173686
173690
173691
173699
173700
173704
173705
173706
173711
173714
173726
173727
173728
173737
173739
173741
173748
173749
173750
173752
173754
173755
173757
173762
173763
173776
173782
173786
173792
173797
173798
173799
173800
173802
173805
173807
173808
173809
173814
173824
173825
173827
173828
173829
173832
173834
173844
173852
173853
173865
173869
173885
173888
173897
173898
173899
173902
173905
173914
173916
173921
173924
173927
173928
173932
173935
173936
173943
173951
173953
173959
173965
173966
173967
173971
173980
173984
173991
173992
173996
173998
173999
174001
174002
174004
174012
174017
174024
174028
174037
174039
174041
174049
174056
174060
174063
174071
174072
174075
174081
174084
174088
174090
174091
174093
174103
174105
174109
174112
174119
174121
174123
174128
174132
174133
174136
174145
174154
174155
174157
174160
174162
174177
174187
174188
174193
174197
174202
174204
174205
174214
174215
174217
174218
174229
174230
174235
174237
174241
174245
174247
174259
174267
174271
174273
174275
174281
174282
174291
174292
174294
174299
174311
174312
174314
174316
174318
174323
174333
174335
174338
174339
174341
174360
174369
174381
174383
174389
174390
174392
174393
174399
174402
174406
174412
174428
174430
174438
174442
174445
174451
174460
174465
174467
174469
174474
174483
174485
174488
174490
174496
174497
174498
174502
174503
174504
174507
174515
174517
174520
174521
174524
174525
174526
174532
174533
174535
174538
174539
174541
174544
174545
174551
174555
174556
174557
174558
174561
174566
174568
174569
174570
174571
174590
174594
174596
174598
174599
174601
174603
174608
174609
174615
174616
174623
174625
174636
174643
174655
174663
174664
174665
174667
174669
174683
174691
174692
174695
174706
174710
174711
174717
174722
174723
174726
174727
174736
174738
174739
174744
174745
174748
174749
174750
174754
174759
174761
174763
174766
174767
174777
174781
174799
174800
174809
174811
174812
174818
174820
174830
174831
174841
174844
174846
174848
174852
174854
174859
174863
174866
174870
174872
174875
174876
174879
174881
174883
174886
174887
174894
174896
174902
174908
174910
174920
174925
174935
174938
174940
174942
174951
174954
174959
174966
174967
174970
174975
174977
174978
174979
174982
174984
174985
174987
174988
174998
174999
175002
175003
175006
175008
175010
175014
175020
175030
175033
175034
175040
175076
175082
175083
175086
175090
175093
175098
175103
175104
175108
175113
175116
175121
175126
175133
175136
175137
175140
175145
175149
175151
175153
175155
175163
175164
175165
175166
175172
175175
175189
175198
175203
175209
175210
175215
175224
175228
175229
175232
175233
175234
175237
175239
175241
175242
175252
175256
175258
175260
175261
175266
175269
175270
175273
175275
175281
175284
175287
175296
175299
175300
175307
175308
175313
175316
175326
175329
175331
175336
175343
175347
175356
175357
175365
175366
175370
175380
175385
175386
175390
175395
175402
175403
175413
175416
175420
175423
175428
175430
175431
175434
175440
175442
175447
175450
175452
175456
175461
175464
175465
175467
175473
175476
175482
175484
175485
175491
175492
175494
175495
175497
175498
175499
175511
175515
175517
175520
175524
175534
175535
175553
175554
175556
175560
175561
175564
175568
175570
175577
175582
175583
175585
175589
175599
175605
175608
175609
175612
175615
175619
175621
175624
175625
175629
175630
175635
175641
175642
175645
175654
175656
175658
175663
175664
175666
175667
175669
175679
175683
175690
175691
175693
175700
175701
175703
175708
175714
175715
175716
175717
175726
175728
175735
175736
175737
175746
175749
175752
175754
175756
175761
175762
175771
175777
175778
175783
175786
175787
175788
175793
175794
175802
175808
175810
175811
175813
175817
175818
175837
175839
175841
175845
175854
175858
175859
175862
175865
175878
175879
175880
175881
175883
175892
175898
175900
175906
175909
175914
175917
175931
175934
175935
175936
175939
175941
175944
175950
175953
175954
175958
175964
175968
175969
175973
175974
175975
175977
175982
175990
175991
175994
175996
176000
176011
176026
176027
176028
176029
176030
176036
176039
176040
176043
176044
176053
176057
176059
176064
176069
176080
176082
176086
176091
176095
176096
176102
176103
176107
176108
176109
176110
176116
176120
176134
176138
176142
176143
176146
176148
176154
176158
176166
176174
176183
176186
176187
176193
176200
176201
176207
176209
176215
176219
176225
176226
176228
176238
176240
176248
176254
176256
176258
176267
176268
176271
176272
176274
176275
176276
176277
176280
176283
176285
176293
176298
176299
176305
176306
176309
176310
176311
176314
176317
176330
176331
176334
176338
176341
176347
176350
176351
176352
176356
176365
176366
176368
176375
176383
176385
176386
176398
176410
176413
176414
176421
176426
176431
176443
176445
176449
176452
176453
176454
176462
176465
176472
176473
176479
176480
176482
176488
176490
176492
176493
176495
176496
176498
176499
176502
176503
176507
176509
176510
176512
176513
176516
176523
176539
176546
176548
176553
176554
176561
176562
176565
176566
176570
176572
176574
176575
176580
176584
176585
176586
176587
176589
176590
176592
176595
176597
176600
176603
176607
176622
176623
176625
176627
176629
176632
176633
176645
176663
176664
176682
176685
176686
176693
176694
176700
176705
176711
176716
176724
176729
176731
176742
176743
176745
176746
176753
176754
176755
176766
176767
176768
176772
176776
176777
176779
176783
176798
176799
176810
176812
176818
176821
176832
176834
176836
176840
176841
176842
176843
176847
176849
176850
176854
176855
176859
176861
176864
176867
176868
176875
176880
176885
176886
176888
176889
176892
176893
176897
176898
176899
176900
176905
176912
176913
176925
176926
176927
176930
176931
176942
176947
176950
176952
176953
176954
176956
176962
176964
176974
176975
176977
176979
176980
176988
176996
176997
176998
177001
177002
177003
177006
177009
177013
177023
177033
177038
177042
177043
177048
177049
177050
177061
177063
177070
177078
177080
177088
177090
177105
177116
177120
177122
177125
177128
177129
177130
177131
177132
177139
177140
177145
177150
177151
177167
177169
177170
177173
177174
177175
177176
177177
177181
177183
177185
177187
177189
177190
177192
177211
177213
177214
177218
177220
177224
177227
177228
177231
177233
177235
177242
177246
177247
177250
177253
177254
177258
177261
177276
177279
177280
177282
177286
177288
177292
177296
177313
177318
177322
177325
177340
177341
177344
177347
177357
177361
177364
177366
177368
177372
177376
177380
177381
177383
177387
177389
177401
177404
177407
177409
177410
177411
177413
177415
177420
177421
177423
177428
177430
177435
177436
177438
177443
177444
177445
177449
177452
177453
177456
177458
177464
177473
177476
177477
177485
177486
177492
177495
177496
177503
177505
177513
177515
177517
177522
177528
177534
177539
177540
177554
177558
177568
177572
177573
177579
177581
177582
177584
177586
177587
177588
177589
177592
177593
177594
177595
177596
177598
177605
177606
177608
177616
177618
177632
177638
177643
177647
177648
177651
177652
177653
177661
177666
177667
177670
177675
177678
177683
177685
177688
177690
177697
177701
177706
177709
177711
177713
177714
177716
177723
177725
177728
177732
177734
177744
177745
177748
177752
177761
177771
177773
177777
177778
177783
177787
177792
177794
177795
177803
177806
177809
177813
177822
177826
177834
177837
177841
177844
177846
177848
177874
177883
177884
177885
177886
177892
177896
177903
177908
177918
177921
177922
177923
177941
177944
177953
177961
177969
177975
177976
177984
177987
177991
177995
177998
178002
178013
178014
178016
178017
178018
178021
178028
178033
178038
178039
178040
178041
178048
178050
178056
178060
178070
178074
178078
178080
178084
178087
178089
178103
178104
178111
178114
178117
178120
178122
178125
178128
178130
178131
178135
178140
178144
178145
178149
178155
178158
178162
178164
178165
178171
178174
178179
178185
178188
178189
178192
178195
178197
178198
178203
178212
178214
178220
178221
178224
178227
178235
178240
178243
178246
178248
178253
178265
178271
178281
178285
178290
178292
178293
178294
178305
178313
178315
178318
178320
178321
178329
178330
178343
178349
178352
178353
178354
178355
178358
178360
178361
178364
178365
178370
178373
178374
178380
178382
178389
178393
178396
178399
178402
178403
178406
178407
178411
178413
178420
178422
178427
178429
178431
178432
178435
178439
178449
178451
178457
178459
178460
178470
178472
178477
178489
178493
178496
178497
178502
178503
178508
178509
178512
178525
178526
178527
178528
178531
178537
178538
178543
178546
178557
178568
178569
178570
178578
178581
178586
178589
178591
178594
178598
178600
178603
178604
178611
178612
178617
178622
178623
178626
178628
178629
178630
178632
178638
178642
178654
178655
178656
178669
178678
178684
178691
178696
178700
178701
178705
178714
178719
178720
178723
178725
178727
178732
178739
178744
178745
178751
178753
178756
178761
178767
178772
178773
178777
178782
178786
178791
178794
178795
178808
178816
178822
178824
178833
178834
178843
178844
178845
178846
178847
178852
178856
178870
178872
178883
178886
178900
178903
178905
178907
178909
178916
178922
178926
178927
178930
178933
178937
178943
178950
178955
178957
178960
178964
178969
178971
178974
178979
178980
178987
178988
178991
178992
178998
178999
179000
179002
179008
179011
179014
179019
179020
179024
179029
179035
179037
179038
179043
179045
179059
179065
179066
179067
179069
179071
179075
179078
179079
179081
179084
179087
179092
179095
179096
179098
179099
179100
179104
179107
179108
179112
179113
179115
179122
179123
179125
179129
179140
179144
179145
179146
179157
179159
179162
179164
179166
179172
179173
179194
179204
179205
179219
179220
179228
179234
179238
179250
179252
179260
179266
179269
179280
179283
179289
179302
179309
179310
179316
179317
179318
179319
179327
179330
179334
179340
179342
179348
179357
179359
179362
179371
179373
179380
179381
179385
179386
179392
179395
179396
179398
179401
179402
179407
179411
179414
179422
179432
179433
179444
179447
179452
179453
179456
179457
179458
179463
179465
179469
179474
179476
179477
179492
179498
179503
179505
179509
179511
179519
179521
179528
179532
179533
179538
179544
179553
179562
179564
179567
179568
179571
179574
179579
179592
179596
179620
179622
179625
179627
179630
179634
179635
179637
179639
179641
179642
179643
179647
179649
179656
179657
179658
179666
179668
179669
179676
179682
179683
179685
179686
179688
179690
179692
179693
179701
179705
179708
179717
179719
179721
179723
179724
179731
179741
179743
179751
179752
179754
179756
179757
179763
179768
179777
179778
179783
179798
179801
179803
179804
179806
179811
179812
179817
179842
179851
179856
179865
179866
179871
179879
179881
179887
179889
179891
179895
179896
179897
179903
179908
179912
179918
179919
179924
179929
179940
179947
179949
179950
179954
179957
179962
179965
179966
179967
179970
179972
179973
179974
179975
179982
179985
179986
179991
179994
180001
180002
180007
180014
180019
180020
180021
180022
180024
180026
180037
180042
180043
180049
180051
180055
180056
180057
180060
180068
180076
180083
180091
180095
180096
180099
180103
180104
180106
180110
180116
180117
180121
180124
180131
180132
180133
180139
180144
180146
180153
180158
180163
180169
180175
180176
180177
180182
180183
180185
180204
180212
180218
180227
180234
180239
180244
180245
180252
180255
180258
180260
180262
180265
180268
180272
180274
180275
180277
180286
180287
180294
180296
180303
180310
180320
180322
180326
180331
180332
180339
180343
180346
180348
180350
180351
180360
180365
180372
180374
180381
180382
180388
180391
180393
180400
180401
180408
180413
180416
180418
180420
180421
180422
180426
180428
180437
180438
180445
180447
180451
180456
180460
180466
180467
180471
180472
180479
180483
180485
180487
180492
180493
180494
180495
180499
180501
180503
180515
180516
180519
180522
180530
180538
180539
180540
180541
180549
180553
180555
180558
180560
180561
180562
180567
180572
180582
180584
180586
180590
180595
180599
180602
180603
180607
180608
180622
180624
180625
180627
180630
180632
180635
180639
180643
180645
180648
180653
180655
180658
180660
180670
180676
180677
180681
180685
180687
180690
180701
180703
180709
180710
180713
180716
180719
180722
180728
180729
180731
180735
180742
180743
180749
180753
180759
180774
180775
180779
180782
180783
180786
180793
180798
180800
180803
180804
180807
180813
180814
180821
180824
180825
180833
180837
180841
180843
180849
180851
180853
180855
180856
180857
180858
180861
180862
180865
180869
180880
180881
180883
180891
180896
180898
180905
180906
180911
180919
180924
180925
180926
180929
180931
180944
180949
180954
180956
180963
180964
180969
180970
180975
180979
180981
180986
180987
180990
180998
180999
181001
181002
181003
181004
181009
181010
181015
181017
181019
181028
181031
181032
181033
181036
181042
181043
181046
181053
181057
181063
181065
181067
181069
181070
181073
181076
181081
181082
181083
181087
181088
181091
181092
181102
181112
181115
181137
181140
181143
181145
181155
181157
181161
181169
181174
181175
181176
181185
181186
181193
181200
181202
181206
181210
181225
181226
181235
181239
181243
181256
181259
181270
181272
181281
181285
181286
181294
181296
181299
181311
181312
181318
181322
181329
181331
181334
181336
181344
181350
181361
181362
181371
181372
181378
181384
181399
181403
181407
181409
181415
181427
181433
181434
181447
181450
181451
181456
181457
181459
181460
181476
181477
181487
181490
181491
181493
181498
181504
181506
181516
181517
181519
181527
181529
181531
181535
181538
181542
181548
181550
181554
181568
181569
181572
181576
181585
181587
181589
181594
181595
181602
181608
181609
181610
181611
181612
181618
181619
181622
181625
181628
181632
181635
181639
181645
181646
181659
181667
181668
181674
181678
181679
181689
181691
181700
181701
181703
181706
181713
181715
181724
181735
181736
181737
181740
181741
181744
181747
181752
181754
181757
181759
181762
181770
181773
181779
181780
181781
181785
181798
181801
181804
181806
181812
181813
181814
181816
181824
181828
181829
181833
181837
181842
181844
181848
181850
181854
181855
181858
181868
181886
181889
181896
181902
181906
181908
181914
181920
181926
181930
181933
181940
181943
181944
181951
181954
181957
181960
181974
181978
181979
181987
181989
181992
182001
182003
182009
182011
182012
182015
182016
182017
182018
182028
182034
182037
182039
182040
182041
182043
182062
182065
182073
182079
182080
182081
182084
182087
182093
182094
182097
182102
182104
182105
182109
182123
182124
182135
182145
182146
182150
182156
182157
182162
182169
182170
182177
182180
182188
182192
182193
182194
182203
182205
182212
182213
182215
182217
182220
182231
182239
182243
182244
182249
182252
182253
182255
182259
182263
182264
182267
182274
182276
182281
182285
182286
182291
182293
182298
182305
182308
182315
182316
182319
182327
182331
182335
182337
182338
182340
182343
182349
182354
182362
182365
182366
182369
182375
182377
182379
182380
182382
182383
182387
182389
182390
182406
182412
182415
182417
182418
182420
182423
182431
182440
182442
182443
182444
182445
182460
182461
182466
182469
182471
182482
182483
182484
182489
182490
182495
182496
182497
182502
182527
182531
182533
182545
182546
182554
182555
182562
182565
182572
182575
182576
182578
182579
182582
182583
182586
182591
182599
182601
182608
182609
182613
182618
182624
182627
182631
182635
182636
182638
182640
182647
182652
182654
182655
182660
182665
182676
182680
182681
182687
182689
182692
182700
182711
182712
182721
182723
182724
182729
182730
182734
182735
182742
182746
182751
182754
182755
182758
182762
182763
182769
182774
182777
182782
182792
182794
182797
182801
182808
182809
182810
182814
182817
182821
182824
182825
182848
182860
182861
182864
182866
182871
182873
182875
182878
182880
182889
182895
182898
182902
182908
182910
182911
182912
182918
182924
182927
182930
182937
182941
182942
182943
182945
182950
182953
182954
182958
182962
182970
182974
182981
182986
182989
182991
182997
183004
183007
183015
183016
183027
183031
183032
183033
183036
183040
183052
183053
183068
183071
183081
183092
183095
183097
183098
183113
183117
183121
183128
183130
183131
183133
183135
183140
183142
183144
183148
183150
183152
183155
183158
183160
183165
183167
183173
183176
183184
183187
183198
183200
183204
183206
183207
183210
183223
183224
183227
183233
183236
183237
183245
183248
183255
183258
183261
183262
183264
183271
183275
183276
183277
183281
183283
183293
183294
183297
183316
183317
183320
183321
183326
183329
183340
183343
183350
183352
183354
183355
183359
183365
183367
183374
183377
183392
183396
183397
183401
183402
183403
183406
183409
183415
183417
183421
183429
183431
183446
183450
183457
183460
183466
183467
183468
183469
183471
183480
183486
183487
183496
183498
183504
183505
183508
183513
183520
183527
183528
183531
183533
183537
183538
183539
183543
183546
183548
183550
183551
183553
183558
183560
183562
183565
183567
183575
183576
183578
183580
183589
183597
183602
183609
183610
183613
183615
183622
183633
183635
183637
183644
183646
183650
183659
183665
183667
183672
183677
183679
183686
183691
183699
183702
183703
183705
183709
183711
183712
183713
183714
183727
183734
183737
183738
183740
183741
183742
183753
183755
183765
183772
183773
183775
183783
183791
183802
183811
183812
183817
183819
183821
183822
183825
183829
183831
183833
183839
183841
183847
183850
183857
183859
183869
183872
183876
183884
183888
183889
183890
183893
183896
183898
183905
183909
183910
183917
183928
183936
183945
183953
183956
183961
183966
183972
183976
183979
183982
183983
183985
183988
184000
184005
184015
184022
184025
184027
184028
184029
184034
184037
184043
184044
184053
184054
184057
184058
184065
184068
184072
184074
184075
184077
184079
184080
184087
184088
184089
184095
184101
184102
184109
184111
184116
184118
184119
184123
184125
184127
184130
184137
184139
184145
184146
184149
184150
184154
184161
184166
184169
184171
184184
184193
184203
184207
184208
184209
184211
184213
184214
184225
184229
184235
184236
184238
184244
184251
184254
184256
184264
184278
184279
184283
184285
184295
184299
184304
184305
184306
184310
184311
184315
184325
184326
184337
184343
184348
184352
184353
184355
184358
184362
184363
184375
184378
184379
184382
184383
184388
184389
184394
184395
184397
184401
184407
184414
184417
184422
184423
184424
184426
184430
184438
184440
184441
184444
184446
184450
184462
184467
184474
184479
184485
184488
184495
184496
184498
184503
184512
184519
184520
184525
184526
184529
184534
184535
184541
184542
184546
184562
184574
184580
184583
184584
184604
184609
184610
184613
184624
184631
184641
184643
184651
184652
184655
184660
184667
184674
184679
184680
184682
184683
184687
184694
184695
184697
184702
184704
184706
184708
184714
184717
184719
184726
184729
184733
184736
184741
184747
184756
184757
184758
184765
184766
184767
184779
184783
184789
184790
184792
184795
184800
184802
184811
184815
184822
184825
184831
184833
184834
184836
184842
184843
184845
184847
184849
184850
184860
184868
184874
184876
184877
184881
184885
184886
184899
184916
184922
184938
184939
184942
184949
184950
184961
184962
184964
184972
184977
184985
184993
184994
184998
185005
185011
185018
185020
185021
185023
185024
185027
185028
185029
185041
185042
185048
185050
185056
185069
185070
185075
185078
185081
185084
185093
185101
185112
185115
185124
185125
185137
185140
185148
185152
185155
185161
185164
185167
185170
185171
185174
185175
185177
185179
185183
185187
185188
185189
185194
185196
185199
185205
185208
185209
185212
185226
185229
185233
185236
185237
185241
185249
185250
185253
185255
185265
185266
185267
185269
185293
185295
185296
185303
185307
185311
185326
185327
185330
185335
185347
185355
185357
185359
185360
185362
185378
185379
185382
185385
185387
185388
185394
185404
185407
185408
185410
185412
185417
185423
185426
185429
185433
185434
185444
185449
185451
185452
185455
185460
185461
185466
185479
185484
185486
185488
185491
185492
185495
185501
185502
185503
185507
185510
185517
185518
185519
185521
185524
185527
185528
185535
185537
185541
185542
185544
185545
185546
185553
185555
185563
185564
185565
185568
185571
185572
185574
185578
185579
185589
185591
185595
185598
185601
185607
185608
185617
185618
185620
185623
185638
185643
185649
185650
185652
185653
185659
185661
185664
185672
185685
185688
185693
185699
185710
185713
185714
185715
185717
185729
185737
185745
185748
185750
185753
185756
185759
185762
185764
185765
185767
185773
185774
185775
185776
185778
185780
185781
185783
185786
185788
185790
185794
185800
185814
185815
185817
185819
185821
185829
185832
185844
185846
185852
185876
185877
185880
185888
185890
185900
185907
185911
185915
185917
185926
185927
185929
185930
185933
185934
185936
185941
185942
185945
185948
185952
185955
185957
185960
185971
185975
185979
185989
185996
186003
186004
186006
186018
186019
186022
186029
186030
186033
186036
186042
186048
186051
186056
186063
186067
186074
186076
186080
186084
186086
186089
186092
186095
186096
186097
186100
186101
186105
186107
186117
186122
186123
186126
186129
186141
186144
186152
186155
186157
186162
186164
186167
186168
186169
186175
186179
186182
186189
186190
186191
186192
186193
186195
186198
186200
186202
186204
186216
186224
186225
186236
186240
186244
186248
186250
186260
186264
186268
186269
186270
186272
186273
186276
186283
186295
186297
186301
186302
186303
186305
186310
186312
186315
186320
186327
186331
186332
186333
186343
186351
186352
186355
186362
186366
186369
186373
186374
186375
186376
186380
186382
186390
186391
186393
186394
186397
186405
186408
186409
186418
186421
186426
186428
186431
186432
186433
186438
186446
186449
186453
186460
186461
186466
186469
186473
186485
186489
186496
186501
186503
186504
186507
186509
186511
186512
186522
186526
186532
186533
186539
186541
186543
186547
186548
186552
186555
186560
186561
186562
186569
186572
186582
186589
186592
186605
186616
186617
186618
186629
186631
186635
186636
186638
186640
186645
186654
186660
186661
186662
186663
186666
186670
186672
186673
186679
186683
186685
186686
186687
186697
186698
186702
186710
186711
186715
186717
186735
186741
186742
186746
186752
186757
186763
186771
186772
186773
186775
186776
186782
186786
186787
186791
186792
186793
186797
186800
186802
186818
186819
186834
186836
186842
186844
186845
186855
186859
186865
186875
186883
186886
186888
186890
186894
186900
186905
186909
186912
186914
186919
186922
186927
186928
186930
186932
186941
186948
186965
186972
186974
186975
186981
186984
186986
186993
186999
187003
187008
187011
187014
187015
187032
187034
187049
187053
187056
187058
187064
187068
187073
187079
187081
187082
187086
187087
187105
187108
187110
187111
187117
187118
187127
187130
187131
187136
187137
187138
187145
187148
187152
187153
187157
187158
187193
187196
187206
187209
187213
187215
187216
187220
187228
187235
187237
187243
187246
187254
187256
187263
187267
187272
187274
187277
187289
187290
187291
187295
187297
187298
187300
187302
187305
187314
187317
187318
187322
187326
187330
187332
187335
187342
187348
187349
187351
187353
187361
187362
187365
187368
187372
187377
187382
187387
187389
187397
187399
187401
187403
187417
187420
187422
187426
187427
187432
187440
187441
187443
187444
187447
187449
187451
187455
187463
187467
187474
187480
187484
187485
187487
187491
187494
187507
187514
187518
187525
187528
187534
187537
187541
187543
187545
187549
187550
187551
187559
187560
187561
187562
187564
187565
187574
187583
187585
187593
187595
187597
187601
187613
187629
187631
187635
187638
187640
187645
187650
187654
187655
187662
187664
187665
187666
187668
187675
187676
187677
187678
187679
187683
187691
187697
187699
187710
187711
187721
187737
187738
187739
187740
187744
187745
187748
187749
187750
187753
187754
187758
187759
187760
187762
187763
187765
187770
187774
187777
187779
187781
187782
187794
187801
187808
187811
187814
187819
187822
187824
187833
187838
187840
187845
187848
187855
187861
187863
187866
187876
187878
187886
187891
187899
187906
187907
187908
187919
187922
187937
187938
187940
187943
187945
187955
187956
187960
187962
187963
187967
187969
187970
187993
187995
188002
188003
188004
188009
188016
188031
188043
188044
188045
188048
188050
188052
188054
188058
188063
188069
188073
188074
188083
188085
188089
188092
188098
188104
188105
188106
188107
188109
188110
188112
188113
188120
188123
188133
188144
188157
188158
188160
188163
188164
188170
188173
188174
188175
188176
188177
188183
188184
188185
188190
188196
188197
188201
188206
188208
188211
188217
188220
188225
188227
188231
188237
188239
188241
188242
188253
188264
188266
188268
188273
188278
188283
188293
188295
188298
188310
188311
188315
188324
188338
188343
188347
188350
188355
188356
188364
188365
188369
188378
188380
188382
188384
188396
188398
188403
188408
188409
188412
188415
188416
188420
188425
188429
188431
188435
188439
188440
188442
188454
188458
188460
188462
188468
188470
188474
188492
188496
188497
188502
188508
188511
188512
188513
188515
188519
188524
188527
188547
188554
188556
188557
188563
188565
188570
188578
188583
188587
188589
188590
188591
188604
188607
188610
188618
188625
188633
188638
188650
188653
188661
188662
188669
188675
188678
188680
188681
188689
188691
188692
188695
188696
188700
188701
188709
188710
188711
188713
188716
188718
188720
188722
188730
188732
188733
188736
188743
188748
188755
188759
188768
188773
188775
188779
188785
188787
188788
188790
188799
188808
188813
188814
188817
188819
188823
188827
188828
188841
188842
188844
188845
188851
188856
188858
188862
188867
188875
188877
188885
188891
188894
188895
188897
188904
188909
188912
188916
188930
188931
188932
188940
188942
188948
188949
188952
188954
188958
188961
188963
188965
188967
188971
188977
188979
188980
188985
188986
188993
188995
189001
189002
189003
189005
189017
189021
189023
189027
189029
189035
189038
189041
189043
189046
189047
189050
189054
189055
189060
189067
189068
189077
189081
189082
189093
189096
189104
189106
189109
189110
189111
189113
189114
189116
189117
189119
189121
189125
189128
189129
189133
189139
189142
189144
189146
189147
189150
189151
189161
189162
189171
189177
189178
189186
189189
189190
189192
189193
189198
189199
189205
189213
189229
189231
189235
189239
189248
189249
189255
189260
189263
189271
189275
189277
189281
189285
189291
189299
189301
189313
189319
189321
189326
189329
189331
189333
189335
189342
189343
189348
189351
189353
189361
189368
189369
189371
189373
189376
189378
189380
189385
189386
189388
189396
189398
189399
189400
189408
189410
189411
189415
189422
189428
189432
189433
189436
189443
189449
189452
189459
189465
189469
189476
189477
189482
189485
189493
189494
189496
189500
189506
189510
189512
189515
189519
189523
189525
189526
189528
189530
189533
189535
189540
189546
189551
189555
189556
189557
189563
189573
189580
189581
189583
189584
189585
189590
189594
189595
189599
189600
189601
189602
189605
189606
189610
189614
189615
189617
189618
189619
189620
189627
189628
189631
189632
189633
189636
189639
189646
189654
189666
189671
189673
189676
189678
189679
189680
189688
189691
189693
189694
189695
189696
189697
189699
189702
189711
189713
189715
189729
189733
189736
189740
189741
189743
189746
189759
189760
189762
189763
189765
189773
189774
189777
189781
189789
189790
189794
189798
189801
189806
189807
189810
189812
189813
189817
189818
189822
189823
189824
189827
189828
189838
189843
189849
189850
189853
189855
189857
189869
189871
189881
189885
189890
189892
189893
189895
189899
189900
189908
189909
189910
189912
189931
189933
189939
189942
189945
189946
189947
189948
189950
189953
189961
189964
189968
189971
189980
189982
189987
189989
189991
189993
189994
190000
190001
190005
190008
190012
190014
190017
190023
190024
190042
190045
190046
190055
190059
190060
190065
190066
190071
190075
190077
190080
190081
190088
190090
190093
190094
190095
190101
190105
190107
190108
190123
190126
190136
190138
190144
190151
190160
190169
190171
190173
190178
190181
190184
190187
190197
190204
190206
190212
190214
190218
190220
190221
190222
190223
190229
190240
190256
190262
190264
190279
190285
190286
190306
190312
190315
190316
190319
190325
190326
190327
190332
190335
190336
190346
190351
190353
190354
190358
190360
190361
190371
190372
190380
190383
190389
190402
190405
190408
190414
190418
190425
190429
190435
190437
190442
190443
190445
190451
190452
190459
190460
190462
190465
190470
190474
190479
190483
190484
190488
190491
190495
190496
190502
190504
190508
190509
190512
190515
190518
190519
190520
190528
190534
190541
190543
190544
190548
190552
190555
190557
190562
190563
190564
190566
190568
190572
190576
190582
190583
190584
190594
190595
190601
190609
190610
190614
190618
190619
190621
190626
190638
190639
190640
190642
190647
190654
190661
190663
190664
190675
190679
190688
190694
190697
190702
190706
190713
190718
190724
190726
190728
190731
190732
190733
190735
190738
190739
190742
190744
190746
190750
190751
190753
190755
190758
190759
190767
190770
190774
190776
190778
190779
190781
190787
190796
190798
190800
190812
190816
190817
190819
190824
190826
190828
190829
190834
190835
190840
190848
190856
190857
190859
190861
190868
190869
190873
190876
190879
190880
190885
190889
190898
190910
190912
190916
190921
190925
190930
190933
190939
190942
190943
190945
190948
190950
190953
190956
190957
190958
190962
190968
190977
190982
190984
190992
190995
190996
190997
191000
191001
191008
191013
191023
191047
191051
191055
191057
191061
191066
191067
191070
191071
191072
191077
191080
191082
191084
191085
191086
191089
191092
191098
191099
191100
191104
191109
191110
191118
191122
191126
191127
191129
191137
191140
191143
191148
191149
191152
191153
191154
191181
191182
191186
191191
191192
191195
191196
191197
191199
191206
191208
191216
191222
191229
191231
191236
191237
191241
191243
191250
191257
191258
191261
191263
191268
191277
191278
191279
191280
191283
191292
191295
191306
191307
191322
191328
191334
191336
191337
191352
191354
191355
191358
191368
191373
191377
191378
191381
191388
191391
191394
191399
191400
191406
191410
191433
191434
191436
191446
191447
191450
191451
191452
191455
191461
191464
191470
191475
191478
191481
191482
191493
191502
191505
191512
191513
191517
191520
191521
191522
191528
191529
191536
191538
191543
191544
191545
191547
191550
191551
191556
191557
191561
191571
191573
191581
191586
191588
191591
191595
191597
191601
191604
191605
191609
191613
191615
191624
191626
191627
191629
191639
191646
191664
191670
191674
191675
191683
191690
191696
191697
191699
191700
191701
191702
191711
191716
191718
191720
191725
191726
191728
191730
191734
191735
191737
191740
191744
191746
191755
191756
191758
191770
191771
191772
191775
191778
191780
191784
191786
191788
191791
191792
191794
191795
191805
191807
191813
191814
191832
191841
191843
191849
191856
191861
191862
191863
191872
191874
191876
191880
191895
191901
191902
191903
191910
191911
191916
191918
191922
191925
191942
191943
191945
191947
191952
191953
191956
191962
191971
191973
191981
191984
191986
191992
191996
191999
192001
192003
192004
192005
192007
192013
192017
192018
192019
192023
192029
192031
192035
192036
192043
192061
192063
192064
192065
192075
192076
192084
192092
192103
192104
192114
192116
192118
192120
192125
192132
192135
192140
192153
192154
192163
192190
192193
192195
192197
192199
192201
192209
192210
192225
192226
192227
192239
192240
192243
192248
192249
192251
192253
192259
192265
192266
192269
192270
192271
192273
192279
192291
192302
192303
192305
192320
192321
192324
192327
192328
192341
192345
192354
192355
192357
192371
192378
192387
192391
192394
192396
192397
192399
192409
192411
192419
192423
192424
192426
192429
192430
192439
192440
192445
192447
192456
192457
192459
192468
192471
192472
192481
192483
192484
192488
192494
192496
192501
192502
192510
192511
192513
192520
192522
192525
192526
192527
192530
192555
192557
192561
192562
192569
192583
192589
192591
192595
192598
192611
192614
192617
192628
192629
192637
192644
192645
192647
192650
192651
192653
192662
192664
192668
192669
192674
192676
192677
192682
192686
192689
192698
192702
192707
192708
192715
192716
192717
192720
192724
192728
192730
192732
192735
192746
192748
192750
192751
192753
192754
192765
192768
192771
192774
192775
192777
192780
192785
192792
192800
192801
192802
192803
192805
192810
192814
192817
192825
192828
192831
192840
192842
192847
192854
192856
192862
192866
192874
192875
192880
192881
192888
192890
192896
192903
192905
192907
192912
192913
192914
192915
192920
192923
192925
192927
192936
192938
192941
192944
192945
192947
192948
192958
192961
192964
192967
192968
192978
192980
192981
192985
192988
192989
192994
192999
193005
193007
193009
193013
193014
193015
193017
193019
193021
193032
193044
193050
193051
193054
193061
193063
193065
193070
193072
193077
193078
193079
193081
193086
193088
193089
193094
193095
193096
193097
193103
193110
193117
193122
193125
193126
193127
193132
193133
193135
193142
193145
193147
193152
193153
193161
193162
193163
193182
193197
193201
193203
193214
193223
193224
193228
193231
193232
193234
193236
193239
193241
193244
193245
193246
193248
193253
193256
193257
193261
193269
193273
193275
193279
193283
193289
193293
193294
193304
193309
193314
193321
193324
193328
193334
193338
193340
193341
193353
193357
193360
193368
193373
193375
193378
193384
193388
193392
193394
193395
193399
193402
193404
193407
193415
193419
193421
193425
193432
193435
193442
193443
193444
193447
193450
193451
193453
193458
193471
193472
193485
193487
193490
193495
193498
193499
193500
193503
193504
193511
193514
193515
193520
193521
193527
193530
193531
193539
193541
193542
193550
193555
193557
193562
193575
193577
193579
193580
193582
193583
193584
193590
193596
193609
193616
193617
193618
193620
193633
193636
193639
193649
193651
193659
193660
193661
193672
193684
193688
193690
193692
193695
193696
193697
193699
193700
193701
193709
193710
193716
193718
193726
193729
193734
193735
193737
193738
193739
193742
193745
193755
193756
193759
193763
193765
193769
193772
193773
193779
193785
193786
193792
193793
193795
193796
193798
193799
193813
193814
193816
193819
193824
193825
193830
193835
193838
193841
193846
193847
193854
193859
193864
193871
193872
193873
193877
193878
193879
193887
193893
193899
193907
193911
193916
193917
193919
193920
193925
193926
193931
193936
193943
193945
193948
193953
193954
193955
193969
193970
193973
193974
193975
193983
193991
193993
193997
194003
194005
194009
194011
194013
194014
194015
194017
194018
194019
194024
194027
194034
194035
194043
194061
194062
194065
194071
194074
194081
194088
194090
194091
194092
194098
194099
194101
194106
194109
194111
194120
194121
194126
194128
194138
194141
194157
194165
194177
194181
194184
194185
194192
194196
194199
194201
194207
194212
194216
194219
194223
194224
194225
194228
194232
194233
194234
194238
194246
194247
194249
194253
194257
194259
194264
194265
194268
194269
194271
194276
194278
194279
194281
194285
194288
194292
194300
194302
194308
194309
194311
194312
194319
194320
194323
194331
194339
194352
194356
194357
194359
194363
194369
194372
194373
194385
194390
194395
194397
194398
194399
194401
194418
194420
194423
194424
194432
194434
194436
194438
194439
194442
194446
194452
194456
194459
194465
194466
194472
194476
194477
194482
194484
194488
194490
194492
194494
194497
194499
194502
194503
194504
194506
194507
194508
194516
194521
194524
194525
194545
194546
194547
194551
194555
194562
194566
194572
194573
194577
194586
194593
194601
194602
194603
194604
194606
194613
194618
194622
194623
194624
194628
194630
194632
194639
194640
194642
194643
194644
194650
194653
194657
194672
194675
194679
194686
194694
194699
194717
194719
194721
194722
194729
194731
194735
194738
194740
194746
194754
194755
194759
194761
194762
194765
194776
194777
194784
194786
194788
194789
194790
194793
194806
194807
194808
194810
194816
194817
194820
194821
194822
194832
194839
194842
194850
194857
194868
194869
194875
194877
194879
194885
194886
194888
194895
194900
194902
194911
194919
194921
194924
194931
194933
194943
194951
194953
194960
194961
194966
194968
194970
194972
194974
194983
194990
194992
194995
194996
195006
195008
195009
195011
195016
195019
195022
195024
195032
195038
195042
195044
195050
195053
195055
195059
195062
195067
195075
195076
195077
195088
195089
195092
195094
195095
195096
195104
195109
195113
195114
195117
195123
195131
195132
195136
195139
195142
195152
195153
195154
195160
195168
195172
195177
195179
195182
195183
195185
195187
195189
195193
195197
195209
195211
195218
195221
195224
195226
195232
195238
195239
195248
195252
195262
195263
195264
195266
195267
195272
195277
195279
195280
195284
195285
195288
195291
195293
195299
195302
195303
195312
195316
195335
195336
195339
195350
195356
195358
195359
195361
195363
195371
195374
195380
195387
195390
195392
195404
195408
195409
195411
195413
195421
195427
195432
195437
195452
195458
195461
195464
195465
195467
195470
195471
195477
195479
195481
195482
195487
195488
195495
195496
195499
195501
195510
195514
195520
195523
195525
195536
195538
195539
195540
195548
195554
195562
195563
195565
195566
195569
195571
195572
195579
195584
195585
195586
195589
195596
195599
195601
195610
195611
195612
195617
195621
195623
195625
195627
195628
195632
195633
195635
195636
195642
195643
195651
195655
195660
195661
195663
195664
195665
195669
195672
195673
195681
195684
195686
195690
195694
195698
195699
195700
195703
195706
195708
195716
195717
195718
195719
195723
195725
195728
195738
195745
195763
195765
195766
195768
195777
195779
195796
195801
195804
195808
195811
195813
195819
195822
195823
195830
195832
195833
195836
195841
195852
195854
195857
195863
195869
195879
195884
195886
195887
195891
195892
195896
195897
195898
195905
195906
195908
195910
195911
195913
195914
195916
195917
195918
195926
195928
195930
195933
195941
195942
195946
195948
195952
195959
195962
195971
195973
195974
195976
195978
195981
195987
195988
195989
195996
196003
196011
196012
196020
196023
196025
196026
196030
196034
196036
196037
196038
196041
196045
196048
196049
196062
196063
196068
196071
196083
196085
196088
196089
196097
196101
196102
196106
196108
196109
196113
196118
196119
196126
196132
196135
196139
196142
196146
196152
196154
196159
196171
196172
196175
196180
196183
196184
196188
196191
196193
196195
196196
196200
196201
196204
196206
196207
196209
196217
196218
196220
196222
196223
196230
196232
196241
196242
196243
196245
196252
196254
196256
196257
196258
196261
196273
196276
196278
196279
196292
196294
196296
196298
196308
196324
196325
196331
196333
196337
196340
196342
196349
196358
196359
196361
196364
196373
196379
196388
196390
196392
196394
196396
196412
196416
196421
196425
196426
196427
196428
196450
196452
196453
196454
196456
196458
196459
196465
196470
196475
196481
196486
196487
196488
196493
196495
196501
196502
196505
196511
196520
196522
196524
196535
196539
196541
196542
196550
196554
196558
196562
196563
196568
196569
196581
196585
196586
196591
196594
196595
196596
196603
196607
196608
196616
196617
196623
196624
196631
196635
196640
196641
196644
196647
196649
196664
196667
196668
196681
196682
196684
196685
196693
196694
196695
196698
196700
196706
196708
196710
196716
196734
196741
196743
196750
196757
196763
196766
196768
196774
196777
196778
196779
196783
196786
196789
196790
196797
196802
196805
196807
196808
196810
196814
196831
196832
196834
196837
196839
196848
196853
196854
196856
196857
196865
196870
196875
196877
196883
196887
196889
196908
196909
196910
196915
196924
196926
196937
196938
196946
196949
196956
196957
196964
196967
196971
196979
196983
196996
196998
197000
197001
197002
197004
197006
197007
197012
197019
197023
197027
197031
197037
197038
197039
197040
197041
197042
197044
197046
197051
197054
197057
197063
197066
197075
197076
197079
197086
197087
197090
197092
197093
197103
197104
197107
197110
197111
197112
197113
197114
197119
197120
197121
197122
197127
197133
197136
197144
197154
197157
197159
197161
197163
197164
197169
197170
197175
197182
197184
197192
197193
197194
197200
197210
197212
197218
197226
197234
197236
197241
197243
197246
197249
197261
197262
197263
197271
197274
197276
197278
197285
197291
197292
197293
197297
197303
197304
197308
197316
197320
197327
197328
197329
197331
197337
197340
197341
197342
197345
197355
197361
197364
197367
197373
197381
197383
197402
197406
197411
197417
197423
197426
197428
197431
197432
197436
197444
197447
197448
197449
197450
197454
197458
197460
197464
197472
197475
197478
197483
197488
197502
197503
197508
197509
197511
197512
197514
197517
197522
197525
197531
197542
197544
197546
197553
197561
197563
197564
197567
197571
197573
197575
197576
197588
197592
197595
197599
197600
197601
197604
197605
197606
197618
197619
197629
197633
197641
197644
197647
197649
197650
197651
197654
197658
197660
197661
197662
197663
197664
197665
197666
197667
197670
197672
197675
197676
197685
197686
197691
197692
197698
197700
197710
197713
197715
197719
197720
197725
197726
197729
197730
197733
197737
197738
197743
197744
197745
197755
197758
197760
197766
197767
197770
197776
197786
197788
197793
197794
197798
197805
197806
197809
197816
197818
197822
197824
197826
197828
197829
197834
197851
197856
197859
197863
197868
197875
197877
197879
197881
197882
197883
197888
197898
197902
197905
197914
197915
197916
197922
197929
197930
197936
197937
197940
197943
197944
197946
197948
197950
197954
197960
197967
197969
197976
197979
197981
197984
197985
197986
197987
197992
197996
198000
198002
198004
198005
198006
198007
198019
198020
198029
198030
198032
198034
198038
198043
198045
198057
198059
198061
198064
198065
198066
198070
198074
198077
198087
198091
198092
198093
198097
198100
198103
198105
198107
198108
198110
198114
198115
198120
198126
198130
198133
198134
198139
198141
198142
198159
198161
198165
198169
198170
198180
198183
198187
198191
198192
198194
198198
198207
198217
198218
198219
198224
198225
198226
198230
198236
198243
198252
198257
198259
198266
198274
198279
198283
198288
198289
198291
198292
198294
198306
198336
198358
198360
198368
198369
198370
198372
198382
198391
198392
198399
198403
198404
198405
198409
198414
198417
198420
198422
198425
198431
198436
198437
198438
198443
198444
198452
198457
198458
198461
198464
198467
198469
198476
198477
198480
198487
198490
198493
198495
198501
198504
198512
198514
198515
198523
198529
198536
198540
198543
198546
198547
198554
198557
198560
198564
198566
198568
198579
198580
198583
198585
198592
198600
198601
198603
198612
198617
198621
198626
198628
198631
198633
198640
198649
198651
198652
198655
198656
198657
198658
198660
198662
198664
198666
198667
198671
198673
198674
198679
198681
198682
198691
198692
198696
198699
198714
198727
198728
198729
198743
198746
198749
198753
198754
198759
198765
198769
198771
198778
198781
198789
198790
198799
198803
198804
198826
198828
198833
198843
198846
198849
198850
198852
198857
198864
198866
198867
198873
198876
198880
198891
198898
198899
198901
198906
198908
198909
198914
198916
198923
198929
198932
198934
198937
198938
198943
198946
198958
198970
198971
198982
198985
198988
198991
198996
199006
199008
199009
199019
199020
199024
199026
199027
199033
199043
199055
199061
199063
199064
199066
199067
199069
199084
199086
199087
199090
199095
199097
199098
199100
199102
199108
199111
199112
199116
199119
199121
199124
199132
199136
199140
199141
199143
199145
199147
199148
199151
199152
199157
199161
199162
199165
199169
199170
199171
199173
199178
199179
199188
199191
199199
199211
199212
199218
199223
199228
199229
199230
199234
199236
199238
199243
199244
199247
199250
199256
199258
199261
199267
199269
199281
199283
199289
199295
199303
199309
199311
199313
199314
199318
199323
199324
199329
199330
199331
199338
199347
199358
199360
199362
199365
199367
199369
199374
199378
199381
199388
199392
199393
199398
199407
199411
199414
199418
199419
199425
199426
199427
199429
199434
199435
199436
199441
199447
199449
199454
199456
199459
199464
199465
199475
199489
199494
199496
199502
199506
199508
199509
199510
199512
199516
199518
199524
199525
199530
199535
199544
199547
199558
199561
199565
199566
199569
199570
199574
199576
199581
199583
199586
199587
199588
199596
199597
199605
199610
199613
199625
199628
199638
199646
199654
199657
199659
199661
199672
199677
199680
199685
199688
199692
199693
199696
199698
199700
199703
199710
199720
199721
199727
199728
199729
199738
199743
199746
199748
199756
199765
199767
199768
199770
199782
199790
199795
199800
199804
199813
199822
199823
199824
199828
199829
199831
199834
199835
199837
199838
199842
199852
199853
199857
199862
199863
199865
199872
199873
199874
199875
199877
199881
199884
199890
199891
199894
199899
199904
199906
199920
199924
199925
199928
199929
199931
199940
199944
199949
199953
199957
199958
199959
199970
199972
199973
199974
199978
199980
199983
199986
199987
199992
199993
199994
199995
199996
200002
200006
200007
200008
200009
200010
200016
200024
200026
200028
200029
200039
200040
200043
200049
200052
200054
200056
200059
200060
200063
200070
200077
200078
200086
200094
200101
200104
200111
200122
200131
200143
200148
200152
200153
200157
200163
200168
200173
200178
200182
200186
200188
200191
200193
200197
200202
200203
200204
200211
200214
200220
200224
200227
200232
200244
200248
200252
200253
200254
200257
200260
200268
200270
200271
200275
200277
200278
200280
200283
200287
200288
200293
200302
200316
200318
200321
200327
200330
200332
200336
200338
200343
200349
200353
200355
200357
200360
200364
200370
200377
200381
200384
200386
200394
200399
200401
200404
200411
200416
200439
200444
200446
200450
200456
200464
200472
200483
200486
200490
200491
200492
200494
200495
200501
200505
200510
200511
200513
200517
200529
200533
200534
200539
200540
200551
200559
200561
200562
200563
200564
200566
200568
200577
200578
200583
200585
200586
200600
200602
200605
200606
200609
200617
200618
200621
200622
200630
200631
200633
200635
200640
200642
200643
200656
200657
200660
200671
200672
200680
200687
200691
200692
200696
200697
200702
200704
200707
200719
200725
200726
200727
200729
200732
200733
200737
200744
200747
200752
200757
200761
200766
200771
200772
200773
200774
200778
200786
200787
200791
200810
200811
200815
200818
200820
200825
200826
200830
200833
200837
200838
200839
200840
200842
200849
200852
200854
200855
200869
200874
200888
200889
200898
200899
200901
200902
200911
200912
200916
200925
200926
200934
200939
200942
200944
200950
200960
200968
200969
200970
200971
200972
200975
200977
200984
200986
200987
200997
201002
201011
201014
201015
201016
201021
201031
201037
201040
201044
201048
201049
201054
201057
201058
201059
201062
201063
201064
201078
201089
201090
201100
201103
201105
201109
201111
201113
201116
201129
201132
201137
201142
201146
201148
201167
201173
201174
201177
201179
201181
201185
201190
201192
201194
201198
201203
201204
201215
201228
201230
201236
201238
201239
201240
201245
201262
201266
201268
201269
201271
201274
201284
201287
201288
201289
201290
201291
201293
201295
201297
201299
201300
201304
201305
201313
201315
201316
201320
201321
201322
201323
201325
201338
201339
201340
201343
201344
201346
201348
201352
201353
201356
201361
201362
201370
201372
201375
201377
201378
201391
201396
201401
201403
201405
201412
201416
201417
201419
201421
201422
201426
201430
201433
201434
201440
201441
201443
201445
201456
201465
201470
201478
201484
201490
201496
201497
201502
201503
201508
201509
201515
201517
201519
201526
201534
201536
201538
201539
201546
201548
201550
201553
201556
201557
201558
201561
201563
201565
201567
201573
201574
201575
201577
201579
201582
201583
201589
201591
201593
201596
201604
201621
201627
201631
201632
201634
201635
201636
201637
201638
201640
201641
201651
201655
201664
201667
201674
201675
201679
201688
201690
201701
201707
201709
201711
201716
201717
201720
201721
201728
201731
201736
201740
201744
201746
201747
201749
201756
201759
201760
201761
201763
201765
201771
201776
201778
201780
201781
201785
201786
201787
201788
201791
201795
201799
201802
201803
201809
201812
201818
201822
201826
201830
201834
201837
201838
201848
201851
201856
201857
201860
201866
201867
201869
201872
201873
201876
201877
201879
201880
201881
201882
201887
201898
201901
201917
201938
201943
201944
201947
201948
201950
201953
201959
201960
201963
201964
201970
201974
201975
201976
201979
201987
201990
201993
201996
202004
202012
202016
202019
202024
202025
202029
202031
202032
202037
202040
202041
202042
202043
202045
202046
202047
202049
202050
202051
202053
202062
202065
202067
202068
202070
202088
202093
202099
202101
202108
202111
202116
202119
202126
202127
202128
202132
202135
202138
202142
202144
202146
202148
202152
202157
202160
202166
202175
202183
202184
202187
202192
202195
202198
202199
202207
202209
202216
202221
202222
202226
202236
202241
202242
202248
202249
202255
202276
202281
202283
202288
202290
202292
202303
202306
202307
202308
202310
202315
202319
202324
202331
202332
202340
202341
202342
202343
202348
202359
202364
202373
202378
202390
202403
202409
202414
202416
202424
202427
202430
202433
202434
202436
202438
202448
202451
202455
202459
202460
202462
202463
202464
202465
202469
202476
202477
202481
202483
202497
202498
202501
202503
202509
202520
202521
202522
202524
202526
202528
202536
202541
202544
202547
202550
202552
202558
202561
202566
202567
202572
202575
202580
202585
202590
202592
202594
202602
202609
202618
202630
202648
202649
202654
202656
202665
202667
202670
202671
202672
202676
202681
202683
202687
202688
202690
202691
202692
202696
202697
202701
202704
202706
202712
202713
202718
202720
202723
202738
202743
202745
202747
202751
202754
202757
202760
202763
202768
202769
202770
202777
202789
202797
202802
202805
202806
202814
202815
202817
202824
202829
202833
202837
202839
202841
202842
202844
202846
202847
202848
202871
202874
202875
202880
202881
202882
202892
202893
202902
202905
202908
202912
202916
202919
202920
202922
202933
202934
202938
202948
202951
202952
202953
202954
202955
202960
202962
202963
202964
202965
202976
202988
202993
202997
203000
203001
203003
203006
203007
203008
203009
203022
203026
203028
203032
203043
203045
203046
203050
203052
203058
203062
203070
203072
203076
203085
203089
203092
203096
203099
203106
203108
203109
203110
203112
203117
203119
203123
203132
203135
203136
203140
203142
203149
203154
203156
203159
203161
203164
203166
203169
203171
203174
203175
203176
203178
203182
203188
203190
203194
203197
203200
203207
203212
203213
203216
203222
203225
203231
203232
203233
203235
203239
203243
203244
203256
203261
203265
203266
203268
203269
203271
203275
203278
203286
203291
203292
203305
203306
203314
203318
203324
203328
203336
203337
203345
203349
203355
203361
203363
203364
203367
203369
203371
203373
203378
203382
203383
203386
203388
203390
203395
203399
203405
203406
203425
203428
203430
203434
203436
203439
203440
203457
203459
203468
203470
203472
203475
203476
203478
203481
203483
203484
203488
203490
203494
203497
203500
203508
203510
203511
203513
203517
203522
203523
203527
203531
203532
203539
203540
203541
203544
203552
203553
203558
203560
203563
203564
203567
203571
203575
203579
203580
203583
203584
203588
203595
203596
203599
203603
203608
203612
203613
203616
203623
203630
203631
203636
203640
203643
203645
203655
203660
203664
203666
203668
203670
203675
203682
203684
203687
203689
203690
203691
203704
203711
203718
203720
203723
203728
203733
203737
203738
203740
203744
203749
203756
203758
203761
203762
203766
203767
203769
203770
203771
203780
203789
203801
203811
203823
203826
203829
203830
203839
203841
203842
203844
203847
203858
203861
203863
203864
203866
203867
203868
203870
203873
203875
203876
203878
203879
203881
203882
203884
203888
203890
203901
203906
203910
203913
203914
203916
203922
203925
203928
203932
203936
203941
203943
203944
203950
203957
203961
203965
203968
203974
203976
203977
203979
203980
203982
203986
203988
203990
203994
203995
204000
204002
204009
204012
204020
204022
204028
204030
204035
204045
204047
204048
204052
204054
204058
204066
204070
204074
204082
204083
204085
204087
204092
204093
204098
204099
204101
204106
204115
204119
204125
204126
204133
204135
204136
204142
204145
204146
204148
204150
204152
204153
204159
204168
204173
204178
204180
204190
204192
204195
204196
204198
204200
204202
204211
204214
204215
204227
204228
204235
204241
204242
204243
204244
204249
204250
204256
204257
204268
204274
204278
204280
204306
204307
204319
204323
204327
204328
204329
204330
204336
204337
204339
204341
204344
204352
204354
204358
204360
204364
204366
204369
204371
204381
204384
204388
204391
204392
204394
204398
204400
204403
204406
204409
204410
204419
204428
204433
204436
204437
204438
204439
204440
204441
204444
204446
204447
204451
204463
204464
204465
204466
204468
204474
204483
204485
204494
204495
204497
204500
204504
204505
204508
204509
204517
204527
204531
204542
204547
204550
204553
204561
204562
204563
204568
204572
204574
204575
204591
204592
204594
204601
204608
204609
204612
204617
204618
204630
204631
204650
204651
204652
204653
204654
204661
204665
204666
204668
204669
204670
204674
204682
204684
204688
204690
204693
204695
204696
204697
204700
204704
204709
204710
204720
204721
204722
204723
204724
204725
204726
204732
204743
204744
204745
204747
204749
204752
204753
204761
204771
204775
204780
204781
204784
204786
204790
204796
204799
204800
204805
204806
204808
204821
204825
204830
204832
204834
204835
204840
204842
204844
204846
204854
204855
204858
204859
204860
204861
204863
204867
204873
204879
204881
204884
204886
204887
204888
204891
204895
204899
204905
204910
204912
204913
204914
204916
204917
204924
204925
204936
204938
204948
204949
204955
204956
204967
204968
204971
204973
204976
204977
204980
204983
204987
204988
204991
204992
204996
204998
205000
205004
205010
205011
205014
205019
205025
205029
205038
205039
205043
205044
205045
205046
205051
205054
205057
205061
205063
205066
205074
205076
205077
205082
205092
205095
205099
205105
205106
205111
205112
205120
205121
205123
205124
205132
205133
205143
205149
205152
205155
205157
205159
205160
205168
205169
205171
205173
205175
205180
205183
205186
205187
205194
205198
205210
205214
205217
205219
205224
205225
205233
205235
205247
205248
205259
205261
205263
205265
205267
205272
205277
205279
205291
205304
205307
205309
205311
205314
205325
205327
205329
205330
205334
205344
205351
205352
205361
205368
205377
205378
205381
205384
205385
205390
205393
205395
205396
205409
205410
205413
205414
205419
205420
205423
205425
205436
205441
205446
205449
205453
205455
205458
205459
205461
205466
205472
205475
205477
205483
205486
205487
205489
205498
205501
205510
205512
205527
205529
205530
205533
205535
205536
205541
205555
205556
205557
205561
205562
205574
205575
205579
205590
205595
205598
205604
205608
205609
205610
205611
205613
205619
205628
205631
205637
205640
205642
205652
205654
205655
205657
205667
205669
205670
205673
205674
205676
205679
205681
205683
205687
205691
205692
205693
205694
205699
205702
205705
205710
205712
205715
205716
205727
205730
205736
205737
205740
205742
205750
205756
205762
205763
205767
205770
205773
205776
205779
205780
205781
205782
205806
205807
205811
205812
205816
205818
205826
205829
205833
205835
205851
205852
205853
205854
205861
205866
205870
205872
205875
205880
205885
205888
205889
205910
205911
205917
205920
205922
205935
205938
205939
205940
205946
205950
205951
205953
205955
205957
205960
205964
205971
205977
205980
205983
205985
205986
205990
205992
205993
205999
206002
206007
206009
206011
206016
206019
206020
206021
206022
206023
206030
206032
206033
206037
206038
206042
206045
206059
206060
206064
206065
206075
206079
206080
206087
206088
206096
206109
206111
206121
206127
206135
206136
206139
206141
206147
206149
206150
206160
206166
206168
206172
206173
206174
206175
206179
206184
206185
206186
206192
206194
206195
206200
206203
206205
206210
206211
206213
206215
206216
206220
206225
206226
206227
206228
206232
206239
206242
206246
206249
206251
206252
206254
206255
206265
206269
206270
206280
206283
206287
206292
206293
206298
206304
206308
206311
206317
206322
206329
206330
206331
206332
206334
206337
206343
206346
206351
206368
206371
206372
206383
206386
206387
206388
206389
206392
206403
206406
206416
206419
206420
206421
206432
206433
206435
206438
206439
206442
206446
206449
206450
206454
206462
206467
206468
206470
206472
206487
206491
206494
206499
206503
206505
206511
206514
206517
206518
206521
206523
206524
206525
206527
206530
206532
206541
206542
206550
206563
206570
206580
206588
206592
206594
206595
206604
206607
206610
206612
206617
206619
206629
206633
206637
206638
206641
206642
206646
206648
206651
206658
206666
206672
206675
206676
206695
206696
206708
206710
206716
206722
206723
206725
206734
206737
206738
206741
206747
206750
206753
206755
206756
206760
206765
206766
206772
206778
206781
206786
206789
206791
206793
206794
206811
206812
206816
206819
206823
206824
206830
206840
206841
206847
206848
206849
206850
206855
206859
206865
206866
206867
206870
206875
206884
206886
206887
206889
206893
206899
206900
206910
206912
206913
206914
206916
206918
206919
206927
206931
206932
206934
206940
206946
206947
206953
206963
206968
206979
206980
206981
206988
206991
206993
206994
206995
207000
207004
207020
207033
207037
207042
207044
207055
207057
207059
207060
207065
207070
207073
207076
207078
207082
207092
207093
207102
207107
207109
207115
207125
207127
207130
207131
207135
207139
207141
207142
207145
207147
207152
207153
207154
207156
207163
207164
207165
207166
207168
207178
207180
207181
207184
207192
207193
207204
207209
207210
207214
207220
207228
207229
207230
207231
207234
207235
207237
207240
207243
207246
207253
207257
207260
207275
207281
207293
207295
207300
207301
207305
207308
207309
207312
207316
207318
207320
207328
207331
207332
207336
207337
207338
207339
207340
207354
207364
207367
207368
207369
207375
207376
207378
207386
207387
207394
207399
207402
207406
207407
207408
207411
207414
207415
207419
207425
207426
207430
207438
207439
207443
207454
207456
207470
207476
207486
207489
207495
207504
207505
207506
207509
207516
207517
207518
207519
207527
207528
207531
207542
207551
207556
207559
207561
207564
207565
207577
207578
207579
207584
207589
207591
207592
207611
207612
207614
207615
207616
207617
207618
207619
207625
207626
207627
207633
207638
207643
207644
207646
207660
207662
207663
207666
207673
207679
207682
207685
207687
207704
207709
207712
207724
207730
207734
207736
207741
207743
207745
207746
207747
207757
207779
207781
207783
207785
207790
207791
207795
207797
207798
207801
207805
207807
207809
207811
207813
207816
207819
207822
207825
207838
207841
207842
207844
207845
207852
207853
207855
207856
207870
207875
207879
207883
207886
207890
207892
207893
207894
207895
207900
207905
207906
207910
207913
207915
207920
207927
207929
207933
207937
207946
207949
207952
207956
207957
207958
207961
207971
207986
207989
207990
207995
207999
208003
208005
208006
208011
208014
208016
208018
208020
208022
208026
208028
208029
208034
208042
208047
208051
208054
208056
208061
208064
208069
208072
208082
208083
208087
208088
208090
208091
208092
208096
208100
208104
208105
208112
208113
208119
208121
208124
208130
208131
208137
208139
208142
208143
208148
208151
208164
208165
208166
208168
208176
208178
208179
208181
208182
208185
208189
208190
208192
208197
208202
208211
208215
208217
208218
208222
208233
208234
208235
208237
208248
208252
208254
208259
208260
208268
208270
208274
208278
208279
208283
208285
208286
208288
208296
208298
208300
208301
208303
208305
208308
208319
208325
208328
208337
208342
208355
208356
208358
208360
208367
208368
208369
208380
208381
208387
208395
208399
208401
208407
208415
208417
208421
208424
208433
208434
208436
208437
208439
208447
208451
208452
208459
208463
208466
208475
208477
208480
208482
208490
208491
208504
208506
208508
208514
208515
208517
208519
208522
208532
208539
208541
208545
208553
208558
208562
208563
208565
208569
208571
208573
208576
208577
208578
208580
208581
208593
208595
208597
208598
208599
208601
208603
208605
208608
208611
208612
208613
208624
208626
208630
208632
208633
208635
208639
208647
208648
208651
208652
208653
208655
208663
208664
208666
208673
208675
208684
208687
208690
208697
208708
208713
208720
208723
208733
208734
208736
208738
208739
208741
208742
208744
208747
208749
208750
208761
208773
208779
208780
208782
208784
208786
208788
208789
208790
208792
208794
208803
208812
208820
208821
208823
208827
208831
208834
208838
208849
208850
208854
208855
208857
208861
208863
208874
208877
208878
208881
208886
208889
208891
208892
208897
208910
208912
208913
208914
208917
208920
208924
208929
208932
208935
208942
208948
208958
208962
208973
208977
208978
208979
208981
208983
208985
208992
208993
209001
209003
209004
209009
209016
209018
209020
209022
209029
209042
209044
209049
209050
209057
209061
209065
209076
209079
209080
209085
209091
209097
209098
209100
209106
209113
209115
209116
209129
209130
209136
209138
209143
209147
209153
209154
209157
209158
209163
209164
209172
209178
209180
209186
209191
209193
209200
209204
209214
209220
209226
209229
209231
209233
209238
209243
209244
209246
209247
209248
209249
209250
209252
209254
209257
209260
209263
209268
209272
209278
209284
209288
209291
209306
209308
209310
209312
209315
209316
209323
209329
209337
209338
209342
209345
209346
209347
209349
209353
209364
209365
209369
209370
209377
209379
209382
209383
209390
209393
209397
209400
209401
209403
209407
209410
209414
209416
209418
209421
209429
209432
209450
209452
209453
209454
209459
209479
209512
209513
209514
209524
209533
209534
209541
209546
209547
209555
209562
209563
209564
209565
209571
209572
209573
209574
209576
209583
209585
209589
209590
209592
209594
209598
209601
209604
209608
209609
209610
209612
209614
209619
209636
209643
209650
209652
209654
209655
209660
209661
209671
209680
209684
209685
209693
209696
209697
209701
209705
209716
209718
209726
209728
209740
209743
209746
209747
209749
209755
209758
209765
209771
209778
209783
209787
209797
209801
209808
209809
209814
209820
209822
209825
209826
209827
209828
209829
209830
209831
209835
209837
209838
209843
209844
209845
209846
209848
209849
209851
209853
209857
209860
209861
209875
209876
209878
209879
209884
209885
209888
209890
209894
209895
209897
209898
209904
209912
209915
209917
209919
209926
209930
209941
209946
209949
209951
209952
209954
209956
209966
209968
209979
209981
210003
210004
210008
210009
210013
210020
210025
210026
210027
210032
210034
210037
210038
210040
210042
210052
210053
210056
210062
210065
210067
210071
210083
210084
210085
210086
210088
210090
210096
210102
210108
210117
210122
210125
210126
210127
210130
210133
210137
210141
210142
210143
210152
210154
210160
210163
210164
210167
210170
210171
210172
210178
210180
210182
210183
210186
210191
210194
210200
210205
210207
210209
210211
210214
210225
210238
210248
210254
210255
210257
210260
210262
210267
210269
210274
210278
210288
210294
210299
210300
210310
210318
210319
210322
210325
210328
210329
210337
210340
210359
210361
210363
210366
210370
210378
210380
210381
210382
210385
210387
210388
210391
210392
210393
210397
210403
210407
210410
210411
210415
210417
210423
210424
210431
210436
210437
210438
210442
210448
210458
210459
210463
210465
210467
210470
210472
210474
210477
210478
210481
210482
210483
210487
210489
210495
210498
210501
210510
210511
210512
210516
210522
210525
210530
210531
210535
210542
210548
210560
210561
210563
210569
210580
210582
210586
210595
210597
210600
210601
210608
210609
210616
210618
210619
210620
210643
210648
210653
210655
210656
210657
210661
210663
210668
210674
210675
210676
210680
210682
210684
210685
210686
210692
210693
210694
210695
210699
210703
210706
210708
210711
210712
210718
210723
210730
210739
210742
210744
210745
210746
210758
210761
210764
210765
210768
210769
210773
210775
210777
210778
210784
210793
210796
210797
210799
210811
210816
210820
210822
210824
210825
210831
210832
210833
210836
210840
210844
210853
210858
210865
210871
210874
210876
210877
210878
210880
210884
210889
210894
210895
210896
210902
210909
210914
210917
210919
210920
210921
210928
210930
210940
210942
210943
210950
210953
210961
210971
210973
210977
210983
210985
210987
210988
210991
210995
211000
211002
211004
211019
211020
211024
211028
211030
211031
211042
211045
211048
211050
211060
211064
211067
211070
211075
211076
211089
211097
211098
211100
211105
211107
211109
211116
211118
211122
211125
211126
211127
211128
211132
211133
211143
211146
211151
211156
211158
211162
211170
211173
211177
211186
211187
211188
211189
211190
211196
211197
211206
211209
211211
211212
211214
211220
211222
211224
211228
211230
211235
211239
211242
211245
211250
211253
211255
211257
211259
211260
211264
211270
211274
211276
211279
211280
211283
211288
211302
211307
211315
211331
211341
211344
211350
211351
211360
211363
211367
211375
211378
211380
211390
211396
211402
211403
211408
211409
211414
211416
211418
211421
211428
211430
211433
211434
211435
211438
211443
211446
211448
211452
211453
211454
211459
211465
211476
211480
211481
211484
211489
211490
211493
211494
211503
211504
211506
211510
211514
211518
211523
211529
211534
211535
211536
211543
211549
211553
211556
211558
211564
211567
211568
211571
211578
211579
211581
211595
211599
211605
211606
211628
211629
211631
211632
211636
211639
211643
211645
211654
211655
211656
211661
211662
211663
211677
211680
211683
211689
211693
211694
211695
211697
211703
211710
211713
211715
211722
211726
211727
211737
211741
211746
211749
211757
211759
211765
211766
211772
211779
211780
211782
211789
211792
211794
211795
211797
211799
211809
211815
211818
211820
211825
211826
211827
211830
211835
211840
211841
211854
211859
211863
211873
211880
211881
211888
211890
211891
211895
211899
211904
211905
211907
211915
211916
211921
211923
211926
211927
211937
211940
211943
211946
211948
211950
211952
211957
211959
211961
211963
211967
211978
211980
211987
211989
211991
211993
212009
212011
212012
212013
212017
212019
212022
212023
212024
212026
212033
212034
212036
212041
212044
212047
212049
212054
212055
212060
212068
212073
212075
212077
212085
212086
212087
212088
212090
212096
212101
212103
212104
212105
212106
212107
212119
212120
212122
212126
212127
212128
212135
212139
212140
212146
212159
212160
212161
212163
212175
212180
212181
212184
212192
212193
212195
212200
212209
212211
212213
212217
212224
212228
212230
212241
212242
212243
212251
212258
212261
212263
212266
212267
212269
212271
212273
212275
212276
212281
212284
212292
212295
212298
212302
212309
212320
212329
212333
212339
212342
212344
212349
212350
212353
212355
212361
212368
212371
212372
212376
212381
212384
212385
212389
212390
212396
212398
212401
212407
212416
212428
212429
212432
212435
212440
212446
212449
212452
212454
212457
212465
212467
212470
212471
212473
212482
212483
212487
212491
212492
212503
212505
212509
212513
212525
212528
212532
212537
212538
212540
212546
212555
212557
212570
212571
212573
212575
212576
212577
212583
212589
212593
212596
212598
212601
212602
212603
212606
212607
212617
212618
212619
212622
212642
212644
212654
212661
212665
212667
212681
212683
212684
212686
212696
212698
212699
212703
212706
212711
212721
212731
212732
212734
212739
212745
212751
212752
212761
212762
212764
212765
212777
212778
212779
212788
212790
212792
212795
212800
212804
212807
212813
212817
212821
212823
212825
212828
212829
212832
212838
212844
212846
212852
212854
212856
212857
212865
212868
212872
212875
212878
212882
212883
212885
212890
212892
212895
212896
212900
212902
212909
212913
212915
212922
212923
212925
212930
212932
212933
212936
212950
212951
212952
212954
212962
212970
212971
212974
212976
212977
212978
212982
212983
212984
212992
212996
213001
213008
213010
213011
213012
213018
213024
213029
213033
213034
213040
213042
213045
213047
213055
213058
213061
213063
213064
213066
213071
213078
213081
213082
213085
213087
213090
213093
213094
213102
213104
213108
213110
213119
213129
213130
213132
213133
213139
213141
213143
213144
213147
213154
213158
213160
213163
213164
213166
213170
213175
213180
213184
213191
213194
213198
213200
213207
213209
213211
213213
213215
213227
213231
213232
213238
213244
213247
213252
213262
213264
213268
213269
213270
213278
213279
213297
213302
213307
213315
213317
213319
213320
213330
213336
213345
213352
213362
213366
213370
213374
213377
213382
213383
213386
213387
213388
213392
213398
213403
213410
213413
213416
213417
213419
213421
213425
213428
213436
213444
213446
213449
213455
213459
213461
213466
213467
213468
213469
213472
213473
213474
213481
213483
213487
213488
213491
213492
213498
213501
213504
213506
213512
213513
213515
213523
213525
213527
213530
213531
213533
213535
213541
213543
213550
213556
213559
213561
213568
213578
213584
213586
213589
213590
213592
213595
213596
213601
213603
213609
213618
213624
213630
213632
213637
213644
213651
213652
213654
213657
213665
213672
213674
213676
213677
213680
213686
213688
213692
213693
213699
213705
213708
213714
213716
213719
213720
213721
213722
213728
213735
213736
213740
213754
213757
213763
213764
213766
213772
213775
213779
213783
213787
213795
213799
213802
213803
213804
213813
213814
213816
213818
213826
213827
213829
213833
213838
213841
213848
213849
213851
213856
213862
213875
213878
213880
213896
213897
213900
213902
213904
213906
213907
213908
213909
213913
213920
213923
213925
213927
213928
213929
213932
213941
213942
213948
213955
213956
213962
213967
213970
213974
213981
213982
213983
213991
213992
213996
214000
214004
214010
214011
214018
214019
214020
214029
214032
214036
214042
214045
214059
214062
214064
214068
214073
214080
214086
214089
214091
214092
214093
214094
214099
214106
214112
214113
214115
214116
214118
214119
214129
214131
214132
214156
214158
214166
214167
214172
214173
214174
214176
214178
214180
214184
214186
214189
214193
214197
214199
214207
214214
214215
214217
214218
214220
214226
214229
214234
214235
214239
214248
214249
214252
214255
214257
214259
214268
214272
214278
214300
214302
214304
214308
214310
214312
214313
214315
214320
214322
214324
214325
214329
214333
214335
214340
214349
214352
214354
214357
214358
214359
214364
214365
214368
214371
214372
214380
214381
214384
214400
214409
214413
214420
214428
214432
214436
214438
214451
214453
214454
214455
214465
214470
214471
214484
214485
214490
214491
214504
214506
214508
214520
214521
214527
214534
214538
214539
214540
214542
214544
214545
214548
214553
214557
214558
214565
214567
214573
214575
214580
214581
214582
214587
214590
214595
214599
214606
214609
214610
214614
214616
214621
214625
214633
214639
214646
214656
214657
214659
214661
214665
214671
214673
214674
214675
214677
214689
214691
214695
214698
214699
214703
214714
214716
214717
214737
214742
214745
214747
214756
214763
214768
214779
214790
214795
214805
214807
214812
214817
214822
214824
214826
214827
214830
214833
214835
214847
214849
214854
214855
214857
214858
214859
214861
214864
214870
214871
214876
214877
214879
214884
214888
214891
214895
214899
214902
214908
214910
214911
214915
214918
214919
214927
214931
214946
214953
214957
214958
214962
214977
214981
214995
214997
215000
215003
215004
215008
215011
215013
215014
215016
215017
215018
215035
215037
215043
215045
215052
215054
215061
215068
215069
215072
215076
215086
215092
215093
215094
215100
215108
215112
215114
215121
215123
215125
215126
215127
215133
215146
215150
215152
215154
215155
215160
215166
215168
215177
215182
215186
215187
215197
215199
215206
215209
215210
215226
215227
215229
215231
215234
215238
215240
215242
215243
215244
215246
215254
215261
215266
215272
215276
215282
215294
215300
215304
215305
215309
215328
215333
215335
215336
215340
215342
215343
215347
215354
215359
215360
215361
215364
215366
215369
215372
215374
215380
215382
215387
215390
215395
215397
215399
215400
215402
215404
215408
215409
215418
215423
215424
215429
215434
215435
215437
215441
215442
215446
215448
215457
215463
215464
215469
215472
215474
215478
215481
215483
215488
215495
215496
215500
215507
215513
215520
215521
215522
215527
215530
215533
215535
215536
215538
215542
215543
215547
215548
215550
215551
215553
215564
215566
215567
215570
215571
215574
215581
215582
215584
215585
215588
215593
215600
215601
215602
215604
215609
215612
215613
215614
215616
215619
215625
215628
215631
215634
215636
215651
215653
215655
215659
215664
215667
215670
215671
215675
215676
215678
215682
215686
215707
215710
215726
215727
215728
215732
215736
215738
215739
215741
215742
215746
215749
215756
215765
215767
215770
215772
215777
215786
215789
215791
215792
215794
215801
215806
215809
215814
215820
215821
215825
215826
215831
215837
215845
215846
215847
215848
215853
215854
215856
215860
215861
215863
215867
215868
215869
215881
215882
215884
215887
215890
215893
215899
215902
215906
215914
215923
215928
215929
215932
215934
215940
215952
215953
215960
215962
215964
215965
215967
215969
215970
215972
215975
215977
215982
215988
215993
216000
216002
216003
216008
216009
216013
216016
216022
216023
216025
216029
216030
216032
216033
216034
216042
216063
216066
216068
216072
216074
216076
216082
216095
216105
216113
216114
216116
216118
216122
216123
216132
216135
216139
216145
216146
216147
216153
216154
216155
216161
216164
216165
216173
216176
216184
216185
216186
216192
216195
216202
216205
216207
216210
216212
216220
216223
216224
216226
216229
216236
216244
216245
216247
216271
216274
216276
216288
216296
216301
216306
216310
216316
216318
216322
216325
216328
216343
216344
216347
216349
216361
216364
216367
216369
216372
216376
216388
216389
216391
216393
216394
216397
216412
216413
216416
216417
216425
216430
216435
216438
216441
216442
216449
216450
216452
216457
216458
216461
216462
216464
216465
216470
216474
216480
216494
216496
216497
216503
216509
216510
216516
216533
216536
216538
216541
216545
216546
216554
216556
216560
216564
216565
216567
216571
216572
216576
216587
216588
216597
216610
216611
216613
216616
216618
216625
216629
216632
216633
216637
216638
216640
216642
216646
216650
216651
216652
216660
216665
216671
216673
216675
216677
216685
216688
216693
216694
216696
216697
216699
216701
216714
216717
216726
216738
216742
216744
216745
216746
216750
216762
216767
216772
216777
216780
216797
216800
216806
216807
216813
216821
216822
216823
216824
216825
216828
216829
216833
216834
216836
216838
216843
216846
216848
216851
216855
216856
216858
216859
216865
216866
216867
216868
216874
216876
216878
216880
216884
216885
216892
216897
216902
216903
216914
216921
216928
216930
216931
216932
216933
216938
216939
216941
216955
216957
216960
216961
216962
216964
216970
216979
216983
216986
216987
217001
217005
217008
217010
217013
217018
217019
217020
217026
217027
217030
217039
217046
217048
217049
217053
217054
217057
217065
217070
217076
217079
217080
217083
217088
217092
217097
217099
217101
217104
217110
217115
217128
217131
217133
217136
217143
217150
217151
217154
217155
217156
217163
217164
217167
217172
217173
217176
217185
217186
217187
217191
217194
217198
217204
217212
217219
217221
217222
217225
217238
217251
217253
217258
217262
217267
217271
217274
217279
217284
217286
217287
217288
217290
217301
217303
217315
217320
217322
217324
217328
217330
217339
217344
217346
217347
217350
217355
217357
217360
217371
217375
217376
217379
217386
217391
217392
217393
217394
217401
217406
217418
217425
217427
217430
217431
217434
217438
217442
217444
217452
217454
217463
217465
217467
217476
217478
217492
217496
217498
217501
217502
217510
217513
217514
217518
217519
217523
217525
217530
217540
217546
217547
217548
217549
217554
217555
217557
217559
217567
217570
217584
217586
217590
217591
217593
217595
217606
217607
217609
217615
217619
217620
217621
217636
217637
217639
217641
217646
217647
217659
217660
217663
217667
217671
217675
217676
217677
217683
217684
217688
217692
217694
217713
217714
217716
217723
217725
217726
217728
217734
217738
217739
217741
217743
217744
217747
217748
217749
217750
217755
217756
217764
217772
217778
217780
217784
217785
217786
217787
217793
217802
217806
217809
217818
217823
217826
217829
217835
217836
217842
217843
217847
217848
217854
217857
217859
217864
217866
217874
217877
217881
217885
217886
217888
217890
217895
217899
217902
217905
217906
217907
217910
217913
217920
217924
217930
217936
217937
217938
217939
217941
217947
217952
217953
217955
217956
217963
217969
217972
217978
217979
217981
217985
217992
217998
217999
218003
218004
218008
218009
218022
218028
218029
218035
218040
218042
218044
218047
218058
218066
218067
218076
218079
218081
218086
218087
218090
218094
218095
218097
218098
218100
218104
218107
218109
218111
218118
218122
218123
218125
218127
218128
218132
218138
218143
218147
218148
218150
218152
218154
218158
218181
218182
218193
218195
218202
218203
218206
218208
218217
218218
218220
218222
218229
218235
218237
218238
218239
218244
218246
218249
218252
218254
218259
218260
218262
218265
218266
218267
218268
218274
218275
218281
218283
218284
218286
218288
218302
218308
218313
218320
218322
218323
218338
218349
218354
218358
218360
218361
218362
218363
218370
218374
218377
218379
218380
218382
218385
218387
218391
218395
218400
218401
218404
218405
218407
218411
218414
218428
218439
218443
218448
218454
218456
218457
218459
218461
218465
218467
218471
218475
218480
218489
218491
218497
218499
218508
218510
218515
218529
218530
218538
218540
218544
218545
218547
218552
218555
218557
218562
218563
218573
218580
218583
218586
218587
218591
218599
218603
218605
218607
218615
218617
218624
218628
218633
218634
218642
218645
218650
218654
218657
218659
218660
218666
218669
218670
218674
218675
218690
218691
218692
218700
218701
218710
218711
218721
218722
218723
218730
218748
218751
218755
218756
218760
218762
218782
218785
218791
218794
218802
218809
218814
218820
218824
218833
218836
218839
218847
218848
218854
218856
218863
218867
218869
218873
218877
218878
218880
218881
218883
218888
218891
218893
218894
218897
218901
218902
218905
218908
218915
218916
218917
218918
218921
218926
218929
218931
218932
218936
218941
218942
218944
218952
218953
218965
218966
218976
218978
218982
218985
218986
218988
218989
218991
218997
219006
219008
219010
219015
219024
219027
219032
219035
219037
219041
219042
219044
219059
219061
219062
219068
219077
219079
219080
219084
219087
219088
219092
219095
219096
219101
219106
219110
219114
219115
219125
219134
219136
219144
219145
219148
219150
219160
219162
219163
219184
219186
219191
219194
219197
219199
219200
219203
219204
219215
219216
219222
219223
219229
219231
219235
219237
219239
219244
219246
219247
219255
219263
219267
219269
219272
219273
219277
219280
219285
219290
219291
219293
219296
219309
219310
219312
219314
219315
219322
219324
219325
219331
219334
219337
219341
219346
219349
219356
219361
219362
219363
219366
219369
219372
219379
219382
219387
219391
219395
219396
219397
219401
219405
219412
219419
219424
219433
219436
219439
219440
219442
219443
219446
219448
219450
219451
219455
219458
219462
219465
219468
219470
219479
219480
219483
219484
219495
219498
219500
219505
219506
219508
219516
219517
219526
219533
219535
219537
219538
219539
219544
219546
219551
219554
219557
219559
219561
219562
219563
219564
219565
219571
219573
219575
219576
219578
219585
219587
219588
219589
219592
219598
219616
219620
219626
219628
219629
219630
219634
219640
219649
219650
219656
219662
219664
219666
219671
219672
219676
219677
219678
219681
219682
219687
219690
219695
219699
219707
219711
219718
219721
219724
219725
219727
219729
219730
219743
219745
219752
219753
219760
219766
219773
219783
219785
219789
219794
219799
219802
219805
219808
219809
219813
219814
219819
219821
219829
219835
219836
219837
219838
219852
219857
219860
219863
219865
219870
219871
219872
219875
219882
219885
219889
219891
219897
219899
219908
219913
219920
219925
219930
219937
219942
219945
219946
219949
219956
219964
219967
219973
219975
219976
219977
219980
219981
219982
219985
219986
219987
219988
219989
219995
219998
220006
220011
220015
220018
220019
220023
220035
220036
220038
220039
220042
220053
220055
220057
220060
220065
220067
220073
220075
220078
220083
220086
220090
220092
220093
220095
220100
220104
220109
220110
220111
220113
220131
220133
220138
220139
220142
220144
220147
220152
220153
220159
220169
220171
220180
220186
220187
220188
220195
220200
220208
220213
220215
220216
220224
220225
220230
220231
220233
220235
220240
220253
220257
220259
220265
220267
220268
220269
220274
220276
220290
220293
220301
220305
220318
220320
220323
220326
220328
220330
220350
220356
220358
220366
220367
220373
220387
220390
220394
220395
220399
220415
220417
220427
220431
220433
220434
220442
220443
220444
220445
220448
220450
220459
220460
220466
220473
220475
220477
220478
220486
220500
220503
220518
220520
220521
220523
220528
220531
220536
220538
220550
220555
220559
220564
220567
220569
220571
220574
220577
220578
220580
220587
220601
220603
220610
220624
220625
220635
220636
220639
220648
220649
220652
220653
220654
220657
220662
220666
220675
220682
220685
220686
220690
220692
220701
220704
220707
220710
220712
220714
220716
220717
220718
220723
220727
220728
220729
220733
220737
220740
220745
220754
220756
220760
220764
220765
220769
220773
220775
220776
220778
220779
220798
220801
220807
220808
220810
220815
220816
220821
220830
220836
220842
220849
220853
220855
220856
220862
220863
220864
220865
220871
220874
220883
220896
220897
220900
220910
220918
220919
220923
220925
220928
220933
220937
220938
220939
220942
220946
220947
220949
220950
220966
220986
220992
220998
221008
221010
221016
221020
221021
221029
221031
221034
221035
221039
221044
221056
221070
221075
221077
221078
221079
221081
221083
221092
221094
221097
221099
221101
221103
221111
221113
221115
221116
221118
221121
221122
221130
221138
221145
221148
221149
221152
221153
221157
221160
221163
221166
221173
221176
221182
221186
221187
221190
221192
221193
221196
221197
221202
221206
221207
221208
221210
221214
221217
221223
221226
221227
221230
221232
221238
221239
221240
221241
221244
221245
221250
221251
221254
221257
221259
221260
221262
221263
221264
221276
221278
221281
221288
221292
221293
221296
221303
221313
221314
221332
221333
221336
221340
221346
221347
221349
221350
221360
221361
221365
221368
221372
221374
221375
221379
221383
221386
221391
221392
221393
221394
221401
221406
221408
221414
221423
221424
221432
221434
221436
221437
221441
221442
221443
221447
221448
221452
221456
221460
221462
221470
221474
221475
221478
221489
221490
221491
221494
221495
221497
221498
221502
221507
221508
221509
221510
221522
221527
221529
221530
221537
221544
221545
221548
221556
221557
221558
221571
221576
221581
221587
221591
221593
221598
221602
221609
221611
221612
221615
221617
221623
221625
221628
221631
221633
221640
221643
221644
221649
221651
221657
221673
221675
221679
221681
221683
221687
221690
221695
221700
221701
221704
221705
221707
221715
221723
221732
221736
221739
221740
221743
221744
221751
221752
221763
221764
221766
221769
221771
221777
221779
221784
221794
221798
221800
221803
221810
221811
221812
221818
221820
221823
221826
221831
221832
221833
221837
221838
221840
221842
221846
221849
221852
221855
221857
221858
221860
221866
221867
221872
221876
221877
221878
221881
221890
221892
221899
221902
221903
221906
221907
221909
221911
221912
221915
221916
221920
221921
221923
221926
221938
221944
221958
221961
221968
221970
221971
221975
221983
221984
221986
221993
221995
221997
221999
222003
222006
222008
222012
222014
222019
222022
222024
222034
222045
222046
222047
222049
222053
222056
222057
222063
222066
222067
222068
222075
222077
222080
222082
222083
222084
222091
222092
222094
222097
222099
222104
222106
222119
222124
222125
222128
222134
222139
222140
222141
222143
222148
222149
222154
222160
222166
222168
222175
222180
222183
222184
222189
222191
222195
222196
222200
222203
222204
222205
222209
222210
222211
222215
222217
222218
222224
222225
222233
222235
222237
222242
222243
222245
222246
222251
222254
222262
222268
222270
222275
222278
222279
222287
222289
222291
222293
222303
222304
222305
222306
222316
222318
222319
222325
222332
222335
222338
222344
222346
222350
222351
222353
222357
222358
222361
222363
222364
222365
222367
222370
222371
222377
222379
222381
222390
222393
222401
222407
222410
222412
222413
222414
222416
222426
222429
222433
222435
222442
222443
222446
222450
222451
222453
222454
222456
222458
222460
222461
222463
222470
222478
222480
222481
222490
222501
222502
222508
222510
222515
222516
222518
222542
222545
222546
222553
222556
222560
222567
222570
222573
222576
222586
222591
222596
222608
222612
222618
222622
222624
222633
222634
222638
222648
222655
222658
222662
222663
222667
222669
222674
222678
222686
222688
222691
222692
222700
222702
222713
222720
222725
222727
222732
222733
222734
222740
222743
222744
222746
222747
222751
222762
222763
222774
222777
222782
222783
222795
222806
222808
222809
222810
222811
222812
222814
222815
222816
222817
222821
222822
222834
222848
222849
222851
222867
222876
222877
222882
222895
222897
222898
222899
222901
222902
222903
222907
222911
222926
222940
222944
222946
222950
222952
222957
222970
222975
222978
222985
222991
222993
222995
223002
223008
223011
223020
223026
223033
223035
223043
223047
223059
223060
223061
223063
223067
223068
223078
223082
223086
223102
223105
223108
223115
223117
223119
223120
223121
223123
223129
223136
223142
223144
223151
223153
223157
223158
223159
223162
223166
223167
223168
223177
223180
223181
223182
223183
223185
223187
223188
223189
223190
223191
223193
223195
223199
223201
223203
223204
223207
223212
223224
223225
223228
223234
223235
223236
223240
223242
223247
223259
223260
223267
223270
223273
223287
223291
223295
223298
223299
223304
223306
223308
223313
223321
223322
223339
223344
223349
223353
223354
223355
223356
223357
223362
223369
223374
223381
223384
223385
223386
223388
223391
223394
223396
223400
223401
223406
223407
223426
223428
223433
223435
223443
223444
223446
223450
223457
223458
223464
223466
223472
223474
223477
223483
223486
223489
223490
223492
223505
223507
223512
223514
223524
223527
223529
223531
223533
223536
223540
223541
223542
223545
223546
223548
223550
223552
223553
223554
223574
223575
223581
223582
223586
223590
223592
223593
223595
223597
223603
223608
223610
223616
223617
223620
223621
223622
223624
223628
223632
223643
223646
223654
223657
223664
223672
223674
223675
223677
223678
223682
223684
223693
223694
223708
223709
223712
223724
223726
223727
223729
223730
223735
223740
223742
223743
223744
223747
223749
223750
223751
223752
223756
223767
223777
223783
223801
223803
223806
223819
223820
223824
223829
223830
223845
223858
223862
223865
223866
223872
223879
223884
223892
223899
223906
223907
223909
223910
223915
223919
223920
223923
223926
223928
223929
223930
223931
223934
223935
223941
223943
223944
223945
223949
223954
223958
223962
223964
223972
223974
223976
223980
223984
223986
223991
223997
223998
224001
224010
224014
224036
224039
224040
224042
224044
224048
224049
224051
224056
224060
224064
224070
224079
224080
224081
224082
224084
224087
224091
224092
224093
224098
224100
224102
224108
224114
224118
224120
224127
224131
224132
224133
224139
224143
224144
224145
224147
224154
224156
224158
224162
224163
224167
224170
224174
224182
224188
224190
224193
224196
224206
224207
224210
224221
224222
224225
224229
224230
224231
224239
224241
224248
224252
224254
224256
224261
224262
224267
224269
224272
224276
224277
224283
224290
224292
224294
224297
224298
224301
224303
224304
224307
224313
224320
224323
224324
224326
224332
224334
224336
224338
224339
224345
224347
224351
224354
224361
224366
224372
224374
224375
224379
224390
224391
224396
224399
224400
224401
224402
224403
224404
224407
224409
224410
224421
224422
224424
224450
224451
224453
224457
224459
224472
224474
224478
224482
224489
224490
224497
224498
224499
224502
224504
224518
224534
224536
224556
224566
224574
224576
224584
224586
224593
224595
224596
224598
224603
224604
224605
224607
224608
224609
224610
224611
224615
224617
224622
224624
224628
224634
224637
224640
224641
224643
224651
224655
224656
224659
224661
224664
224669
224671
224673
224675
224679
224682
224689
224692
224694
224696
224702
224703
224707
224715
224716
224722
224724
224725
224735
224742
224746
224749
224753
224756
224763
224764
224765
224780
224783
224790
224791
224803
224808
224809
224810
224811
224814
224816
224818
224824
224825
224826
224830
224835
224850
224854
224860
224866
224868
224872
224876
224880
224883
224885
224889
224893
224894
224896
224898
224900
224914
224916
224918
224932
224936
224937
224939
224940
224944
224948
224953
224957
224962
224966
224970
224971
224973
224976
224977
224978
224991
224997
224998
225002
225005
225006
225010
225015
225019
225020
225026
225031
225032
225040
225043
225044
225047
225049
225052
225057
225059
225062
225063
225064
225066
225068
225074
225081
225083
225084
225088
225089
225090
225096
225101
225106
225109
225115
225118
225120
225122
225123
225128
225129
225131
225134
225137
225138
225140
225143
225144
225152
225157
225169
225173
225174
225175
225180
225181
225183
225196
225199
225202
225205
225209
225219
225226
225232
225238
225242
225245
225246
225252
225253
225256
225257
225260
225263
225268
225272
225278
225281
225286
225290
225296
225298
225309
225315
225326
225328
225332
225335
225340
225342
225345
225352
225358
225361
225363
225369
225374
225378
225381
225383
225385
225389
225398
225404
225421
225423
225426
225429
225430
225434
225441
225442
225449
225454
225461
225464
225469
225474
225477
225478
225480
225487
225488
225491
225493
225494
225499
225501
225502
225517
225521
225527
225529
225530
225531
225532
225533
225535
225542
225548
225549
225550
225551
225557
225570
225571
225574
225576
225589
225594
225604
225605
225607
225613
225619
225633
225641
225644
225655
225656
225658
225659
225661
225664
225665
225672
225676
225678
225679
225681
225682
225685
225686
225692
225696
225709
225718
225721
225725
225731
225736
225743
225744
225747
225748
225749
225752
225755
225756
225761
225762
225765
225766
225769
225770
225775
225776
225786
225787
225799
225800
225803
225821
225825
225826
225830
225832
225834
225836
225840
225844
225845
225848
225856
225858
225864
225865
225866
225874
225875
225879
225888
225889
225898
225908
225909
225916
225919
225921
225929
225930
225937
225939
225940
225941
225943
225954
225957
225965
225971
225986
225988
225989
225991
225994
225997
226000
226004
226008
226009
226010
226011
226012
226014
226016
226017
226018
226020
226023
226024
226025
226028
226029
226033
226037
226045
226051
226052
226059
226060
226064
226065
226066
226072
226078
226081
226084
226088
226090
226092
226093
226097
226098
226100
226101
226109
226112
226116
226120
226122
226124
226129
226133
226135
226136
226137
226139
226146
226149
226155
226157
226158
226166
226167
226168
226172
226185
226188
226189
226192
226193
226203
226206
226211
226216
226219
226222
226223
226226
226228
226231
226234
226238
226243
226244
226246
226247
226249
226251
226264
226272
226277
226282
226289
226290
226293
226294
226302
226309
226312
226317
226321
226331
226341
226343
226354
226362
226363
226369
226372
226379
226380
226381
226382
226383
226384
226386
226388
226395
226398
226399
226403
226406
226408
226412
226417
226420
226424
226426
226427
226430
226431
226435
226444
226448
226455
226458
226461
226462
226465
226466
226471
226472
226479
226480
226484
226487
226488
226493
226495
226500
226502
226506
226507
226515
226517
226519
226532
226534
226546
226549
226553
226557
226562
226563
226564
226575
226577
226578
226580
226581
226585
226594
226595
226596
226597
226601
226604
226607
226608
226613
226618
226619
226626
226628
226629
226631
226633
226635
226637
226642
226645
226655
226662
226675
226677
226679
226680
226691
226697
226700
226701
226702
226704
226712
226724
226728
226729
226732
226733
226739
226742
226745
226747
226748
226749
226752
226757
226759
226763
226766
226767
226770
226772
226777
226779
226781
226782
226785
226794
226800
226802
226803
226816
226819
226821
226823
226826
226831
226833
226834
226842
226849
226851
226852
226863
226866
226870
226876
226878
226881
226883
226884
226890
226893
226901
226902
226907
226910
226917
226924
226931
226936
226937
226938
226941
226943
226947
226958
226963
226965
226969
226971
226974
226979
226988
226990
226995
226996
227000
227004
227009
227015
227020
227021
227022
227027
227029
227046
227050
227068
227072
227076
227081
227087
227092
227093
227095
227098
227105
227107
227119
227121
227130
227131
227132
227137
227143
227146
227151
227152
227158
227169
227170
227175
227179
227181
227182
227195
227196
227202
227203
227211
227212
227213
227214
227215
227217
227222
227225
227227
227228
227230
227231
227238
227239
227241
227242
227244
227252
227253
227255
227257
227259
227260
227261
227262
227263
227268
227273
227275
227278
227285
227291
227295
227300
227305
227308
227310
227313
227315
227317
227321
227326
227336
227340
227345
227346
227347
227348
227351
227353
227356
227357
227360
227365
227373
227374
227375
227378
227383
227384
227389
227393
227394
227396
227398
227401
227409
227413
227418
227424
227435
227438
227445
227447
227450
227453
227454
227457
227460
227464
227465
227469
227474
227477
227481
227482
227483
227487
227490
227491
227493
227497
227499
227504
227509
227514
227515
227520
227525
227526
227528
227534
227538
227542
227548
227550
227555
227563
227569
227574
227575
227576
227578
227580
227587
227590
227595
227596
227597
227600
227609
227610
227614
227617
227618
227619
227625
227628
227630
227631
227633
227637
227646
227650
227652
227668
227669
227671
227673
227677
227682
227683
227685
227688
227699
227700
227708
227712
227713
227715
227717
227721
227734
227736
227740
227743
227745
227747
227751
227755
227759
227764
227765
227780
227783
227784
227790
227794
227798
227803
227804
227808
227812
227826
227828
227833
227835
227836
227843
227853
227857
227860
227865
227867
227868
227870
227873
227878
227879
227885
227886
227891
227893
227895
227896
227899
227902
227907
227908
227913
227916
227921
227922
227924
227925
227926
227928
227929
227934
227938
227939
227942
227943
227944
227945
227949
227950
227952
227956
227957
227969
227977
227980
227984
227986
227994
227999
228006
228009
228017
228018
228032
228034
228045
228046
228048
228053
228055
228056
228065
228068
228069
228098
228105
228108
228115
228121
228126
228127
228129
228134
228138
228139
228142
228143
228146
228148
228149
228152
228159
228164
228166
228167
228172
228173
228179
228180
228183
228185
228188
228189
228192
228193
228200
228206
228208
228212
228213
228233
228237
228238
228240
228245
228250
228251
228252
228255
228259
228263
228264
228267
228269
228271
228272
228275
228276
228279
228282
228286
228289
228293
228296
228297
228299
228300
228303
228308
228314
228316
228318
228320
228322
228331
228332
228336
228343
228347
228359
228361
228366
228369
228371
228372
228375
228376
228392
228395
228396
228399
228400
228406
228411
228413
228419
228423
228427
228436
228438
228439
228448
228449
228454
228456
228464
228471
228478
228479
228486
228491
228493
228494
228498
228500
228503
228504
228505
228506
228509
228518
228519
228524
228525
228529
228531
228532
228533
228534
228541
228543
228551
228553
228562
228564
228584
228585
228586
228588
228592
228602
228608
228619
228622
228625
228626
228639
228640
228647
228651
228653
228654
228655
228657
228659
228662
228667
228673
228675
228676
228683
228686
228688
228689
228690
228694
228700
228704
228707
228710
228711
228715
228724
228725
228728
228742
228744
228745
228748
228754
228755
228764
228768
228776
228777
228779
228783
228785
228787
228796
228808
228809
228811
228814
228833
228835
228840
228843
228848
228850
228855
228861
228864
228867
228875
228877
228882
228896
228899
228916
228918
228925
228930
228931
228932
228935
228937
228939
228943
228946
228949
228956
228962
228963
228970
228972
228974
228975
228976
228979
228984
228985
228986
228999
229000
229001
229003
229004
229009
229013
229017
229018
229025
229035
229037
229043
229044
229057
229058
229059
229064
229071
229073
229076
229077
229081
229084
229085
229086
229088
229089
229090
229094
229097
229100
229103
229104
229107
229110
229116
229122
229123
229125
229128
229134
229136
229138
229142
229143
229149
229152
229159
229160
229161
229163
229168
229169
229174
229180
229187
229188
229198
229204
229205
229207
229209
229222
229225
229229
229237
229241
229253
229267
229283
229286
229294
229295
229299
229300
229303
229304
229306
229312
229324
229333
229334
229344
229350
229351
229356
229357
229361
229362
229368
229372
229376
229383
229384
229388
229391
229394
229396
229400
229401
229413
229416
229421
229423
229428
229429
229430
229434
229441
229444
229447
229452
229456
229457
229458
229461
229463
229465
229466
229467
229468
229471
229474
229482
229488
229490
229493
229500
229501
229504
229511
229515
229517
229522
229524
229525
229534
229535
229537
229543
229547
229548
229551
229553
229557
229558
229559
229561
229565
229570
229571
229572
229575
229588
229591
229596
229598
229601
229604
229609
229610
229613
229614
229616
229625
229627
229629
229633
229645
229649
229652
229656
229659
229668
229670
229679
229687
229689
229690
229695
229696
229699
229703
229704
229705
229716
229718
229719
229721
229723
229725
229728
229734
229735
229742
229745
229747
229753
229757
229759
229762
229771
229775
229780
229782
229791
229796
229798
229801
229804
229806
229809
229810
229816
229825
229827
229829
229832
229837
229841
229844
229846
229849
229852
229856
229867
229876
229894
229901
229903
229906
229907
229911
229912
229915
229921
229924
229927
229928
229929
229931
229938
229945
229946
229947
229953
229968
229970
229972
229973
229984
229988
229990
229991
229995
229996
229998
230011
230015
230023
230036
230045
230047
230051
230055
230064
230065
230070
230071
230072
230074
230079
230081
230085
230090
230094
230095
230097
230098
230099
230102
230107
230113
230118
230122
230128
230129
230130
230133
230134
230136
230141
230142
230143
230144
230147
230149
230150
230151
230156
230158
230161
230164
230165
230166
230171
230176
230179
230184
230190
230199
230202
230203
230204
230206
230207
230208
230217
230219
230225
230226
230228
230230
230235
230237
230238
230242
230248
230252
230255
230257
230261
230262
230263
230265
230271
230274
230276
230282
230284
230290
230303
230305
230306
230311
230312
230313
230317
230328
230330
230334
230336
230341
230344
230349
230352
230360
230363
230367
230372
230378
230382
230383
230384
230397
230403
230407
230408
230411
230412
230420
230422
230438
230443
230452
230459
230464
230466
230468
230476
230477
230479
230480
230481
230485
230488
230492
230493
230498
230503
230505
230511
230523
230524
230539
230546
230548
230549
230550
230552
230562
230577
230585
230587
230588
230593
230596
230605
230606
230614
230618
230619
230621
230628
230629
230631
230633
230639
230651
230665
230666
230667
230671
230673
230675
230677
230679
230681
230682
230690
230694
230695
230696
230703
230706
230709
230710
230714
230725
230728
230738
230740
230745
230746
230749
230761
230767
230774
230775
230776
230777
230783
230799
230800
230803
230815
230822
230830
230832
230844
230847
230848
230851
230853
230863
230868
230870
230872
230873
230875
230877
230879
230887
230894
230900
230904
230907
230911
230914
230917
230918
230922
230929
230930
230931
230932
230938
230942
230944
230946
230948
230951
230964
230965
230970
230985
230988
230995
230996
230999
231001
231005
231011
231018
231023
231027
231028
231029
231031
231033
231036
231040
231042
231046
231047
231052
231056
231057
231058
231060
231063
231064
231069
231080
231085
231087
231108
231110
231112
231114
231118
231120
231123
231124
231125
231132
231145
231152
231155
231172
231173
231177
231182
231185
231194
231196
231198
231199
231206
231216
231220
231222
231225
231231
231233
231235
231244
231258
231259
231265
231267
231270
231271
231285
231289
231293
231298
231299
231302
231308
231310
231313
231318
231325
231326
231328
231333
231334
231349
231358
231360
231361
231362
231366
231367
231372
231375
231377
231378
231389
231393
231403
231406
231407
231408
231409
231410
231419
231420
231421
231423
231429
231430
231439
231443
231452
231458
231460
231466
231467
231468
231471
231482
231483
231488
231489
231494
231495
231503
231504
231505
231506
231515
231518
231521
231525
231527
231532
231534
231535
231537
231541
231547
231550
231553
231557
231559
231571
231576
231578
231579
231586
231587
231588
231593
231594
231602
231605
231612
231623
231625
231629
231641
231643
231648
231649
231651
231652
231653
231662
231665
231669
231674
231678
231680
231681
231683
231684
231692
231696
231698
231699
231702
231709
231710
231711
231717
231724
231729
231734
231746
231747
231748
231752
231755
231756
231758
231759
231765
231766
231772
231774
231775
231777
231786
231789
231790
231805
231810
231814
231818
231819
231824
231825
231827
231831
231832
231834
231838
231840
231844
231845
231849
231853
231854
231855
231856
231861
231863
231869
231871
231872
231873
231874
231876
231887
231888
231892
231893
231898
231900
231905
231907
231912
231913
231915
231917
231918
231920
231923
231924
231926
231932
231936
231946
231951
231954
231956
231957
231963
231966
231967
231968
231969
231973
231982
231988
231989
231990
231998
231999
232000
232001
232002
232003
232004
232006
232008
232009
232010
232011
232012
232016
232019
232022
232026
232031
232035
232038
232042
232044
232054
232058
232059
232061
232063
232066
232067
232071
232077
232083
232093
232094
232097
232098
232099
232100
232104
232106
232107
232111
232113
232117
232128
232138
232141
232144
232145
232148
232153
232160
232161
232164
232166
232167
232173
232174
232176
232177
232181
232184
232185
232189
232193
232194
232203
232206
232214
232215
232217
232220
232224
232228
232229
232233
232235
232239
232242
232246
232249
232257
232261
232265
232271
232274
232278
232283
232284
232288
232292
232293
232294
232299
232301
232307
232309
232310
232312
232316
232317
232318
232319
232322
232323
232327
232328
232334
232337
232343
232345
232356
232357
232361
232363
232371
232376
232377
232384
232397
232400
232404
232408
232411
232413
232417
232424
232444
232446
232452
232457
232459
232460
232468
232470
232471
232475
232485
232489
232492
232496
232503
232505
232512
232513
232529
232536
232538
232543
232544
232553
232554
232556
232557
232561
232562
232564
232570
232573
232574
232580
232581
232584
232587
232588
232590
232591
232595
232596
232599
232600
232602
232610
232615
232620
232621
232627
232635
232639
232640
232648
232651
232652
232653
232656
232659
232665
232671
232673
232675
232676
232678
232679
232682
232683
232685
232687
232690
232693
232695
232700
232705
232706
232710
232712
232725
232726
232727
232731
232734
232735
232736
232737
232740
232742
232747
232748
232751
232752
232755
232756
232758
232760
232761
232767
232770
232771
232773
232776
232784
232794
232804
232811
232814
232818
232821
232830
232838
232843
232848
232850
232853
232856
232863
232866
232867
232882
232888
232889
232892
232893
232895
232896
232897
232899
232904
232909
232910
232911
232912
232919
232921
232928
232929
232931
232944
232948
232954
232957
232958
232960
232973
232974
232980
232984
232985
232995
232996
233000
233009
233010
233013
233018
233019
233023
233031
233033
233035
233039
233040
233044
233048
233049
233054
233058
233063
233070
233077
233078
233084
233086
233091
233092
233095
233100
233101
233106
233107
233111
233113
233115
233117
233118
233121
233122
233125
233126
233127
233133
233136
233138
233145
233147
233148
233150
233154
233155
233163
233169
233189
233194
233197
233207
233209
233211
233214
233215
233216
233224
233226
233240
233241
233245
233246
233249
233252
233254
233256
233257
233258
233259
233262
233264
233265
233266
233273
233274
233275
233276
233277
233279
233285
233287
233301
233304
233312
233319
233328
233335
233336
233338
233339
233343
233347
233349
233358
233363
233366
233369
233370
233373
233377
233381
233382
233387
233395
233397
233399
233400
233405
233413
233418
233421
233424
233430
233440
233442
233445
233446
233447
233448
233457
233462
233463
233464
233467
233472
233475
233476
233479
233482
233486
233494
233495
233510
233511
233513
233518
233519
233520
233529
233534
233535
233540
233543
233548
233549
233559
233561
233564
233570
233578
233582
233588
233592
233593
233600
233608
233610
233622
233626
233628
233629
233630
233631
233648
233657
233659
233663
233673
233674
233676
233677
233691
233698
233699
233702
233704
233705
233710
233711
233712
233713
233714
233716
233724
233728
233733
233743
233746
233748
233754
233761
233765
233766
233770
233777
233780
233782
233787
233788
233796
233797
233802
233803
233817
233818
233820
233821
233823
233827
233828
233836
233838
233839
233848
233852
233860
233861
233866
233867
233868
233871
233873
233880
233881
233885
233886
233888
233889
233892
233894
233898
233899
233905
233906
233909
233915
233918
233919
233931
233941
233946
233948
233951
233958
233962
233967
233972
233975
233976
233981
233982
233992
233993
234007
234009
234015
234023
234024
234028
234045
234046
234047
234060
234063
234071
234072
234073
234075
234078
234082
234089
234094
234101
234104
234109
234113
234119
234121
234137
234138
234142
234144
234146
234149
234153
234155
234157
234161
234162
234164
234166
234172
234174
234179
234184
234185
234191
234196
234197
234198
234210
234217
234218
234219
234223
234224
234226
234228
234229
234236
234239
234241
234247
234258
234262
234265
234267
234271
234280
234281
234288
234289
234303
234310
234320
234328
234333
234338
234348
234352
234362
234365
234366
234367
234369
234371
234375
234386
234392
234393
234395
234397
234401
234417
234424
234436
234438
234440
234447
234452
234454
234459
234464
234470
234472
234473
234475
234477
234478
234481
234486
234488
234494
234500
234504
234508
234519
234522
234526
234528
234531
234533
234538
234543
234544
234552
234554
234555
234562
234566
234571
234572
234574
234575
234580
234581
234582
234584
234585
234587
234589
234592
234600
234603
234608
234613
234616
234618
234620
234623
234635
234640
234643
234647
234650
234654
234660
234664
234666
234670
234679
234681
234690
234694
234701
234702
234708
234714
234717
234721
234724
234725
234727
234732
234744
234745
234748
234755
234759
234760
234768
234770
234772
234773
234774
234775
234777
234778
234784
234785
234787
234789
234792
234793
234799
234807
234810
234818
234828
234829
234830
234842
234845
234847
234875
234878
234887
234888
234890
234892
234897
234901
234904
234907
234911
234919
234932
234935
234952
234966
234970
234972
234974
234979
234983
234985
234989
234993
234994
234995
234996
235002
235005
235014
235023
235025
235031
235032
235033
235035
235037
235038
235043
235051
235054
235055
235064
235069
235073
235077
235091
235103
235104
235105
235108
235112
235119
235121
235126
235127
235128
235133
235137
235139
235142
235145
235162
235164
235170
235171
235172
235177
235179
235185
235187
235193
235196
235202
235203
235208
235209
235212
235213
235214
235216
235218
235222
235234
235236
235238
235245
235255
235260
235267
235271
235282
235283
235288
235291
235298
235299
235305
235308
235309
235311
235312
235313
235318
235319
235321
235323
235331
235332
235339
235341
235344
235350
235354
235355
235357
235358
235363
235367
235369
235374
235375
235377
235379
235381
235387
235388
235391
235397
235407
235409
235416
235418
235426
235429
235430
235436
235439
235440
235444
235445
235446
235447
235454
235464
235472
235474
235478
235482
235494
235504
235511
235514
235516
235519
235529
235531
235532
235536
235538
235546
235547
235549
235551
235552
235556
235558
235566
235567
235571
235572
235575
235576
235577
235585
235591
235594
235600
235604
235606
235614
235615
235616
235622
235625
235636
235644
235649
235650
235659
235664
235665
235670
235671
235672
235673
235675
235679
235682
235683
235684
235702
235706
235708
235710
235712
235713
235717
235718
235720
235726
235729
235732
235740
235741
235742
235747
235755
235757
235758
235762
235776
235779
235788
235789
235790
235797
235800
235807
235812
235814
235817
235818
235820
235821
235822
235824
235826
235839
235844
235845
235848
235851
235853
235856
235860
235862
235863
235866
235872
235874
235878
235882
235886
235887
235888
235889
235892
235898
235901
235902
235904
235909
235910
235914
235915
235916
235938
235939
235940
235949
235953
235961
235966
235970
235977
235978
235983
235984
235985
235990
235992
235999
236002
236005
236017
236021
236022
236024
236026
236036
236037
236039
236043
236046
236047
236051
236055
236061
236071
236077
236080
236081
236084
236088
236092
236093
236103
236104
236105
236108
236115
236119
236126
236131
236139
236140
236149
236151
236152
236155
236158
236160
236163
236168
236174
236175
236177
236178
236181
236185
236186
236188
236193
236194
236199
236201
236203
236208
236212
236218
236222
236232
236235
236237
236239
236241
236255
236259
236263
236264
236268
236275
236276
236279
236280
236286
236287
236288
236300
236306
236311
236314
236315
236319
236320
236322
236329
236332
236334
236338
236342
236350
236360
236361
236367
236368
236380
236384
236390
236394
236396
236397
236399
236412
236413
236420
236421
236422
236426
236432
236435
236437
236441
236444
236451
236454
236459
236460
236463
236465
236468
236475
236479
236480
236487
236489
236507
236508
236512
236519
236520
236531
236533
236534
236535
236538
236539
236552
236556
236558
236569
236575
236577
236578
236579
236588
236604
236605
236606
236612
236613
236614
236616
236618
236636
236638
236641
236642
236645
236647
236649
236652
236659
236671
236672
236674
236675
236677
236680
236682
236683
236684
236685
236696
236699
236700
236701
236702
236707
236708
236710
236714
236715
236718
236729
236733
236734
236741
236742
236743
236744
236763
236764
236768
236772
236773
236780
236781
236783
236794
236799
236801
236805
236812
236813
236819
236820
236822
236834
236835
236841
236842
236847
236851
236857
236862
236863
236871
236877
236878
236881
236887
236888
236899
236900
236901
236906
236907
236909
236911
236916
236921
236923
236925
236926
236929
236931
236933
236934
236935
236938
236939
236944
236954
236966
236968
236972
236973
236975
236977
236978
236981
236987
236990
236991
236997
236999
237000
237006
237008
237011
237015
237018
237020
237022
237023
237025
237031
237032
237035
237036
237038
237039
237040
237042
237070
237071
237078
237080
237083
237085
237086
237095
237101
237107
237112
237113
237117
237119
237127
237132
237141
237145
237149
237155
237156
237157
237160
237161
237164
237165
237172
237174
237183
237185
237189
237190
237193
237198
237202
237204
237205
237208
237209
237210
237212
237217
237226
237227
237236
237244
237257
237261
237264
237273
237274
237277
237278
237287
237289
237292
237294
237296
237298
237301
237302
237305
237311
237314
237315
237323
237327
237332
237336
237354
237358
237361
237375
237377
237378
237379
237380
237385
237388
237389
237393
237397
237400
237403
237408
237409
237411
237421
237433
237442
237443
237444
237450
237453
237454
237458
237466
237467
237468
237483
237484
237489
237490
237496
237500
237503
237504
237505
237507
237508
237509
237527
237529
237531
237533
237535
237537
237545
237546
237555
237559
237564
237567
237569
237571
237574
237578
237579
237581
237584
237585
237588
237589
237594
237603
237607
237614
237622
237625
237627
237639
237650
237653
237658
237677
237681
237691
237697
237699
237700
237701
237717
237718
237719
237727
237729
237731
237732
237734
237735
237739
237744
237745
237748
237749
237751
237755
237762
237764
237769
237771
237774
237778
237779
237781
237782
237787
237788
237790
237793
237801
237803
237805
237818
237823
237825
237826
237833
237838
237839
237840
237841
237844
237845
237856
237857
237858
237859
237863
237868
237870
237872
237873
237877
237881
237887
237889
237892
237893
237895
237898
237901
237902
237904
237912
237919
237930
237937
237938
237947
237952
237955
237956
237957
237961
237965
237966
237967
237976
237986
237988
237991
237994
237996
237999
238000
238003
238005
238013
238014
238020
238033
238038
238040
238042
238043
238044
238047
238051
238052
238055
238056
238060
238062
238063
238066
238068
238074
238076
238077
238078
238081
238083
238090
238094
238096
238099
238100
238102
238103
238126
238129
238131
238138
238141
238142
238143
238148
238157
238163
238171
238172
238180
238182
238184
238185
238187
238189
238195
238201
238203
238206
238207
238209
238210
238215
238219
238220
238233
238238
238239
238243
238244
238245
238246
238248
238251
238252
238254
238265
238267
238269
238273
238278
238282
238296
238297
238299
238300
238311
238314
238316
238317
238320
238321
238326
238329
238330
238331
238336
238339
238340
238341
238346
238351
238352
238353
238356
238359
238364
238374
238376
238379
238381
238384
238386
238389
238390
238391
238393
238396
238402
238405
238416
238418
238423
238424
238425
238427
238432
238433
238438
238439
238450
238457
238458
238459
238462
238467
238468
238474
238485
238489
238494
238496
238505
238508
238518
238520
238521
238526
238530
238539
238540
238542
238545
238546
238547
238548
238550
238553
238555
238558
238563
238565
238575
238587
238591
238593
238596
238604
238613
238614
238620
238627
238628
238631
238647
238654
238659
238660
238663
238664
238678
238679
238683
238686
238692
238706
238714
238715
238720
238723
238725
238728
238730
238731
238742
238746
238757
238759
238762
238766
238769
238775
238776
238777
238782
238784
238792
238797
238810
238821
238829
238833
238843
238845
238849
238850
238857
238860
238867
238871
238875
238876
238879
238880
238895
238900
238904
238910
238914
238916
238922
238925
238932
238933
238935
238943
238945
238950
238953
238956
238957
238961
238962
238966
238970
238976
238981
238994
239004
239008
239012
239019
239029
239031
239036
239043
239045
239048
239049
239062
239063
239068
239069
239072
239074
239080
239089
239090
239092
239096
239100
239101
239103
239105
239107
239109
239110
239111
239112
239115
239117
239119
239120
239122
239124
239125
239127
239129
239130
239131
239147
239148
239151
239165
239171
239172
239173
239181
239182
239184
239185
239188
239196
239201
239203
239205
239208
239210
239213
239215
239220
239221
239227
239229
239233
239235
239236
239240
239241
239248
239253
239255
239256
239265
239268
239271
239272
239274
239280
239282
239283
239290
239294
239298
239304
239308
239310
239317
239320
239322
239328
239331
239332
239333
239337
239340
239346
239350
239357
239359
239360
239363
239364
239365
239367
239373
239388
239389
239394
239398
239399
239402
239403
239407
239408
239409
239428
239431
239435
239446
239451
239454
239455
239459
239465
239466
239469
239473
239474
239480
239483
239487
239490
239493
239498
239502
239511
239513
239541
239544
239545
239547
239548
239551
239553
239555
239556
239557
239560
239561
239564
239565
239571
239575
239577
239579
239580
239586
239588
239591
239592
239593
239604
239607
239617
239618
239619
239620
239622
239623
239624
239631
239632
239633
239640
239642
239647
239649
239659
239661
239670
239676
239680
239687
239689
239694
239700
239702
239713
239716
239717
239720
239722
239724
239736
239739
239745
239746
239747
239748
239768
239779
239784
239785
239787
239792
239802
239803
239816
239820
239824
239826
239828
239840
239845
239846
239848
239849
239855
239864
239867
239868
239871
239878
239883
239885
239888
239892
239895
239896
239897
239899
239900
239901
239909
239919
239936
239942
239949
239950
239955
239957
239958
239963
239973
239976
239979
239982
239983
239987
239988
239992
239994
239997
240002
240009
240012
240017
240021
240026
240030
240033
240035
240037
240038
240042
240046
240048
240050
240051
240053
240055
240057
240063
240066
240070
240071
240075
240077
240082
240094
240095
240097
240105
240114
240115
240116
240117
240123
240124
240127
240129
240133
240136
240140
240145
240146
240153
240160
240162
240165
240166
240167
240169
240175
240177
240178
240179
240190
240201
240204
240206
240209
240212
240213
240221
240225
240227
240229
240231
240238
240250
240253
240254
240261
240271
240273
240276
240278
240292
240299
240301
240302
240307
240318
240324
240325
240326
240329
240334
240343
240344
240350
240359
240360
240361
240362
240363
240364
240366
240373
240377
240381
240384
240389
240396
240401
240402
240404
240405
240406
240408
240413
240420
240426
240427
240431
240434
240435
240437
240438
240452
240457
240459
240460
240467
240469
240472
240480
240483
240490
240491
240497
240498
240501
240504
240515
240517
240518
240519
240525
240528
240530
240531
240533
240539
240550
240554
240555
240557
240562
240563
240568
240570
240576
240580
240588
240592
240594
240598
240603
240612
240624
240625
240640
240641
240642
240647
240654
240658
240661
240669
240670
240673
240674
240677
240689
240690
240697
240706
240707
240708
240710
240712
240715
240717
240730
240731
240748
240749
240764
240766
240768
240773
240777
240783
240786
240796
240811
240816
240819
240835
240840
240841
240842
240844
240845
240846
240851
240852
240861
240864
240868
240870
240872
240873
240879
240885
240890
240891
240900
240901
240905
240913
240915
240918
240921
240929
240931
240934
240939
240943
240947
240953
240957
240962
240963
240965
240966
240974
240975
240977
240983
240992
240993
240994
240996
240997
241001
241003
241004
241006
241012
241014
241021
241030
241035
241042
241043
241050
241054
241060
241067
241068
241078
241080
241083
241084
241085
241086
241108
241112
241114
241120
241122
241125
241135
241136
241137
241144
241162
241163
241164
241166
241172
241175
241177
241178
241180
241184
241193
241197
241207
241208
241209
241219
241223
241232
241233
241236
241237
241248
241253
241257
241258
241260
241261
241269
241271
241273
241274
241276
241278
241279
241284
241285
241287
241288
241293
241294
241295
241297
241298
241299
241300
241303
241305
241311
241313
241314
241317
241320
241325
241326
241330
241331
241346
241353
241355
241357
241358
241366
241368
241372
241376
241379
241385
241396
241407
241430
241431
241432
241433
241436
241437
241439
241461
241471
241472
241476
241477
241480
241488
241490
241493
241496
241500
241510
241511
241515
241532
241535
241536
241545
241547
241549
241550
241551
241561
241562
241570
241572
241576
241577
241583
241593
241595
241596
241597
241599
241607
241610
241616
241617
241618
241619
241620
241623
241624
241626
241638
241639
241643
241645
241649
241652
241658
241661
241663
241669
241671
241672
241674
241679
241683
241688
241689
241694
241695
241702
241704
241705
241709
241710
241712
241713
241716
241719
241733
241742
241744
241746
241753
241754
241755
241767
241775
241776
241777
241784
241785
241787
241790
241794
241803
241805
241808
241809
241810
241815
241818
241823
241824
241828
241834
241835
241836
241838
241840
241843
241845
241847
241854
241857
241858
241861
241863
241868
241872
241876
241878
241883
241885
241886
241889
241891
241893
241894
241896
241899
241903
241907
241908
241909
241915
241920
241926
241928
241930
241931
241933
241937
241942
241943
241946
241947
241948
241950
241953
241961
241962
241978
241985
241989
241990
241992
241994
242009
242010
242022
242032
242041
242047
242053
242056
242058
242062
242066
242070
242072
242074
242076
242082
242086
242087
242092
242101
242110
242115
242120
242122
242124
242125
242126
242129
242130
242133
242138
242139
242140
242145
242147
242153
242159
242161
242164
242170
242171
242185
242191
242192
242193
242194
242195
242196
242199
242201
242202
242208
242211
242227
242230
242233
242234
242239
242242
242243
242246
242249
242253
242259
242270
242271
242283
242284
242285
242293
242294
242298
242299
242300
242308
242309
242319
242328
242332
242337
242340
242342
242345
242346
242357
242358
242367
242368
242369
242375
242379
242389
242397
242401
242409
242414
242415
242417
242419
242422
242433
242442
242443
242451
242452
242456
242457
242465
242467
242470
242476
242477
242481
242482
242487
242490
242492
242494
242495
242502
242506
242511
242513
242518
242519
242523
242526
242530
242532
242537
242541
242550
242555
242560
242562
242563
242568
242573
242577
242582
242583
242584
242585
242587
242593
242594
242600
242609
242618
242619
242621
242623
242624
242640
242644
242647
242652
242656
242662
242664
242665
242669
242681
242682
242690
242696
242697
242698
242700
242706
242712
242716
242718
242746
242747
242748
242749
242753
242754
242756
242757
242758
242759
242760
242762
242764
242765
242767
242770
242773
242774
242775
242778
242785
242787
242788
242790
242797
242801
242804
242805
242810
242819
242827
242831
242834
242839
242842
242849
242851
242852
242855
242856
242859
242862
242865
242872
242873
242875
242885
242888
242889
242900
242902
242903
242906
242908
242910
242915
242919
242920
242927
242929
242931
242933
242936
242937
242938
242941
242942
242949
242954
242968
242975
242982
242984
242990
242991
242997
242999
243008
243009
243013
243016
243020
243023
243026
243029
243030
243034
243040
243042
243048
243049
243050
243056
243059
243061
243064
243066
243068
243072
243077
243078
243081
243086
243098
243102
243104
243110
243111
243115
243120
243135
243138
243139
243143
243144
243146
243152
243154
243160
243161
243162
243164
243171
243172
243176
243178
243181
243188
243191
243199
243206
243211
243214
243224
243226
243227
243228
243231
243233
243241
243245
243246
243248
243250
243256
243258
243259
243262
243263
243265
243267
243268
243275
243277
243280
243288
243289
243290
243296
243298
243303
243305
243326
243334
243343
243346
243353
243364
243365
243375
243376
243377
243379
243382
243384
243393
243398
243402
243403
243406
243409
243411
243413
243415
243419
243421
243423
243424
243430
243432
243436
243441
243442
243451
243453
243459
243470
243473
243475
243479
243480
243492
243496
243501
243503
243510
243530
243535
243537
243556
243557
243559
243562
243568
243575
243578
243582
243594
243596
243597
243598
243606
243607
243609
243611
243613
243615
243621
243625
243628
243629
243634
243635
243637
243638
243641
243645
243646
243648
243649
243651
243655
243657
243662
243665
243669
243671
243675
243682
243683
243684
243696
243701
243703
243712
243713
243714
243716
243718
243721
243724
243725
243727
243733
243749
243751
243752
243753
243760
243762
243764
243765
243768
243773
243775
243779
243785
243787
243798
243801
243810
243811
243824
243830
243833
243834
243838
243840
243842
243843
243845
243851
243852
243858
243871
243873
243875
243876
243896
243897
243898
243899
243901
243906
243914
243920
243921
243922
243926
243930
243944
243949
243953
243956
243957
243963
243964
243969
243974
243977
243978
243979
243980
243988
243991
243993
243998
244001
244009
244016
244017
244033
244036
244039
244042
244046
244051
244056
244060
244067
244074
244075
244076
244083
244096
244097
244098
244103
244106
244109
244111
244116
244118
244122
244124
244146
244151
244156
244158
244159
244160
244161
244162
244165
244168
244177
244182
244186
244196
244200
244201
244205
244221
244230
244241
244243
244252
244254
244266
244270
244278
244287
244289
244292
244296
244302
244320
244326
244329
244337
244347
244348
244350
244355
244357
244359
244366
244375
244382
244390
244392
244396
244401
244408
244420
244421
244423
244424
244425
244429
244442
244443
244445
244447
244448
244449
244450
244452
244464
244468
244473
244478
244484
244489
244491
244495
244501
244502
244507
244516
244517
244531
244533
244535
244548
244554
244561
244563
244565
244566
244574
244577
244579
244586
244587
244593
244599
244602
244603
244607
244608
244609
244610
244613
244625
244630
244635
244639
244643
244645
244649
244651
244652
244656
244663
244674
244680
244684
244685
244691
244698
244708
244709
244717
244719
244721
244722
244728
244739
244740
244742
244745
244746
244748
244753
244759
244761
244768
244770
244771
244774
244777
244782
244784
244785
244792
244793
244797
244800
244804
244807
244810
244813
244819
244821
244829
244839
244842
244844
244849
244855
244858
244860
244862
244865
244869
244880
244881
244882
244885
244886
244888
244889
244893
244896
244898
244903
244905
244910
244912
244919
244929
244937
244939
244940
244941
244943
244959
244968
244971
244983
244984
244988
244993
244995
244997
244998
245000
245003
245006
245011
245016
245020
245021
245027
245028
245030
245031
245035
245037
245040
245041
245047
245048
245051
245053
245055
245058
245059
245060
245072
245073
245082
245083
245084
245090
245093
245096
245099
245115
245117
245118
245119
245123
245124
245131
245136
245140
245141
245145
245146
245153
245162
245163
245170
245173
245190
245200
245203
245205
245209
245210
245211
245214
245215
245223
245224
245225
245228
245231
245232
245235
245238
245239
245248
245251
245253
245255
245257
245265
245268
245269
245275
245281
245285
245288
245295
245299
245302
245307
245318
245321
245323
245331
245337
245339
245346
245357
245358
245360
245368
245372
245375
245377
245378
245382
245386
245391
245392
245396
245397
245403
245411
245416
245417
245418
245420
245423
245427
245429
245431
245432
245435
245436
245445
245446
245448
245453
245460
245468
245481
245487
245491
245495
245503
245504
245509
245511
245514
245522
245523
245527
245531
245536
245537
245538
245540
245545
245550
245554
245565
245569
245573
245576
245580
245585
245588
245595
245597
245600
245601
245611
245614
245620
245623
245630
245632
245634
245638
245646
245647
245653
245662
245670
245679
245687
245704
245712
245715
245718
245725
245729
245730
245731
245732
245737
245739
245740
245745
245747
245751
245752
245753
245754
245756
245759
245761
245763
245767
245771
245772
245773
245774
245780
245784
245787
245791
245793
245796
245797
245801
245819
245822
245825
245826
245829
245833
245836
245847
245849
245852
245861
245868
245870
245876
245877
245879
245881
245889
245899
245903
245906
245907
245915
245918
245924
245926
245930
245931
245934
245937
245938
245941
245948
245953
245954
245959
245964
245965
245967
245975
245985
245987
245994
246001
246008
246011
246012
246017
246026
246028
246034
246037
246038
246039
246042
246043
246046
246047
246063
246065
246067
246071
246073
246086
246087
246097
246099
246104
246107
246108
246118
246121
246136
246142
246146
246148
246158
246165
246169
246175
246179
246188
246191
246192
246197
246199
246200
246201
246203
246214
246216
246217
246221
246229
246232
246233
246244
246245
246251
246253
246258
246259
246264
246271
246273
246280
246284
246285
246292
246294
246298
246302
246317
246319
246320
246322
246323
246324
246327
246328
246330
246335
246342
246343
246346
246348
246352
246354
246357
246359
246365
246366
246369
246373
246376
246378
246381
246382
246387
246390
246394
246395
246396
246398
246405
246416
246420
246421
246425
246426
246427
246439
246449
246452
246455
246465
246466
246470
246471
246475
246478
246481
246482
246486
246489
246492
246493
246501
246512
246514
246523
246525
246528
246534
246537
246545
246550
246551
246553
246569
246572
246576
246578
246579
246580
246585
246587
246589
246590
246593
246609
246616
246617
246618
246619
246622
246624
246633
246635
246636
246643
246644
246648
246649
246651
246661
246662
246667
246674
246676
246677
246678
246680
246682
246684
246688
246691
246693
246696
246697
246701
246704
246719
246720
246723
246726
246740
246741
246745
246749
246750
246755
246757
246764
246765
246774
246776
246777
246779
246781
246782
246789
246790
246795
246797
246801
246804
246806
246808
246811
246813
246824
246828
246829
246830
246835
246839
246841
246843
246844
246847
246849
246857
246865
246866
246874
246878
246880
246881
246882
246885
246887
246899
246903
246904
246909
246910
246911
246912
246916
246919
246921
246928
246933
246934
246939
246941
246943
246945
246947
246956
246961
246962
246963
246969
246970
246975
246976
246977
246987
246991
246994
246996
247001
247008
247018
247020
247023
247026
247028
247029
247035
247036
247039
247040
247043
247048
247053
247054
247058
247061
247067
247068
247078
247084
247087
247090
247092
247094
247101
247110
247112
247120
247123
247124
247129
247138
247139
247140
247149
247156
247175
247176
247189
247190
247194
247196
247197
247208
247215
247216
247217
247220
247221
247225
247227
247229
247240
247241
247249
247253
247257
247262
247264
247266
247269
247281
247286
247288
247290
247292
247293
247298
247300
247308
247310
247313
247314
247316
247318
247320
247321
247326
247333
247334
247336
247339
247340
247349
247353
247357
247358
247364
247370
247380
247381
247383
247387
247392
247396
247398
247410
247412
247413
247418
247423
247424
247430
247432
247433
247435
247437
247440
247450
247451
247454
247460
247466
247489
247494
247500
247501
247504
247505
247510
247514
247518
247521
247524
247527
247532
247538
247542
247544
247547
247551
247552
247554
247556
247557
247559
247562
247566
247569
247571
247574
247577
247579
247581
247586
247593
247596
247598
247602
247606
247607
247612
247613
247615
247621
247623
247624
247626
247628
247634
247636
247638
247645
247646
247649
247650
247651
247665
247666
247671
247674
247675
247676
247677
247679
247683
247684
247687
247691
247693
247698
247700
247702
247704
247710
247712
247713
247714
247716
247726
247733
247738
247742
247746
247747
247751
247752
247753
247761
247765
247770
247772
247776
247777
247780
247784
247785
247786
247787
247794
247798
247799
247801
247808
247809
247810
247815
247834
247835
247844
247847
247853
247854
247857
247863
247867
247870
247871
247874
247880
247882
247890
247891
247894
247896
247905
247907
247909
247927
247929
247944
247945
247946
247953
247960
247974
247975
247976
247978
247981
247983
247984
247991
247995
248002
248003
248005
248006
248008
248012
248018
248024
248030
248049
248050
248057
248058
248069
248072
248079
248081
248085
248096
248105
248107
248109
248110
248113
248115
248120
248124
248125
248130
248132
248140
248143
248148
248156
248165
248169
248174
248177
248178
248182
248188
248192
248196
248197
248201
248202
248206
248207
248209
248213
248218
248219
248220
248223
248224
248225
248235
248237
248240
248244
248257
248258
248260
248262
248264
248273
248275
248277
248278
248279
248282
248285
248287
248288
248289
248290
248292
248294
248301
248306
248309
248321
248324
248328
248333
248336
248343
248345
248347
248349
248353
248355
248356
248362
248368
248369
248370
248372
248377
248378
248379
248382
248385
248388
248391
248394
248399
248408
248421
248422
248423
248425
248426
248428
248430
248431
248432
248438
248439
248443
248444
248447
248454
248456
248459
248462
248463
248465
248471
248473
248476
248478
248482
248485
248486
248489
248490
248492
248494
248500
248503
248504
248506
248513
248530
248535
248537
248542
248550
248553
248558
248563
248571
248580
248583
248585
248590
248591
248597
248599
248601
248610
248615
248616
248617
248619
248627
248632
248634
248646
248647
248651
248652
248660
248666
248669
248670
248673
248675
248680
248697
248706
248707
248720
248721
248726
248728
248733
248740
248742
248743
248753
248763
248764
248774
248780
248783
248787
248789
248794
248798
248800
248808
248809
248811
248813
248816
248817
248819
248820
248821
248827
248833
248836
248838
248840
248842
248845
248852
248853
248863
248866
248868
248879
248880
248885
248887
248889
248892
248896
248898
248900
248905
248907
248908
248909
248910
248917
248920
248921
248924
248933
248934
248935
248939
248940
248942
248943
248944
248945
248946
248949
248952
248954
248956
248957
248959
248960
248961
248966
248969
248976
248979
248980
248982
248983
248988
248989
249003
249007
249015
249017
249033
249038
249044
249059
249063
249065
249070
249075
249082
249094
249095
249097
249100
249108
249115
249117
249119
249126
249130
249132
249138
249141
249144
249146
249151
249153
249156
249169
249176
249177
249178
249184
249186
249197
249199
249204
249207
249212
249224
249226
249233
249234
249241
249243
249246
249251
249259
249265
249274
249279
249280
249281
249296
249298
249299
249314
249318
249323
249326
249331
249335
249336
249337
249341
249344
249345
249349
249351
249352
249360
249362
249363
249365
249366
249367
249374
249379
249380
249382
249391
249392
249396
249398
249402
249403
249408
249410
249416
249419
249422
249423
249424
249425
249439
249443
249445
249452
249454
249455
249456
249458
249461
249462
249464
249469
249470
249472
249474
249479
249484
249485
249488
249491
249492
249502
249512
249514
249521
249536
249538
249539
249550
249551
249555
249563
249567
249579
249582
249584
249586
249592
249608
249609
249613
249616
249624
249625
249636
249642
249644
249646
249658
249659
249663
249665
249666
249676
249677
249682
249685
249687
249688
249690
249693
249694
249698
249700
249703
249711
249716
249719
249720
249723
249729
249730
249732
249733
249734
249736
249748
249754
249757
249763
249772
249776
249777
249780
249785
249786
249787
249790
249791
249794
249805
249809
249818
249825
249828
249830
249838
249841
249842
249843
249847
249850
249852
249857
249870
249873
249875
249876
249878
249879
249880
249881
249882
249884
249886
249888
249889
249890
249892
249894
249895
249904
249909
249910
249913
249915
249920
249928
249932
249940
249944
249945
249946
249949
249952
249956
249958
249962
249965
249968
249969
249974
249975
249980
249983
249984
249985
249986
249988
249989
249991
249994
249995
249998
250003
250006
250009
250010
250012
250013
250016
250017
250019
250022
250023
250026
250029
250036
250040
250041
250045
250053
250059
250060
250062
250071
250073
250074
250083
250085
250091
250098
250100
250117
250119
250120
250121
250132
250138
250140
250142
250148
250156
250159
250163
250169
250180
250182
250197
250200
250204
250212
250213
250222
250230
250231
250233
250236
250248
250252
250262
250264
250265
250267
250269
250271
250280
250286
250295
250298
250303
250312
250314
250316
250320
250323
250326
250328
250330
250332
250333
250334
250335
250347
250351
250353
250357
250362
250366
250377
250387
250388
250391
250394
250396
250400
250404
250405
250407
250411
250413
250434
250445
250446
250447
250448
250452
250454
250460
250465
250467
250473
250479
250482
250483
250499
250503
250512
250517
250518
250519
250523
250524
250525
250532
250536
250539
250544
250546
250547
250555
250571
250593
250598
250602
250603
250609
250614
250616
250620
250631
250636
250638
250647
250649
250664
250666
250677
250682
250684
250687
250691
250702
250703
250704
250705
250709
250712
250713
250715
250721
250724
250732
250733
250735
250736
250738
250739
250740
250741
250743
250744
250745
250750
250754
250757
250763
250766
250770
250772
250775
250777
250778
250783
250784
250786
250800
250801
250802
250804
250812
250813
250814
250819
250820
250822
250828
250829
250831
250835
250836
250840
250842
250847
250848
250851
250858
250859
250868
250874
250877
250878
250880
250887
250888
250890
250893
250898
250911
250914
250923
250935
250941
250942
250946
250951
250957
250958
250965
250971
250973
250977
250984
250985
250986
250988
250994
250996
251001
251002
251003
251005
251008
251010
251011
251013
251014
251023
251024
251034
251036
251039
251040
251042
251052
251054
251060
251061
251062
251069
251073
251077
251082
251085
251086
251087
251092
251093
251096
251097
251100
251109
251111
251117
251121
251122
251124
251126
251128
251135
251137
251139
251145
251150
251164
251166
251168
251171
251174
251175
251176
251190
251201
251204
251209
251212
251219
251220
251221
251223
251224
251233
251235
251236
251237
251238
251239
251240
251241
251243
251257
251268
251275
251278
251286
251288
251289
251296
251301
251302
251312
251313
251325
251326
251328
251333
251337
251340
251347
251354
251361
251364
251366
251374
251384
251387
251388
251390
251395
251401
251402
251405
251407
251408
251413
251416
251419
251427
251433
251434
251438
251444
251447
251450
251452
251455
251456
251458
251464
251465
251473
251474
251477
251478
251485
251488
251491
251492
251496
251497
251506
251514
251535
251539
251544
251545
251549
251555
251560
251561
251567
251578
251580
251582
251584
251585
251587
251593
251595
251597
251601
251614
251615
251617
251622
251625
251634
251635
251638
251640
251654
251656
251663
251666
251667
251672
251673
251678
251681
251683
251685
251686
251693
251694
251699
251704
251714
251718
251721
251722
251724
251726
251733
251742
251747
251749
251750
251754
251759
251765
251767
251773
251782
251783
251788
251793
251800
251807
251808
251811
251812
251813
251820
251822
251825
251828
251830
251834
251835
251837
251841
251846
251852
251854
251859
251862
251863
251867
251868
251872
251874
251878
251879
251880
251881
251886
251889
251893
251898
251902
251905
251906
251912
251913
251914
251918
251919
251923
251927
251928
251935
251936
251939
251942
251947
251954
251960
251967
251971
251974
251979
251994
251999
252000
252003
252005
252006
252017
252021
252041
252043
252047
252049
252050
252057
252059
252060
252063
252065
252066
252067
252070
252080
252081
252085
252086
252091
252093
252099
252100
252102
252104
252107
252111
252115
252120
252122
252124
252131
252133
252137
252139
252141
252146
252158
252161
252163
252167
252168
252170
252183
252192
252196
252198
252201
252203
252207
252208
252212
252213
252214
252221
252226
252229
252235
252237
252240
252243
252246
252260
252261
252263
252271
252272
252273
252275
252276
252279
252287
252291
252294
252296
252302
252303
252306
252308
252309
252310
252319
252320
252323
252326
252330
252332
252333
252336
252339
252349
252352
252355
252357
252370
252376
252382
252385
252387
252390
252391
252393
252394
252396
252397
252398
252404
252408
252413
252421
252423
252427
252429
252430
252432
252435
252442
252451
252453
252454
252456
252461
252469
252483
252485
252488
252494
252495
252499
252500
252506
252509
252510
252511
252524
252528
252532
252534
252535
252540
252551
252554
252556
252561
252567
252569
252574
252581
252590
252601
252613
252617
252618
252621
252627
252628
252629
252639
252641
252660
252664
252665
252666
252669
252678
252691
252692
252695
252703
252707
252720
252722
252723
252727
252734
252735
252741
252742
252743
252744
252745
252749
252762
252764
252771
252775
252776
252781
252783
252785
252786
252791
252795
252796
252797
252798
252803
252804
252805
252806
252810
252812
252818
252821
252826
252833
252840
252852
252857
252859
252862
252874
252883
252888
252890
252893
252898
252903
252906
252907
252908
252909
252910
252913
252916
252918
252924
252928
252936
252938
252951
252952
252954
252955
252957
252964
252965
252968
252977
252983
252986
252996
252997
252999
253004
253008
253009
253014
253015
253016
253020
253033
253037
253038
253041
253044
253045
253054
253055
253060
253061
253064
253074
253077
253084
253087
253089
253093
253097
253111
253114
253115
253120
253123
253125
253134
253137
253142
253150
253152
253153
253170
253173
253181
253191
253192
253193
253195
253198
253202
253214
253219
253221
253222
253223
253229
253231
253237
253239
253240
253244
253245
253248
253250
253255
253268
253272
253274
253279
253284
253291
253292
253293
253295
253296
253299
253300
253306
253310
253319
253320
253326
253332
253338
253340
253341
253345
253352
253371
253373
253374
253375
253377
253379
253380
253386
253389
253396
253399
253402
253407
253414
253423
253425
253426
253434
253437
253438
253439
253440
253444
253446
253449
253452
253455
253468
253469
253470
253473
253475
253478
253480
253489
253491
253493
253495
253496
253498
253502
253509
253510
253523
253526
253527
253534
253537
253545
253560
253561
253568
253569
253571
253573
253574
253577
253578
253591
253602
253603
253604
253608
253615
253617
253618
253621
253622
253627
253629
253631
253633
253635
253637
253640
253643
253645
253649
253654
253655
253668
253674
253685
253688
253693
253694
253705
253706
253707
253708
253710
253723
253726
253728
253729
253744
253752
253754
253768
253769
253771
253774
253776
253779
253781
253787
253789
253791
253795
253805
253807
253810
253813
253816
253823
253824
253827
253836
253840
253845
253849
253855
253856
253859
253865
253868
253876
253877
253879
253881
253882
253885
253887
253888
253889
253896
253899
253901
253904
253920
253922
253924
253934
253935
253936
253939
253940
253941
253951
253952
253953
253963
253967
253969
253977
253978
253979
253980
253981
253992
253996
254000
254003
254004
254006
254021
254024
254031
254034
254036
254037
254044
254045
254046
254050
254054
254058
254059
254064
254065
254066
254067
254068
254070
254071
254074
254090
254102
254105
254108
254111
254112
254113
254115
254116
254119
254120
254121
254122
254123
254128
254130
254138
254140
254145
254153
254156
254162
254170
254172
254173
254177
254179
254185
254191
254202
254209
254210
254215
254219
254221
254223
254226
254227
254228
254229
254236
254237
254239
254245
254246
254251
254256
254257
254259
254264
254268
254272
254274
254281
254284
254289
254290
254295
254297
254298
254304
254307
254311
254312
254334
254335
254339
254351
254353
254356
254358
254360
254363
254366
254376
254381
254384
254394
254395
254400
254408
254417
254418
254420
254421
254424
254434
254438
254443
254449
254456
254458
254459
254460
254462
254473
254475
254480
254481
254482
254487
254488
254496
254501
254503
254506
254510
254512
254520
254524
254528
254530
254542
254544
254546
254548
254553
254555
254558
254567
254568
254576
254586
254590
254592
254609
254613
254615
254616
254618
254619
254622
254626
254627
254635
254637
254642
254646
254647
254658
254667
254672
254677
254687
254688
254689
254697
254706
254707
254708
254710
254720
254721
254724
254725
254727
254731
254743
254745
254750
254752
254755
254758
254759
254760
254764
254765
254766
254768
254772
254781
254786
254788
254792
254795
254798
254802
254814
254824
254826
254827
254830
254838
254844
254848
254852
254856
254859
254877
254880
254881
254887
254888
254891
254892
254894
254902
254904
254909
254912
254916
254920
254922
254927
254929
254931
254933
254938
254939
254940
254944
254946
254954
254955
254956
254958
254964
254968
254970
254975
254979
254980
254982
254984
254988
254991
254995
255008
255014
255020
255024
255038
255040
255041
255047
255051
255056
255057
255062
255067
255070
255071
255075
255076
255079
255084
255086
255087
255088
255090
255096
255099
255100
255109
255120
255121
255124
255129
255132
255134
255135
255136
255137
255138
255142
255147
255148
255153
255155
255158
255161
255163
255165
255171
255176
255181
255182
255189
255204
255207
255210
255215
255216
255219
255220
255221
255225
255227
255229
255236
255243
255248
255251
255254
255255
255257
255263
255264
255268
255272
255274
255275
255278
255281
255292
255296
255297
255298
255306
255308
255311
255313
255317
255324
255325
255335
255349
255352
255357
255358
255370
255375
255382
255386
255389
255390
255404
255408
255409
255416
255420
255421
255428
255429
255433
255434
255440
255444
255449
255453
255455
255472
255479
255483
255484
255487
255497
255498
255499
255500
255507
255508
255510
255514
255521
255528
255531
255534
255540
255544
255546
255547
255552
255558
255559
255563
255565
255566
255574
255576
255579
255582
255584
255586
255587
255588
255592
255593
255596
255597
255599
255607
255616
255618
255632
255639
255641
255645
255646
255647
255661
255663
255664
255665
255666
255668
255669
255676
255677
255678
255682
255694
255715
255730
255731
255734
255741
255745
255746
255747
255749
255752
255753
255762
255764
255769
255770
255774
255776
255777
255778
255779
255780
255784
255792
255800
255813
255825
255832
255835
255836
255839
255845
255847
255851
255854
255858
255862
255872
255875
255888
255891
255906
255907
255909
255911
255912
255913
255916
255918
255919
255923
255924
255927
255932
255935
255945
255950
255952
255953
255955
255957
255961
255962
255963
255966
255969
255971
255972
255977
255983
255984
255988
255992
255993
255994
255996
255997
255998
256000
256003
256008
256009
256013
256014
256016
256018
256025
256026
256028
256029
256035
256040
256044
256054
256075
256076
256084
256088
256090
256094
256095
256112
256114
256115
256120
256121
256123
256128
256129
256131
256133
256138
256140
256143
256147
256151
256153
256155
256156
256157
256160
256166
256170
256174
256178
256180
256194
256196
256203
256218
256219
256221
256223
256226
256233
256234
256244
256264
256265
256268
256269
256272
256273
256274
256280
256283
256286
256287
256289
256290
256303
256304
256305
256308
256314
256319
256320
256321
256329
256331
256347
256348
256355
256357
256364
256368
256369
256371
256372
256378
256381
256389
256391
256394
256397
256399
256402
256404
256406
256411
256412
256422
256427
256428
256430
256431
256433
256436
256438
256440
256448
256450
256463
256466
256468
256471
256474
256479
256480
256483
256488
256491
256497
256498
256499
256500
256508
256509
256511
256514
256523
256524
256525
256526
256533
256534
256535
256545
256550
256555
256558
256561
256564
256572
256573
256578
256579
256580
256591
256604
256609
256613
256616
256617
256621
256624
256627
256630
256636
256637
256640
256648
256658
256660
256664
256665
256669
256670
256679
256690
256695
256696
256699
256701
256702
256703
256708
256712
256713
256726
256729
256731
256746
256752
256756
256757
256766
256769
256784
256785
256792
256797
256798
256802
256808
256816
256820
256839
256841
256846
256852
256853
256855
256858
256863
256865
256871
256875
256876
256878
256879
256884
256885
256894
256902
256905
256908
256911
256912
256913
256916
256917
256930
256934
256938
256940
256941
256944
256946
256947
256949
256950
256951
256955
256956
256958
256962
256979
256980
256982
256992
256994
256999
257000
257001
257002
257006
257017
257022
257024
257026
257030
257032
257040
257042
257043
257047
257058
257062
257068
257072
257075
257077
257078
257081
257085
257089
257092
257094
257095
257097
257098
257099
257100
257102
257103
257104
257106
257108
257116
257118
257127
257129
257133
257138
257142
257145
257157
257163
257164
257166
257167
257172
257178
257180
257181
257183
257186
257189
257190
257191
257195
257198
257206
257207
257208
257213
257215
257217
257221
257222
257229
257231
257237
257238
257239
257240
257248
257257
257259
257262
257263
257265
257278
257286
257289
257295
257297
257303
257304
257306
257308
257311
257323
257325
257327
257330
257331
257336
257337
257342
257344
257345
257350
257351
257360
257361
257367
257372
257374
257377
257380
257383
257384
257387
257394
257395
257397
257398
257401
257403
257404
257408
257411
257419
257423
257424
257426
257429
257431
257439
257443
257444
257447
257448
257459
257461
257462
257465
257469
257471
257474
257477
257479
257480
257481
257485
257487
257492
257498
257506
257514
257526
257530
257532
257533
257537
257549
257550
257558
257569
257572
257575
257576
257585
257587
257589
257596
257598
257600
257601
257604
257625
257626
257627
257628
257629
257631
257632
257633
257634
257638
257647
257648
257655
257656
257658
257659
257663
257669
257672
257673
257676
257685
257692
257697
257704
257709
257713
257718
257723
257726
257727
257728
257732
257734
257740
257741
257743
257749
257750
257752
257762
257764
257765
257769
257773
257775
257779
257783
257784
257788
257789
257790
257796
257800
257802
257803
257804
257805
257809
257812
257816
257827
257829
257831
257832
257835
257837
257849
257852
257854
257855
257856
257863
257873
257876
257882
257890
257895
257896
257899
257912
257913
257917
257918
257919
257927
257928
257941
257947
257949
257954
257958
257960
257963
257964
257967
257969
257973
257979
257980
257983
257989
257990
257991
257994
257999
258017
258021
258024
258026
258028
258030
258047
258048
258049
258051
258053
258058
258063
258068
258069
258070
258081
258082
258086
258094
258095
258102
258113
258123
258128
258129
258131
258133
258144
258146
258151
258154
258164
258170
258171
258179
258182
258183
258184
258188
258196
258197
258199
258202
258209
258211
258213
258214
258218
258220
258232
258246
258253
258254
258255
258264
258265
258266
258269
258271
258277
258279
258284
258288
258289
258291
258292
258298
258305
258310
258312
258315
258316
258321
258322
258328
258336
258339
258341
258345
258349
258356
258359
258365
258366
258370
258371
258375
258381
258382
258388
258389
258390
258391
258395
258396
258397
258404
258409
258414
258415
258418
258422
258427
258432
258441
258443
258444
258446
258449
258455
258459
258461
258463
258466
258467
258469
258471
258472
258476
258478
258479
258480
258484
258486
258489
258498
258499
258500
258504
258509
258513
258514
258516
258522
258526
258527
258532
258533
258535
258538
258547
258552
258553
258557
258558
258562
258565
258570
258579
258581
258592
258593
258594
258604
258607
258608
258627
258639
258643
258650
258655
258658
258663
258671
258674
258675
258678
258682
258684
258687
258689
258691
258692
258693
258696
258698
258707
258710
258715
258717
258718
258726
258727
258729
258732
258734
258738
258744
258752
258753
258759
258765
258766
258772
258777
258778
258784
258788
258793
258797
258799
258800
258801
258806
258812
258823
258832
258833
258839
258844
258846
258847
258852
258854
258856
258863
258866
258868
258871
258884
258888
258890
258891
258893
258894
258897
258899
258903
258906
258909
258911
258912
258916
258921
258930
258931
258942
258949
258951
258952
258957
258959
258961
258963
258977
258979
258986
258993
259000
259004
259005
259008
259009
259016
259020
259023
259030
259035
259037
259043
259044
259047
259050
259052
259054
259057
259058
259059
259066
259074
259076
259082
259086
259090
259093
259103
259104
259106
259109
259111
259114
259119
259123
259124
259126
259129
259134
259137
259138
259149
259153
259158
259161
259162
259166
259170
259172
259173
259174
259179
259182
259184
259190
259191
259192
259194
259195
259196
259205
259215
259217
259220
259221
259227
259228
259231
259235
259237
259245
259247
259250
259251
259254
259255
259256
259257
259266
259267
259268
259272
259277
259278
259279
259293
259301
259315
259320
259325
259329
259332
259335
259340
259344
259347
259358
259360
259372
259373
259375
259389
259390
259391
259395
259409
259411
259413
259421
259426
259427
259435
259440
259446
259447
259457
259459
259462
259463
259467
259468
259469
259472
259475
259485
259486
259487
259488
259493
259495
259496
259498
259504
259506
259507
259509
259510
259518
259526
259528
259534
259535
259536
259544
259551
259564
259576
259579
259590
259593
259598
259603
259607
259612
259616
259619
259623
259628
259632
259648
259651
259660
259663
259664
259666
259669
259672
259673
259674
259678
259679
259680
259681
259682
259685
259686
259690
259691
259694
259696
259699
259700
259709
259710
259712
259713
259716
259719
259723
259733
259736
259737
259748
259749
259751
259755
259760
259761
259768
259770
259772
259773
259788
259791
259792
259809
259817
259818
259820
259821
259823
259824
259825
259829
259832
259841
259844
259846
259848
259862
259868
259876
259877
259880
259890
259891
259892
259896
259900
259905
259911
259912
259914
259920
259923
259926
259927
259929
259932
259934
259935
259939
259942
259943
259947
259949
259950
259951
259960
259961
259964
259977
259993
259995
259996
259999
260007
260009
260010
260011
260016
260019
260024
260026
260029
260033
260035
260038
260041
260045
260049
260051
260052
260053
260060
260061
260063
260064
260065
260066
260077
260091
260113
260115
260119
260123
260124
260127
260137
260138
260139
260143
260146
260150
260151
260152
260153
260157
260160
260163
260169
260171
260175
260177
260178
260179
260194
260204
260208
260212
260219
260222
260223
260224
260226
260230
260231
260232
260236
260238
260240
260245
260247
260249
260254
260256
260258
260259
260262
260263
260264
260266
260268
260271
260275
260276
260278
260283
260284
260290
260292
260304
260307
260308
260312
260314
260317
260325
260329
260331
260332
260339
260342
260345
260347
260357
260359
260362
260375
260380
260381
260388
260389
260390
260392
260393
260396
260398
260401
260404
260405
260414
260423
260427
260428
260429
260430
260454
260456
260461
260466
260467
260468
260475
260477
260484
260485
260486
260491
260494
260495
260500
260504
260507
260508
260510
260516
260519
260521
260524
260525
260527
260535
260541
260542
260545
260547
260559
260560
260572
260589
260590
260591
260592
260594
260597
260599
260600
260604
260610
260618
260624
260625
260630
260636
260637
260640
260641
260646
260658
260672
260673
260680
260682
260686
260687
260689
260695
260697
260702
260706
260714
260716
260717
260724
260731
260740
260741
260744
260749
260755
260756
260765
260766
260767
260773
260793
260806
260807
260813
260822
260831
260835
260841
260842
260845
260852
260855
260856
260859
260862
260867
260892
260893
260894
260899
260900
260904
260912
260920
260926
260928
260931
260938
260941
260942
260943
260947
260948
260949
260951
260957
260958
260959
260964
260966
260968
260972
260993
260996
260999
261000
261004
261005
261007
261008
261009
261018
261020
261021
261023
261026
261027
261031
261034
261041
261042
261056
261062
261063
261064
261069
261073
261078
261084
261085
261095
261099
261101
261103
261104
261105
261109
261111
261115
261118
261122
261124
261126
261130
261146
261147
261150
261151
261153
261156
261162
261166
261175
261177
261178
261182
261185
261189
261200
261202
261210
261215
261234
261240
261245
261247
261251
261257
261264
261271
261273
261285
261288
261289
261292
261295
261297
261298
261300
261302
261305
261311
261312
261315
261318
261329
261330
261334
261335
261338
261344
261353
261366
261374
261383
261390
261402
261403
261404
261405
261414
261426
261429
261430
261431
261432
261434
261435
261436
261439
261443
261446
261447
261453
261462
261467
261468
261472
261476
261481
261483
261486
261492
261493
261495
261496
261498
261499
261501
261509
261514
261515
261523
261525
261529
261530
261532
261534
261541
261545
261553
261560
261562
261565
261567
261569
261571
261573
261581
261584
261589
261591
261595
261604
261606
261613
261618
261619
261621
261630
261632
261636
261638
261639
261642
261644
261653
261658
261665
261669
261673
261677
261685
261688
261690
261691
261693
261710
261726
261728
261730
261733
261734
261735
261736
261740
261746
261748
261750
261751
261757
261764
261777
261778
261784
261785
261790
261793
261799
261805
261808
261814
261816
261818
261824
261836
261838
261839
261840
261847
261851
261853
261861
261864
261865
261867
261873
261874
261876
261883
261886
261890
261891
261895
261899
261907
261914
261915
261917
261919
261920
261921
261922
261923
261925
261926
261929
261930
261931
261932
261933
261939
261942
261944
261948
261949
261952
261955
261957
261961
261964
261970
261977
261978
261979
261984
261985
261986
261989
261998
262000
262010
262015
262016
262025
262026
262028
262039
262043
262044
262045
262047
262054
262055
262056
262058
262062
262064
262069
262071
262073
262077
262078
262085
262097
262101
262104
262113
262117
262127
262129
262136
262140
262141
262142
262144
262149
262153
262164
262165
262168
262172
262183
262184
262185
262192
262196
262197
262200
262201
262202
262204
262208
262209
262210
262214
262231
262232
262244
262248
262254
262256
262257
262258
262260
262261
262262
262265
262272
262274
262280
262281
262287
262302
262310
262313
262314
262317
262323
262332
262334
262336
262340
262350
262355
262358
262370
262372
262373
262375
262376
262380
262385
262386
262388
262391
262393
262394
262396
262399
262400
262404
262406
262408
262409
262411
262418
262419
262423
262424
262431
262433
262434
262442
262443
262447
262450
262451
262455
262457
262458
262459
262463
262466
262470
262476
262478
262483
262484
262485
262486
262488
262502
262510
262513
262517
262522
262526
262528
262535
262537
262550
262558
262559
262561
262563
262570
262574
262580
262582
262584
262589
262590
262594
262595
262606
262608
262619
262620
262622
262634
262644
262647
262649
262652
262655
262659
262661
262662
262664
262667
262668
262670
262678
262681
262691
262693
262694
262705
262708
262712
262714
262716
262718
262720
262725
262732
262734
262740
262742
262744
262757
262758
262759
262762
262766
262776
262789
262790
262793
262794
262798
262799
262800
262806
262810
262811
262814
262816
262821
262830
262831
262838
262857
262858
262860
262864
262866
262867
262869
262875
262882
262884
262886
262891
262893
262900
262904
262907
262916
262922
262930
262931
262943
262944
262947
262949
262951
262957
262960
262961
262963
262975
262979
262980
262983
262989
262993
262994
263017
263020
263028
263033
263034
263037
263040
263043
263044
263050
263061
263062
263069
263070
263077
263080
263082
263084
263087
263088
263091
263092
263097
263098
263099
263106
263107
263118
263119
263121
263125
263127
263140
263141
263144
263147
263153
263163
263172
263173
263177
263184
263185
263186
263187
263189
263191
263194
263196
263202
263208
263211
263212
263213
263214
263217
263224
263226
263228
263230
263231
263234
263235
263237
263243
263245
263248
263251
263253
263254
263257
263260
263268
263270
263271
263273
263280
263283
263285
263292
263293
263296
263298
263299
263301
263302
263305
263307
263308
263311
263312
263322
263329
263333
263340
263343
263345
263347
263351
263352
263357
263360
263362
263363
263364
263367
263370
263371
263376
263379
263382
263383
263389
263390
263392
263393
263398
263403
263405
263407
263410
263415
263420
263422
263428
263432
263440
263441
263442
263449
263453
263455
263463
263465
263468
263471
263482
263493
263494
263500
263501
263514
263516
263519
263520
263527
263529
263535
263536
263537
263539
263547
263550
263551
263554
263564
263573
263574
263581
263588
263592
263595
263600
263604
263606
263608
263610
263628
263631
263638
263643
263645
263646
263653
263660
263666
263667
263674
263678
263684
263685
263687
263688
263693
263697
263700
263711
263716
263732
263736
263738
263749
263758
263760
263768
263776
263780
263786
263788
263789
263793
263796
263801
263804
263805
263806
263807
263814
263818
263819
263824
263829
263832
263834
263841
263842
263844
263845
263850
263858
263867
263871
263875
263876
263880
263882
263883
263889
263892
263893
263894
263903
263905
263906
263907
263912
263913
263915
263916
263917
263920
263922
263936
263937
263938
263939
263944
263949
263950
263951
263956
263958
263959
263960
263967
263968
263969
263970
263971
263976
263983
263986
263990
263994
263995
264011
264013
264015
264020
264021
264023
264034
264037
264041
264057
264059
264061
264063
264064
264084
264087
264091
264095
264101
264106
264107
264108
264118
264120
264121
264124
264125
264126
264127
264131
264136
264139
264144
264145
264149
264151
264156
264158
264160
264161
264162
264164
264166
264172
264173
264176
264182
264185
264186
264188
264189
264198
264205
264206
264213
264214
264217
264220
264223
264224
264230
264233
264236
264238
264240
264243
264247
264249
264250
264251
264259
264276
264286
264295
264298
264300
264306
264308
264320
264330
264331
264333
264335
264343
264344
264345
264350
264352
264354
264355
264367
264370
264375
264379
264392
264395
264399
264400
264405
264407
264409
264412
264414
264420
264421
264423
264426
264429
264435
264436
264442
264443
264445
264448
264452
264462
264463
264469
264471
264473
264475
264476
264480
264493
264508
264509
264519
264525
264528
264531
264539
264540
264547
264551
264557
264559
264560
264569
264572
264573
264574
264576
264577
264590
264591
264598
264601
264604
264605
264620
264622
264623
264631
264636
264641
264649
264657
264661
264671
264678
264680
264683
264693
264695
264698
264705
264706
264707
264710
264713
264717
264728
264731
264734
264755
264759
264760
264761
264768
264771
264773
264777
264778
264779
264796
264798
264801
264805
264807
264809
264810
264818
264825
264826
264830
264831
264839
264847
264860
264861
264863
264864
264878
264880
264881
264884
264889
264899
264906
264909
264912
264915
264918
264919
264926
264929
264936
264939
264949
264951
264952
264956
264971
264974
264978
264979
264989
264993
264995
264998
265000
265009
265013
265018
265020
265021
265026
265036
265038
265042
265046
265048
265054
265058
265060
265061
265063
265067
265074
265077
265086
265093
265094
265098
265102
265103
265104
265105
265109
265110
265113
265114
265115
265119
265121
265125
265142
265143
265148
265149
265152
265153
265168
265170
265174
265177
265179
265183
265187
265194
265199
265206
265207
265210
265212
265216
265225
265229
265232
265235
265239
265242
265245
265248
265253
265256
265259
265262
265264
265265
265267
265269
265270
265271
265276
265280
265281
265282
265286
265288
265300
265304
265305
265306
265310
265314
265315
265318
265323
265328
265334
265336
265343
265350
265352
265363
265367
265368
265370
265377
265382
265384
265388
265398
265399
265400
265403
265411
265414
265415
265416
265420
265421
265425
265426
265427
265428
265429
265437
265444
265445
265447
265453
265459
265465
265466
265467
265472
265473
265474
265480
265500
265510
265512
265513
265518
265520
265522
265523
265527
265533
265535
265536
265541
265542
265549
265552
265562
265574
265579
265581
265582
265586
265587
265589
265593
265594
265598
265600
265609
265610
265625
265632
265636
265644
265645
265648
265651
265654
265658
265665
265666
265668
265673
265679
265682
265685
265700
265701
265706
265707
265720
265722
265724
265728
265730
265731
265734
265745
265754
265757
265759
265762
265763
265765
265766
265775
265776
265781
265783
265791
265792
265793
265798
265803
265804
265811
265818
265820
265821
265828
265830
265833
265837
265838
265843
265845
265847
265848
265849
265852
265858
265860
265861
265865
265866
265867
265870
265873
265875
265876
265878
265881
265883
265888
265889
265906
265907
265909
265917
265919
265922
265927
265928
265933
265934
265943
265946
265947
265948
265950
265953
265956
265957
265958
265960
265961
265966
265967
265969
265974
265979
265981
265985
265986
265990
265996
266003
266006
266009
266011
266014
266023
266026
266028
266030
266032
266036
266045
266046
266051
266057
266059
266060
266068
266069
266071
266073
266075
266079
266081
266085
266094
266097
266103
266107
266108
266112
266114
266115
266120
266121
266122
266125
266127
266128
266130
266138
266140
266147
266148
266149
266150
266152
266158
266161
266169
266170
266171
266175
266183
266195
266196
266200
266205
266207
266208
266211
266219
266227
266238
266242
266245
266248
266265
266269
266272
266281
266293
266295
266298
266299
266300
266308
266311
266313
266314
266317
266321
266325
266329
266340
266341
266343
266350
266362
266365
266368
266371
266377
266382
266385
266386
266391
266396
266397
266402
266403
266406
266413
266419
266421
266424
266426
266429
266433
266435
266442
266444
266449
266451
266452
266454
266455
266457
266464
266467
266468
266472
266474
266477
266479
266484
266485
266491
266494
266495
266497
266500
266501
266504
266512
266515
266516
266518
266519
266525
266526
266528
266534
266540
266543
266546
266556
266558
266560
266569
266579
266581
266590
266594
266596
266608
266611
266616
266621
266636
266637
266639
266645
266648
266651
266659
266660
266664
266675
266683
266688
266689
266692
266694
266696
266703
266704
266707
266713
266714
266715
266717
266720
266723
266725
266729
266732
266733
266734
266739
266740
266743
266744
266752
266753
266762
266764
266770
266773
266776
266781
266786
266789
266793
266795
266797
266801
266805
266809
266819
266822
266825
266828
266830
266834
266835
266838
266840
266842
266845
266846
266847
266849
266864
266868
266876
266878
266885
266891
266893
266896
266900
266902
266908
266915
266920
266924
266926
266935
266938
266939
266940
266945
266956
266958
266965
266968
266971
266978
266985
266990
266992
266993
267000
267002
267008
267011
267018
267027
267028
267032
267037
267040
267048
267057
267058
267065
267072
267075
267080
267088
267090
267092
267093
267099
267101
267112
267115
267122
267128
267129
267135
267136
267138
267142
267149
267152
267161
267162
267172
267173
267181
267186
267190
267191
267199
267207
267209
267213
267219
267221
267224
267227
267228
267235
267236
267237
267250
267255
267261
267268
267281
267285
267286
267298
267300
267307
267314
267315
267317
267325
267329
267332
267335
267337
267347
267349
267352
267353
267355
267358
267361
267362
267376
267378
267380
267384
267386
267387
267389
267390
267397
267409
267417
267422
267426
267431
267434
267435
267440
267441
267457
267458
267459
267462
267465
267471
267474
267481
267487
267489
267491
267494
267496
267499
267505
267507
267515
267516
267517
267523
267526
267527
267531
267533
267534
267540
267549
267550
267559
267562
267569
267578
267582
267583
267589
267600
267602
267605
267607
267609
267611
267614
267615
267619
267623
267635
267640
267647
267653
267656
267660
267662
267663
267665
267666
267669
267672
267674
267677
267681
267687
267690
267693
267696
267706
267715
267716
267720
267724
267726
267728
267731
267732
267738
267739
267741
267743
267745
267749
267752
267765
267767
267768
267770
267776
267781
267785
267793
267795
267796
267798
267804
267808
267809
267810
267812
267817
267819
267828
267839
267840
267843
267848
267851
267856
267857
267858
267860
267861
267862
267863
267870
267872
267873
267878
267880
267881
267883
267890
267910
267912
267917
267918
267924
267925
267928
267929
267930
267934
267935
267936
267938
267939
267942
267953
267963
267970
267972
267973
267974
267975
267981
267983
267984
267985
267989
267993
267997
267999
268001
268002
268003
268005
268007
268014
268017
268020
268021
268023
268024
268027
268031
268034
268036
268039
268041
268042
268043
268052
268053
268056
268062
268070
268073
268080
268081
268082
268083
268087
268088
268098
268099
268100
268110
268112
268116
268128
268129
268132
268133
268135
268138
268139
268140
268141
268142
268143
268144
268147
268150
268151
268160
268170
268175
268180
268181
268183
268195
268201
268202
268204
268213
268216
268217
268218
268224
268226
268229
268235
268237
268239
268241
268243
268246
268253
268255
268260
268263
268266
268267
268269
268272
268278
268280
268282
268285
268288
268289
268291
268292
268296
268297
268299
268300
268301
268302
268314
268315
268323
268324
268329
268333
268338
268354
268359
268360
268369
268373
268374
268377
268381
268383
268391
268405
268409
268414
268419
268427
268429
268431
268432
268434
268436
268444
268448
268450
268454
268469
268470
268472
268482
268483
268488
268493
268496
268505
268506
268511
268513
268529
268542
268543
268551
268554
268557
268563
268564
268571
268572
268584
268587
268588
268589
268598
268611
268613
268617
268621
268628
268629
268630
268631
268632
268633
268636
268638
268648
268655
268665
268666
268668
268674
268682
268685
268686
268693
268694
268696
268697
268699
268701
268702
268711
268713
268714
268715
268723
268725
268728
268729
268731
268732
268737
268740
268741
268746
268749
268750
268756
268757
268761
268765
268766
268772
268774
268775
268776
268777
268779
268780
268781
268783
268787
268797
268799
268800
268813
268815
268820
268821
268829
268836
268846
268850
268852
268854
268861
268862
268863
268870
268871
268875
268878
268885
268888
268892
268897
268902
268905
268910
268914
268918
268934
268936
268938
268941
268946
268948
268949
268955
268957
268960
268966
268983
268990
268994
268997
269004
269005
269008
269016
269017
269020
269025
269031
269035
269052
269056
269057
269065
269071
269076
269078
269079
269080
269083
269084
269088
269089
269098
269100
269102
269107
269110
269114
269118
269127
269129
269136
269137
269138
269144
269146
269150
269155
269158
269161
269164
269165
269166
269177
269181
269182
269183
269186
269192
269200
269203
269210
269214
269215
269216
269220
269221
269222
269226
269227
269228
269229
269231
269238
269240
269246
269247
269254
269255
269256
269272
269274
269284
269292
269297
269305
269308
269309
269312
269318
269320
269322
269324
269348
269351
269356
269366
269375
269376
269377
269381
269390
269396
269400
269402
269403
269414
269416
269428
269430
269431
269434
269438
269439
269443
269445
269448
269455
269457
269458
269460
269466
269467
269469
269488
269493
269495
269499
269501
269504
269513
269515
269522
269524
269534
269535
269542
269543
269545
269548
269549
269555
269556
269562
269565
269566
269569
269579
269582
269586
269588
269589
269591
269594
269602
269608
269609
269615
269618
269619
269620
269621
269623
269625
269626
269627
269642
269646
269648
269651
269653
269659
269663
269675
269679
269684
269686
269693
269701
269703
269704
269710
269712
269714
269716
269720
269725
269734
269735
269741
269742
269745
269767
269771
269790
269794
269796
269798
269818
269820
269823
269827
269834
269835
269837
269841
269842
269844
269848
269852
269853
269855
269863
269864
269868
269870
269873
269875
269879
269882
269886
269887
269889
269891
269892
269902
269911
269915
269926
269929
269930
269934
269943
269944
269951
269953
269954
269955
269957
269959
269962
269963
269966
269969
269972
269973
269977
269986
269991
269992
269994
269997
270000
270002
270013
270014
270019
270021
270026
270027
270028
270030
270034
270035
270040
270044
270059
270061
270064
270066
270067
270075
270077
270083
270094
270098
270104
270106
270114
270116
270120
270123
270134
270136
270139
270141
270149
270152
270155
270156
270164
270165
270171
270172
270179
270187
270188
270195
270201
270205
270209
270211
270214
270216
270218
270219
270229
270236
270238
270241
270245
270249
270255
270265
270273
270274
270282
270285
270293
270302
270305
270306
270307
270313
270320
270322
270326
270329
270330
270331
270335
270341
270343
270356
270358
270361
270362
270365
270372
270382
270383
270384
270385
270386
270388
270393
270401
270409
270412
270414
270417
270421
270432
270434
270440
270441
270446
270447
270448
270454
270461
270462
270471
270474
270475
270476
270482
270484
270485
270495
270496
270497
270504
270505
270508
270510
270518
270529
270533
270537
270541
270555
270565
270569
270574
270576
270577
270582
270593
270599
270605
270608
270609
270610
270614
270615
270627
270634
270639
270640
270643
270645
270647
270650
270653
270671
270674
270675
270676
270679
270686
270688
270690
270693
270696
270697
270700
270704
270706
270709
270710
270711
270712
270713
270715
270716
270718
270724
270727
270734
270740
270749
270766
270769
270777
270784
270787
270789
270791
270792
270794
270795
270796
270798
270802
270805
270808
270811
270825
270827
270835
270838
270839
270840
270844
270850
270852
270861
270868
270875
270880
270882
270886
270901
270904
270913
270918
270923
270930
270931
270933
270941
270943
270948
270952
270958
270960
270961
270967
270970
270979
270987
270988
270990
270991
270997
271000
271004
271006
271023
271030
271040
271042
271046
271054
271055
271060
271063
271066
271068
271069
271072
271075
271078
271080
271087
271092
271093
271096
271099
271100
271116
271121
271125
271127
271137
271138
271145
271150
271151
271156
271158
271167
271168
271170
271173
271184
271186
271191
271193
271196
271198
271202
271210
271211
271215
271217
271221
271222
271233
271239
271240
271245
271257
271262
271266
271267
271270
271273
271279
271281
271298
271302
271303
271305
271307
271310
271319
271333
271334
271335
271336
271342
271350
271358
271361
271362
271363
271369
271376
271377
271379
271399
271401
271403
271406
271409
271412
271413
271426
271427
271428
271434
271436
271438
271441
271446
271447
271449
271451
271452
271455
271460
271470
271474
271478
271479
271480
271484
271488
271492
271507
271512
271513
271518
271519
271521
271522
271525
271527
271540
271557
271559
271561
271574
271577
271578
271585
271598
271602
271605
271609
271613
271614
271622
271632
271634
271644
271649
271656
271657
271661
271666
271670
271681
271686
271688
271690
271692
271693
271695
271697
271699
271708
271715
271722
271723
271726
271729
271735
271745
271754
271756
271759
271763
271766
271768
271770
271771
271774
271787
271798
271806
271807
271811
271814
271815
271822
271823
271825
271826
271827
271830
271837
271844
271853
271855
271857
271859
271862
271871
271873
271877
271880
271881
271885
271890
271892
271895
271905
271907
271908
271913
271921
271925
271926
271935
271938
271939
271945
271946
271947
271949
271972
271975
271979
271981
271986
271992
271998
271999
272005
272007
272010
272011
272013
272015
272016
272017
272021
272025
272035
272038
272041
272043
272045
272047
272048
272049
272050
272051
272053
272055
272059
272067
272071
272076
272081
272086
272088
272096
272098
272101
272103
272116
272130
272131
272133
272136
272137
272140
272143
272147
272148
272152
272157
272159
272174
272176
272180
272182
272184
272185
272189
272195
272199
272230
272235
272240
272250
272259
272264
272266
272267
272272
272274
272276
272279
272280
272283
272285
272290
272294
272295
272296
272297
272298
272302
272304
272310
272312
272313
272316
272319
272320
272322
272328
272334
272337
272338
272339
272350
272358
272359
272364
272369
272375
272391
272393
272395
272403
272415
272416
272429
272430
272433
272437
272438
272442
272447
272449
272451
272454
272455
272459
272462
272466
272468
272471
272472
272475
272478
272486
272489
272492
272499
272503
272504
272506
272507
272510
272513
272518
272526
272529
272530
272531
272534
272536
272538
272544
272547
272556
272563
272576
272577
272584
272586
272587
272588
272589
272590
272593
272597
272602
272604
272605
272614
272623
272626
272629
272636
272641
272645
272650
272655
272658
272663
272668
272670
272673
272681
272688
272694
272702
272703
272713
272714
272716
272717
272719
272724
272727
272735
272739
272741
272743
272745
272747
272753
272763
272764
272767
272777
272779
272780
272784
272787
272791
272794
272801
272803
272805
272808
272827
272832
272839
272843
272854
272856
272865
272871
272874
272876
272884
272892
272896
272899
272906
272913
272919
272921
272929
272932
272934
272936
272941
272942
272947
272949
272953
272954
272955
272957
272962
272964
272965
272968
272969
272970
272976
272977
272978
272984
272990
272991
272992
272993
273000
273002
273003
273004
273005
273006
273007
273008
273012
273015
273019
273025
273034
273035
273039
273040
273042
273050
273054
273063
273068
273077
273082
273086
273087
273089
273090
273094
273098
273100
273104
273107
273109
273110
273115
273120
273122
273129
273135
273136
273144
273149
273150
273151
273153
273156
273157
273159
273164
273168
273173
273175
273180
273182
273183
273184
273187
273189
273190
273192
273201
273202
273208
273213
273214
273219
273224
273226
273240
273248
273254
273256
273261
273262
273263
273264
273267
273277
273279
273285
273289
273294
273300
273308
273309
273311
273319
273330
273333
273337
273348
273349
273353
273365
273371
273373
273378
273386
273389
273390
273397
273401
273403
273416
273420
273424
273435
273438
273451
273454
273455
273465
273479
273503
273506
273509
273512
273514
273522
273523
273526
273533
273536
273539
273542
273545
273546
273549
273554
273557
273561
273562
273566
273575
273577
273582
273583
273601
273608
273609
273613
273616
273624
273627
273628
273635
273636
273638
273639
273643
273644
273646
273647
273650
273656
273660
273665
273666
273669
273670
273675
273680
273681
273686
273689
273693
273696
273700
273701
273713
273723
273727
273738
273757
273758
273760
273761
273768
273769
273779
273780
273786
273788
273789
273793
273794
273797
273801
273804
273811
273818
273819
273829
273835
273836
273838
273840
273844
273853
273854
273859
273860
273869
273873
273875
273880
273885
273889
273896
273902
273908
273909
273912
273913
273915
273918
273930
273936
273938
273941
273946
273948
273950
273961
273966
273970
273972
273977
273978
273979
273983
273985
273986
273988
274004
274005
274008
274011
274013
274017
274024
274025
274027
274028
274034
274035
274036
274051
274052
274054
274055
274056
274061
274063
274064
274065
274070
274079
274081
274085
274087
274088
274093
274108
274117
274118
274122
274124
274125
274127
274136
274141
274142
274143
274158
274161
274166
274175
274178
274187
274189
274191
274192
274199
274201
274204
274205
274207
274208
274210
274217
274220
274224
274225
274227
274233
274235
274239
274240
274244
274248
274249
274250
274256
274265
274266
274276
274279
274291
274294
274299
274300
274304
274307
274308
274317
274319
274324
274328
274334
274337
274339
274342
274343
274345
274347
274350
274352
274353
274365
274368
274369
274370
274379
274385
274389
274390
274396
274397
274404
274407
274409
274410
274415
274425
274427
274431
274440
274443
274449
274456
274458
274461
274464
274465
274467
274471
274473
274476
274489
274492
274495
274497
274502
274504
274506
274508
274509
274511
274514
274515
274516
274518
274522
274528
274531
274537
274556
274561
274567
274575
274576
274579
274580
274581
274593
274601
274602
274603
274608
274614
274618
274623
274624
274631
274638
274644
274649
274650
274651
274657
274658
274660
274662
274663
274665
274666
274667
274670
274686
274692
274693
274697
274707
274712
274715
274717
274718
274719
274729
274731
274732
274734
274735
274736
274738
274740
274746
274749
274751
274755
274762
274763
274771
274783
274788
274797
274807
274811
274813
274817
274821
274826
274832
274841
274848
274853
274856
274871
274873
274874
274876
274889
274893
274897
274899
274913
274921
274925
274927
274928
274929
274934
274945
274953
274954
274955
274960
274961
274967
274968
274969
274971
274973
274975
274976
274977
274980
274984
274985
274991
274993
274995
274999
275002
275012
275022
275026
275028
275031
275035
275040
275046
275049
275050
275054
275060
275065
275071
275072
275074
275078
275082
275083
275086
275098
275100
275101
275111
275113
275121
275127
275130
275131
275134
275136
275138
275139
275142
275145
275149
275152
275153
275154
275155
275160
275162
275163
275178
275185
275193
275194
275195
275199
275210
275214
275220
275222
275227
275231
275236
275239
275243
275251
275258
275260
275264
275270
275272
275274
275277
275279
275280
275288
275289
275290
275300
275301
275303
275304
275315
275316
275321
275326
275331
275333
275343
275347
275351
275352
275358
275361
275367
275372
275373
275375
275377
275384
275386
275387
275388
275389
275392
275393
275394
275395
275400
275401
275407
275408
275409
275415
275423
275426
275428
275429
275432
275433
275440
275443
275450
275456
275458
275461
275470
275475
275476
275478
275479
275489
275494
275498
275500
275501
275504
275505
275506
275507
275514
275516
275520
275523
275524
275527
275529
275532
275534
275542
275543
275552
275553
275556
275557
275561
275562
275565
275570
275573
275575
275580
275583
275588
275592
275593
275599
275608
275612
275615
275617
275621
275624
275625
275628
275629
275636
275639
275646
275647
275648
275657
275678
275681
275682
275683
275685
275690
275691
275694
275699
275700
275701
275702
275706
275714
275715
275717
275728
275745
275748
275749
275750
275751
275755
275756
275760
275764
275766
275776
275780
275783
275786
275789
275802
275806
275813
275818
275820
275821
275823
275839
275841
275845
275850
275855
275858
275859
275865
275866
275868
275873
275874
275875
275876
275886
275887
275893
275897
275905
275909
275914
275915
275916
275922
275924
275928
275930
275933
275934
275937
275942
275945
275947
275949
275951
275958
275961
275964
275965
275972
275973
275974
275978
275981
275982
275983
275989
275999
276001
276002
276004
276007
276008
276010
276014
276017
276020
276024
276033
276037
276054
276055
276061
276062
276066
276068
276070
276072
276073
276075
276078
276095
276104
276110
276111
276114
276122
276125
276128
276133
276147
276150
276156
276157
276158
276164
276166
276170
276183
276184
276186
276189
276190
276194
276199
276200
276201
276218
276219
276223
276225
276235
276237
276238
276241
276250
276254
276259
276260
276261
276265
276269
276271
276283
276290
276291
276299
276302
276314
276323
276325
276327
276328
276329
276336
276337
276349
276356
276360
276380
276381
276389
276391
276397
276398
276406
276408
276409
276414
276419
276431
276434
276437
276439
276445
276447
276452
276453
276458
276461
276465
276475
276476
276494
276499
276503
276507
276510
276531
276534
276535
276536
276540
276555
276558
276561
276563
276569
276572
276573
276582
276583
276588
276592
276597
276608
276623
276637
276645
276649
276651
276653
276656
276661
276662
276663
276668
276669
276672
276674
276678
276679
276682
276686
276688
276696
276703
276704
276709
276710
276711
276714
276721
276724
276725
276726
276727
276732
276733
276735
276738
276742
276744
276749
276754
276757
276759
276761
276764
276765
276767
276772
276777
276780
276781
276783
276792
276793
276800
276809
276816
276817
276823
276825
276830
276837
276841
276842
276848
276864
276867
276868
276872
276874
276876
276879
276882
276888
276896
276898
276899
276903
276905
276907
276909
276912
276914
276917
276921
276935
276946
276947
276949
276950
276957
276964
276974
276976
276977
276985
276987
276992
276995
277000
277001
277004
277005
277010
277013
277014
277028
277032
277045
277046
277047
277050
277067
277077
277078
277086
277088
277089
277090
277091
277095
277101
277110
277115
277125
277132
277133
277137
277142
277147
277150
277153
277154
277155
277163
277172
277175
277177
277178
277186
277190
277195
277197
277201
277207
277209
277214
277223
277225
277233
277239
277245
277246
277249
277252
277263
277265
277270
277276
277278
277279
277283
277291
277292
277298
277303
277308
277312
277314
277316
277317
277320
277327
277330
277343
277347
277349
277350
277355
277356
277359
277362
277365
277367
277373
277389
277392
277393
277397
277398
277405
277408
277411
277417
277420
277421
277422
277429
277438
277443
277444
277445
277446
277453
277454
277459
277463
277466
277468
277471
277481
277482
277495
277497
277500
277504
277508
277510
277515
277516
277523
277531
277540
277546
277551
277554
277555
277561
277563
277566
277567
277573
277574
277580
277589
277591
277592
277596
277604
277606
277607
277609
277618
277619
277643
277658
277659
277662
277666
277668
277669
277671
277672
277679
277682
277686
277689
277692
277697
277700
277715
277723
277728
277736
277737
277738
277750
277753
277755
277757
277762
277775
277776
277781
277782
277784
277787
277794
277796
277801
277806
277807
277814
277818
277819
277820
277828
277830
277832
277834
277837
277839
277840
277841
277845
277850
277851
277855
277858
277868
277887
277890
277891
277908
277912
277913
277916
277918
277920
277927
277929
277931
277932
277950
277951
277957
277959
277974
277975
277976
277993
277994
277996
278005
278015
278027
278033
278038
278053
278057
278058
278062
278063
278065
278066
278070
278073
278082
278083
278084
278090
278091
278094
278099
278104
278106
278109
278114
278116
278124
278125
278133
278134
278135
278136
278139
278140
278144
278145
278153
278159
278161
278164
278167
278177
278179
278180
278183
278185
278186
278189
278190
278193
278202
278203
278206
278208
278209
278210
278211
278212
278221
278230
278232
278236
278243
278247
278251
278260
278262
278267
278268
278269
278270
278276
278280
278286
278292
278294
278295
278297
278302
278306
278307
278310
278312
278314
278318
278319
278321
278326
278328
278333
278336
278337
278345
278346
278348
278352
278355
278360
278363
278364
278369
278373
278377
278380
278383
278385
278390
278405
278411
278412
278414
278416
278418
278421
278424
278425
278427
278429
278430
278441
278443
278450
278454
278459
278460
278463
278464
278465
278466
278468
278469
278476
278482
278484
278487
278499
278504
278509
278514
278525
278529
278531
278532
278537
278538
278539
278548
278549
278550
278552
278563
278586
278598
278601
278620
278621
278622
278631
278638
278643
278646
278647
278661
278668
278671
278672
278675
278679
278689
278690
278693
278695
278697
278712
278726
278729
278731
278735
278743
278754
278759
278761
278763
278765
278768
278770
278779
278783
278796
278804
278808
278810
278828
278839
278842
278847
278850
278854
278856
278861
278863
278864
278866
278867
278871
278878
278882
278885
278886
278888
278891
278901
278908
278910
278916
278918
278921
278924
278927
278931
278938
278951
278959
278960
278971
278981
278982
278989
278990
278994
279020
279024
279026
279032
279033
279034
279036
279047
279048
279054
279056
279060
279065
279066
279068
279073
279076
279077
279079
279081
279090
279099
279105
279112
279114
279117
279131
279135
279136
279138
279139
279143
279155
279156
279157
279167
279169
279173
279176
279179
279187
279190
279194
279196
279197
279202
279203
279205
279207
279208
279212
279221
279226
279230
279232
279243
279252
279253
279254
279255
279266
279270
279277
279289
279290
279291
279294
279298
279308
279309
279311
279312
279327
279329
279334
279335
279337
279339
279345
279353
279355
279365
279369
279371
279372
279377
279378
279380
279381
279392
279394
279399
279401
279407
279414
279418
279422
279423
279425
279426
279428
279433
279436
279439
279452
279461
279465
279466
279467
279469
279474
279478
279483
279487
279492
279506
279509
279512
279513
279515
279520
279523
279525
279527
279533
279538
279539
279543
279546
279551
279552
279553
279557
279559
279561
279566
279569
279571
279581
279584
279590
279594
279596
279598
279604
279611
279613
279618
279632
279635
279636
279642
279650
279654
279656
279657
279659
279666
279676
279678
279679
279680
279690
279691
279692
279696
279699
279705
279713
279714
279722
279724
279726
279727
279730
279737
279742
279744
279746
279761
279769
279770
279771
279776
279782
279784
279786
279788
279790
279791
279795
279800
279803
279807
279814
279816
279820
279823
279830
279840
279849
279852
279854
279855
279856
279859
279860
279864
279865
279872
279873
279875
279881
279885
279895
279899
279908
279909
279910
279913
279917
279918
279920
279931
279936
279937
279938
279942
279945
279952
279954
279958
279960
279961
279971
279974
279975
279984
279989
279996
280002
280008
280012
280016
280017
280022
280023
280027
280028
280030
280034
280038
280039
280040
280043
280047
280050
280052
280055
280056
280059
280063
280065
280066
280067
280078
280086
280089
280090
280091
280093
280105
280106
280107
280113
280119
280122
280123
280124
280135
280138
280140
280155
280161
280162
280166
280167
280170
280171
280185
280190
280191
280192
280196
280200
280212
280218
280226
280228
280232
280238
280240
280251
280254
280255
280259
280260
280270
280272
280280
280281
280285
280287
280292
280295
280298
280302
280306
280312
280315
280323
280327
280332
280337
280341
280352
280354
280355
280358
280365
280367
280368
280370
280372
280384
280385
280387
280390
280391
280394
280396
280398
280402
280407
280411
280414
280421
280422
280428
280444
280445
280446
280447
280450
280456
280462
280463
280466
280468
280474
280478
280482
280483
280484
280486
280487
280488
280496
280500
280506
280509
280511
280513
280514
280525
280532
280533
280535
280536
280540
280545
280548
280554
280570
280573
280576
280583
280584
280587
280592
280593
280599
280600
280606
280609
280610
280622
280629
280631
280632
280633
280638
280646
280647
280653
280658
280659
280660
280669
280675
280678
280681
280682
280689
280692
280693
280694
280703
280710
280711
280712
280717
280719
280724
280725
280728
280735
280738
280739
280741
280742
280748
280749
280750
280755
280759
280760
280762
280763
280769
280771
280772
280780
280788
280793
280808
280810
280811
280817
280822
280826
280827
280835
280838
280841
280848
280853
280854
280856
280859
280860
280861
280867
280873
280876
280881
280884
280885
280887
280889
280900
280901
280903
280904
280905
280918
280922
280931
280933
280934
280941
280945
280947
280949
280958
280964
280968
280973
280978
280979
280985
280988
280994
281010
281015
281025
281028
281036
281039
281044
281046
281047
281053
281055
281056
281061
281073
281074
281083
281084
281093
281096
281100
281101
281103
281113
281128
281129
281131
281132
281137
281138
281146
281147
281150
281154
281158
281168
281171
281174
281177
281178
281180
281181
281184
281190
281193
281198
281200
281202
281203
281208
281209
281213
281215
281222
281223
281225
281227
281230
281231
281235
281236
281237
281241
281242
281246
281252
281255
281256
281259
281264
281266
281270
281284
281291
281295
281299
281301
281304
281311
281312
281314
281318
281323
281330
281331
281332
281349
281359
281361
281363
281364
281375
281380
281391
281397
281399
281402
281412
281424
281425
281427
281429
281433
281449
281458
281464
281465
281467
281469
281471
281473
281480
281482
281484
281485
281487
281488
281493
281494
281499
281505
281507
281511
281513
281525
281526
281527
281545
281547
281549
281551
281555
281556
281561
281565
281566
281567
281570
281572
281573
281584
281585
281598
281600
281601
281602
281608
281609
281622
281627
281630
281638
281639
281643
281646
281656
281657
281665
281667
281669
281674
281678
281681
281682
281683
281684
281692
281696
281697
281699
281705
281713
281717
281719
281721
281728
281729
281731
281733
281737
281741
281746
281749
281754
281755
281756
281758
281760
281761
281765
281767
281768
281769
281771
281774
281775
281778
281789
281794
281796
281802
281805
281806
281810
281814
281816
281823
281827
281829
281835
281839
281847
281849
281851
281853
281859
281861
281865
281874
281875
281876
281886
281902
281905
281921
281922
281923
281924
281926
281929
281932
281933
281937
281938
281943
281944
281945
281947
281948
281949
281950
281960
281971
281972
281973
281976
281982
281984
281988
281993
281996
281998
282000
282010
282012
282016
282022
282029
282030
282034
282039
282040
282046
282048
282053
282058
282069
282076
282077
282081
282084
282086
282091
282099
282103
282106
282108
282115
282116
282119
282122
282129
282135
282147
282151
282152
282157
282162
282163
282168
282176
282178
282182
282183
282185
282186
282190
282191
282192
282197
282200
282203
282206
282211
282215
282220
282222
282224
282225
282229
282238
282240
282246
282247
282258
282260
282263
282265
282266
282274
282276
282277
282278
282283
282285
282287
282288
282291
282296
282303
282304
282308
282309
282312
282324
282327
282337
282340
282355
282358
282363
282369
282371
282372
282373
282375
282376
282385
282386
282390
282396
282406
282407
282411
282422
282425
282431
282436
282439
282447
282448
282451
282456
282458
282468
282469
282470
282471
282473
282474
282482
282483
282485
282491
282492
282493
282495
282496
282502
282509
282510
282518
282521
282524
282525
282527
282531
282532
282535
282536
282542
282543
282546
282547
282548
282556
282562
282566
282568
282571
282573
282574
282577
282579
282581
282586
282590
282592
282599
282600
282602
282603
282604
282605
282607
282615
282622
282623
282627
282630
282631
282633
282643
282646
282653
282670
282673
282674
282676
282683
282688
282694
282702
282703
282710
282711
282712
282713
282717
282729
282732
282741
282742
282746
282748
282754
282765
282768
282770
282774
282775
282779
282781
282785
282789
282790
282791
282792
282796
282802
282805
282810
282811
282812
282814
282815
282820
282823
282825
282830
282832
282840
282851
282853
282854
282868
282872
282885
282889
282893
282894
282898
282902
282909
282912
282915
282917
282918
282920
282923
282926
282933
282938
282940
282941
282944
282946
282948
282949
282953
282958
282964
282967
282970
282982
282989
282993
282995
282996
283004
283015
283026
283027
283030
283032
283033
283037
283038
283045
283046
283049
283050
283052
283054
283056
283060
283066
283069
283078
283079
283080
283081
283084
283085
283086
283088
283105
283108
283112
283114
283122
283123
283125
283126
283129
283137
283140
283141
283143
283147
283150
283151
283155
283160
283165
283181
283183
283190
283192
283195
283201
283204
283206
283208
283211
283213
283216
283224
283226
283228
283231
283237
283239
283241
283244
283249
283250
283251
283258
283266
283269
283270
283271
283274
283276
283277
283279
283285
283289
283291
283300
283305
283309
283310
283316
283322
283328
283336
283339
283342
283346
283349
283350
283351
283353
283354
283367
283369
283373
283384
283385
283392
283396
283397
283399
283404
283407
283410
283411
283413
283418
283419
283421
283423
283428
283433
283434
283436
283440
283442
283446
283459
283460
283465
283470
283472
283480
283489
283500
283501
283506
283517
283518
283526
283528
283529
283546
283548
283549
283553
283554
283555
283557
283558
283561
283563
283564
283565
283571
283573
283574
283576
283578
283581
283583
283588
283596
283602
283605
283609
283616
283617
283619
283621
283624
283625
283627
283628
283636
283637
283638
283641
283643
283644
283647
283648
283649
283650
283661
283668
283679
283682
283689
283697
283700
283701
283709
283714
283715
283725
283727
283730
283735
283736
283741
283747
283749
283751
283752
283755
283760
283762
283775
283778
283780
283784
283788
283797
283800
283808
283811
283814
283818
283823
283825
283829
283835
283837
283850
283851
283854
283859
283860
283867
283874
283875
283879
283885
283888
283894
283899
283900
283901
283903
283904
283907
283925
283927
283935
283937
283940
283942
283943
283947
283957
283966
283967
283973
283976
283981
283982
283986
283989
283992
283998
284000
284005
284007
284008
284012
284025
284027
284029
284033
284034
284037
284038
284041
284042
284043
284045
284047
284048
284055
284063
284064
284070
284071
284072
284074
284077
284080
284081
284084
284089
284095
284105
284108
284112
284126
284127
284130
284132
284133
284134
284144
284145
284146
284148
284151
284152
284154
284163
284164
284165
284167
284168
284174
284181
284184
284186
284195
284196
284201
284202
284213
284224
284229
284231
284235
284237
284244
284245
284246
284247
284248
284251
284253
284259
284262
284266
284267
284270
284273
284276
284285
284286
284290
284291
284292
284302
284303
284304
284312
284331
284332
284337
284338
284343
284351
284357
284358
284361
284363
284370
284373
284378
284388
284391
284392
284393
284406
284408
284418
284419
284420
284421
284441
284444
284471
284475
284482
284483
284484
284488
284496
284510
284522
284527
284530
284533
284535
284537
284547
284548
284550
284555
284556
284557
284563
284564
284565
284567
284568
284570
284575
284576
284578
284582
284585
284593
284598
284601
284606
284607
284611
284627
284634
284636
284648
284649
284650
284655
284668
284669
284684
284685
284686
284687
284690
284701
284703
284704
284705
284708
284709
284714
284722
284730
284734
284741
284744
284748
284749
284754
284760
284764
284769
284776
284778
284779
284782
284788
284789
284790
284793
284794
284801
284802
284803
284804
284809
284815
284818
284826
284829
284830
284834
284842
284844
284845
284846
284848
284855
284857
284859
284863
284868
284875
284877
284879
284889
284893
284895
284896
284898
284903
284905
284908
284909
284910
284913
284919
284922
284925
284927
284931
284934
284936
284942
284949
284951
284956
284964
284969
284974
284982
284983
284984
284986
285000
285006
285009
285011
285013
285016
285017
285026
285027
285030
285032
285039
285040
285043
285047
285049
