1
4
13
14
15
17
18
20
22
24
25
26
27
31
32
37
38
39
41
44
48
51
52
58
59
61
62
65
67
69
71
75
80
81
83
84
88
95
96
99
102
106
107
108
109
111
112
115
116
118
119
120
121
123
124
127
128
129
132
134
135
139
141
143
147
149
150
153
156
160
163
168
173
175
176
177
179
180
181
183
184
185
187
189
192
198
203
204
206
207
208
209
212
213
220
222
225
226
229
231
233
237
238
239
241
243
244
251
254
255
256
258
259
261
262
264
272
273
276
277
279
280
284
285
287
288
297
299
300
301
302
303
304
305
306
307
310
312
313
316
317
319
320
321
322
325
329
330
331
332
334
336
337
339
340
342
343
345
351
354
357
358
362
365
366
370
373
376
377
378
381
383
384
385
386
387
390
392
393
395
396
399
402
403
409
410
411
412
414
419
422
423
424
430
431
435
436
438
440
442
444
446
454
456
457
458
462
465
471
472
476
478
479
480
481
483
485
488
489
490
493
494
496
499
503
504
505
507
509
510
511
512
513
516
517
518
519
522
524
527
528
530
531
533
536
537
539
540
541
542
543
545
546
550
551
554
558
562
565
568
569
571
572
574
575
576
579
581
583
586
590
591
592
593
594
597
598
602
603
604
605
611
612
617
618
619
622
624
625
629
630
631
632
634
637
638
639
640
642
644
648
650
651
657
658
661
662
663
664
666
667
669
671
676
677
678
679
681
682
683
685
688
689
690
692
695
697
698
699
700
706
709
711
712
714
715
718
719
720
721
722
724
728
733
735
736
739
743
744
746
749
750
751
754
759
761
763
765
766
769
770
772
773
774
776
779
781
783
785
786
787
790
791
792
793
794
796
797
798
799
800
801
803
807
809
810
812
814
816
818
820
821
824
827
828
831
833
834
835
836
837
839
840
841
842
843
845
846
847
849
850
851
852
854
856
857
861
864
865
866
867
869
872
874
875
876
877
878
879
880
882
885
886
890
891
893
899
903
906
907
911
913
914
915
916
918
920
922
924
925
926
929
931
933
936
937
939
941
942
943
944
946
949
950
953
954
955
959
960
962
967
972
973
976
977
978
979
980
981
983
988
989
990
991
993
994
996
1001
1002
1003
1006
1010
1013
1017
1021
1022
1023
1024
1025
1028
1029
1032
1034
1035
1037
1039
1042
1044
1046
1052
1058
1064
1066
1067
1068
1073
1074
1078
1079
1080
1081
1082
1083
1089
1090
1093
1094
1095
1096
1100
1102
1104
1105
1107
1108
1111
1113
1115
1116
1117
1118
1119
1122
1123
1127
1129
1130
1133
1135
1136
1138
1139
1142
1143
1144
1145
1146
1147
1148
1149
1151
1152
1153
1156
1157
1158
1160
1161
1163
1164
1165
1166
1167
1168
1170
1171
1173
1174
1175
1176
1178
1179
1180
1181
1184
1185
1186
1187
1188
1192
1195
1196
1197
1199
1201
1203
1206
1207
1211
1213
1214
1219
1221
1222
1223
1229
1231
1234
1237
1238
1240
1243
1244
1246
1248
1249
1250
1252
1253
1254
1255
1256
1257
1258
1259
1260
1261
1263
1266
1268
1273
1275
1276
1277
1280
1282
1283
1285
1287
1288
1289
1296
1297
1298
1301
1302
1303
1304
1308
1309
1310
1312
1314
1316
1319
1320
1321
1323
1326
1329
1331
1333
1335
1338
1339
1344
1346
1348
1349
1350
1352
1354
1356
1358
1360
1363
1364
1366
1370
1373
1374
1375
1377
1379
1382
1384
1386
1388
1389
1392
1393
1399
1400
1401
1402
1407
1409
1410
1411
1412
1413
1415
1423
1425
1426
1427
1431
1432
1434
1435
1436
1439
1441
1447
1449
1452
1453
1455
1456
1457
1458
1461
1462
1464
1465
1468
1472
1474
1476
1477
1481
1484
1486
1488
1490
1492
1495
1496
1499
1500
1501
1502
1503
1504
1505
1508
1511
1513
1516
1518
1519
1522
1523
1524
1532
1533
1537
1539
1540
1541
1542
1546
1547
1556
1560
1561
1562
1563
1564
1565
1568
1571
1573
1575
1580
1581
1585
1586
1589
1591
1593
1594
1596
1600
1602
1603
1604
1606
1607
1608
1610
1611
1612
1613
1614
1615
1617
1628
1630
1631
1634
1635
1639
1640
1641
1643
1646
1647
1648
1649
1651
1652
1658
1661
1662
1663
1665
1666
1667
1668
1671
1672
1676
1678
1681
1682
1683
1684
1686
1687
1688
1690
1693
1696
1699
1700
1701
1706
1707
1708
1710
1712
1713
1716
1717
1720
1722
1723
1724
1725
1726
1729
1734
1735
1737
1739
1740
1742
1743
1744
1749
1751
1753
1755
1757
1758
1759
1760
1761
1763
1764
1766
1767
1768
1770
1771
1772
1773
1774
1777
1781
1784
1785
1786
1792
1793
1794
1796
1798
1799
1800
1801
1802
1803
1807
1808
1810
1812
1814
1815
1816
1818
1820
1821
1825
1826
1833
1835
1837
1838
1839
1840
1841
1843
1844
1845
1846
1849
1850
1851
1852
1853
1856
1858
1861
1862
1864
1865
1866
1867
1870
1873
1874
1879
1882
1884
1886
1887
1888
1890
1891
1892
1893
1894
1895
1897
1901
1902
1904
1906
1910
1911
1912
1913
1914
1915
1916
1919
1921
1923
1926
1927
1928
1930
1931
1932
1933
1934
1936
1938
1941
1942
1943
1945
1946
1948
1949
1950
1951
1953
1954
1962
1965
1966
1967
1973
1979
1980
1981
1985
1986
1987
1988
1989
1991
1994
1997
1998
2000
2004
2005
2006
2012
2013
2015
2017
2019
2020
2022
2026
2032
2034
2035
2036
2038
2039
2041
2045
2047
2049
2051
2052
2053
2055
2058
2059
2060
2063
2064
2065
2066
2067
2070
2071
2073
2074
2075
2076
2077
2078
2080
2081
2082
2084
2086
2087
2089
2090
2091
2093
2094
2095
2099
2102
2103
2104
2105
2107
2109
2111
2112
2114
2115
2116
2117
2118
2123
2125
2126
2127
2136
2137
2138
2139
2141
2147
2148
2152
2153
2154
2155
2157
2161
2162
2163
2164
2166
2168
2170
2171
2172
2178
2179
2180
2181
2184
2186
2190
2191
2192
2193
2196
2197
2198
2200
2201
2203
2204
2207
2210
2211
2213
2214
2215
2221
2229
2230
2231
2232
2233
2234
2238
2241
2242
2243
2244
2246
2248
2249
2251
2255
2258
2259
2261
2262
2268
2269
2270
2272
2273
2274
2276
2278
2280
2281
2283
2284
2287
2289
2290
2292
2293
2295
2298
2299
2300
2301
2309
2310
2311
2313
2314
2315
2316
2318
2324
2326
2330
2331
2332
2333
2336
2339
2340
2341
2342
2343
2347
2348
2354
2355
2356
2358
2364
2366
2367
2368
2369
2372
2373
2374
2378
2379
2381
2385
2388
2389
2390
2391
2392
2396
2398
2399
2400
2401
2402
2406
2410
2413
2414
2420
2423
2424
2426
2428
2429
2430
2432
2435
2436
2437
2438
2439
2442
2443
2446
2447
2449
2451
2452
2453
2454
2456
2460
2461
2467
2468
2470
2471
2472
2474
2480
2481
2482
2484
2486
2492
2493
2498
2500
2503
2504
2505
2506
2508
2511
2512
2513
2516
2517
2518
2519
2520
2521
2523
2524
2528
2531
2533
2534
2535
2538
2543
2544
2545
2546
2548
2550
2553
2555
2556
2557
2559
2560
2561
2562
2564
2565
2566
2568
2569
2570
2571
2573
2575
2579
2584
2585
2589
2590
2591
2592
2593
2594
2595
2597
2599
2603
2604
2606
2612
2616
2617
2618
2620
2622
2624
2626
2627
2628
2629
2632
2634
2636
2637
2638
2639
2642
2643
2646
2648
2650
2651
2654
2660
2661
2662
2663
2666
2668
2676
2679
2682
2683
2685
2687
2688
2690
2691
2693
2695
2699
2702
2703
2704
2705
2709
2711
2712
2713
2716
2720
2721
2723
2726
2727
2728
2729
2730
2731
2732
2733
2738
2740
2742
2743
2745
2746
2747
2748
2749
2751
2753
2755
2757
2759
2761
2762
2764
2768
2769
2770
2771
2772
2773
2778
2779
2781
2782
2783
2786
2789
2791
2793
2794
2795
2796
2797
2798
2801
2802
2805
2810
2811
2814
2816
2817
2819
2821
2822
2823
2824
2828
2829
2831
2834
2835
2840
2841
2842
2843
2846
2851
2852
2853
2857
2860
2864
2866
2867
2869
2870
2872
2874
2875
2877
2880
2884
2886
2887
2895
2896
2898
2900
2902
2904
2907
2908
2910
2911
2912
2913
2914
2915
2918
2919
2920
2921
2923
2924
2925
2927
2928
2929
2930
2932
2934
2937
2942
2943
2944
2945
2947
2949
2950
2951
2955
2957
2958
2959
2961
2964
2966
2967
2968
2970
2974
2980
2982
2984
2985
2989
2990
2993
2994
2996
2997
2998
2999
3001
3004
3005
3006
3007
3010
3014
3015
3016
3017
3020
3021
3029
3030
3033
3035
3036
3043
3044
3046
3053
3056
3057
3059
3061
3062
3063
3064
3065
3068
3069
3077
3079
3080
3082
3087
3088
3089
3091
3092
3093
3094
3098
3101
3103
3104
3106
3110
3111
3113
3114
3115
3117
3121
3122
3124
3126
3128
3129
3131
3133
3134
3135
3138
3139
3140
3142
3143
3145
3146
3150
3151
3152
3153
3154
3157
3158
3159
3160
3164
3168
3170
3171
3172
3176
3180
3185
3189
3191
3194
3200
3201
3202
3206
3207
3208
3209
3212
3214
3218
3220
3222
3223
3227
3228
3229
3230
3232
3233
3237
3241
3242
3244
3247
3250
3251
3252
3253
3261
3262
3263
3264
3267
3268
3275
3277
3278
3279
3280
3282
3284
3286
3288
3289
3290
3292
3293
3294
3296
3297
3298
3299
3302
3303
3304
3307
3309
3310
3311
3313
3315
3319
3320
3323
3324
3326
3327
3329
3331
3332
3335
3337
3338
3341
3343
3344
3345
3346
3347
3350
3353
3355
3356
3357
3360
3362
3364
3366
3368
3370
3372
3374
3375
3376
3379
3381
3382
3385
3386
3390
3391
3397
3399
3404
3405
3406
3407
3410
3412
3413
3414
3415
3416
3420
3421
3424
3427
3428
3429
3430
3431
3432
3433
3437
3438
3439
3440
3441
3442
3443
3444
3446
3448
3452
3453
3457
3458
3459
3461
3462
3464
3466
3468
3469
3470
3471
3472
3473
3475
3476
3477
3478
3479
3482
3484
3492
3494
3495
3496
3498
3499
3501
3502
3507
3510
3511
3513
3518
3521
3525
3526
3527
3528
3533
3539
3540
3541
3542
3543
3544
3547
3548
3552
3553
3557
3561
3562
3563
3568
3573
3574
3575
3579
3580
3582
3583
3584
3586
3588
3589
3590
3592
3596
3598
3599
3601
3602
3607
3608
3610
3611
3612
3614
3615
3616
3619
3620
3622
3623
3625
3628
3629
3631
3633
3634
3636
3637
3640
3641
3642
3644
3645
3646
3647
3649
3650
3655
3656
3660
3661
3663
3665
3666
3667
3668
3670
3672
3674
3675
3678
3679
3680
3682
3685
3688
3690
3692
3693
3694
3697
3698
3699
3700
3703
3706
3707
3708
3709
3710
3714
3716
3717
3722
3723
3724
3727
3729
3735
3736
3737
3738
3739
3740
3741
3743
3746
3748
3749
3752
3753
3754
3758
3760
3761
3764
3766
3767
3769
3770
3771
3774
3775
3776
3778
3779
3781
3783
3784
3785
3787
3788
3791
3792
3795
3796
3797
3799
3801
3804
3807
3808
3810
3811
3812
3813
3815
3816
3817
3818
3822
3824
3832
3839
3843
3844
3847
3851
3852
3853
3856
3858
3862
3864
3865
3868
3869
3872
3873
3875
3877
3883
3884
3889
3891
3892
3894
3895
3896
3897
3899
3900
3902
3903
3904
3906
3910
3911
3912
3913
3914
3915
3917
3918
3919
3921
3924
3926
3928
3935
3936
3940
3943
3946
3950
3951
3952
3956
3957
3959
3960
3961
3962
3965
3966
3971
3972
3973
3978
3979
3985
3986
3987
3989
3991
3996
3999
4000
4001
4004
4009
4012
4013
4017
4020
4022
4023
4025
4026
4030
4032
4033
4037
4039
4041
4042
4043
4044
4045
4047
4050
4052
4054
4061
4062
4063
4064
4065
4066
4067
4068
4076
4080
4083
4088
4089
4091
4092
4093
4095
4100
4101
4105
4108
4109
4115
4119
4121
4122
4123
4124
4125
4126
4128
4130
4134
4140
4141
4142
4143
4144
4145
4147
4149
4150
4151
4152
4154
4158
4159
4160
4164
4166
4167
4170
4171
4177
4178
4179
4181
4182
4187
4190
4197
4198
4201
4203
4204
4208
4209
4213
4214
4220
4221
4227
4230
4231
4232
4233
4234
4236
4237
4238
4239
4245
4247
4251
4252
4253
4254
4256
4257
4261
4264
4265
4266
4267
4274
4276
4278
4283
4284
4287
4288
4292
4293
4299
4300
4301
4303
4305
4306
4311
4313
4314
4317
4319
4323
4325
4327
4329
4332
4334
4337
4339
4341
4344
4347
4349
4350
4351
4355
4360
4361
4363
4364
4365
4366
4367
4369
4371
4374
4376
4377
4378
4382
4384
4385
4390
4394
4396
4397
4399
4402
4407
4413
4415
4416
4419
4420
4421
4422
4423
4427
4431
4432
4434
4435
4437
4440
4441
4442
4443
4445
4446
4447
4448
4451
4453
4454
4456
4457
4459
4460
4463
4467
4468
4469
4471
4474
4475
4476
4478
4480
4486
4487
4489
4491
4495
4499
4502
4503
4504
4505
4506
4507
4511
4513
4518
4519
4520
4521
4527
4528
4531
4535
4537
4541
4543
4544
4545
4547
4548
4551
4552
4553
4555
4557
4558
4561
4562
4566
4571
4572
4574
4578
4579
4580
4582
4583
4585
4591
4603
4607
4610
4611
4613
4615
4618
4621
4624
4627
4629
4631
4636
4637
4638
4640
4643
4644
4645
4646
4647
4648
4649
4650
4651
4652
4654
4655
4656
4663
4664
4665
4667
4669
4670
4672
4675
4676
4677
4679
4680
4681
4682
4684
4685
4687
4688
4689
4690
4691
4693
4694
4696
4699
4703
4705
4709
4710
4714
4715
4718
4719
4720
4721
4723
4725
4728
4730
4732
4735
4736
4740
4745
4746
4749
4751
4752
4756
4757
4760
4761
4762
4763
4765
4767
4768
4769
4770
4771
4772
4774
4775
4776
4777
4780
4781
4782
4784
4787
4788
4789
4790
4791
4792
4793
4794
4795
4796
4798
4799
4800
4802
4803
4805
4808
4817
4818
4819
4820
4823
4827
4830
4831
4832
4833
4834
4836
4837
4838
4840
4841
4842
4843
4848
4849
4852
4854
4855
4857
4858
4859
4860
4862
4865
4869
4870
4872
4876
4878
4879
4883
4884
4885
4887
4888
4890
4894
4895
4897
4900
4901
4905
4909
4910
4913
4914
4916
4918
4920
4922
4923
4926
4927
4930
4937
4939
4941
4942
4944
4945
4949
4950
4951
4952
4953
4954
4955
4957
4958
4961
4962
4964
4965
4966
4967
4968
4974
4976
4979
4980
4982
4984
4987
4988
4991
4996
4998
4999
5000
5005
5006
5008
5011
5012
5016
5018
5019
5021
5022
5024
5026
5030
5032
5034
5039
5040
5041
5042
5043
5044
5048
5049
5050
5051
5052
5054
5055
5056
5057
5058
5061
5065
5066
5067
5069
5070
5071
5073
5075
5081
5083
5084
5088
5089
5094
5095
5096
5097
5098
5099
5100
5102
5103
5107
5108
5113
5115
5117
5119
5120
5121
5123
5127
5131
5134
5135
5140
5141
5142
5143
5145
5146
5148
5149
5151
5152
5155
5156
5159
5160
5162
5166
5167
5169
5171
5172
5173
5176
5178
5179
5180
5186
5190
5193
5195
5196
5197
5199
5200
5201
5203
5205
5206
5207
5209
5211
5212
5215
5216
5222
5226
5228
5229
5230
5232
5233
5234
5237
5240
5241
5243
5244
5246
5247
5248
5256
5257
5261
5265
5266
5267
5268
5271
5272
5277
5278
5281
5284
5285
5289
5291
5292
5295
5303
5304
5305
5307
5308
5309
5310
5311
5314
5315
5316
5317
5319
5320
5321
5322
5324
5325
5326
5327
5328
5331
5335
5337
5338
5339
5344
5346
5347
5349
5350
5351
5353
5356
5357
5362
5363
5364
5366
5370
5372
5374
5376
5379
5382
5385
5387
5389
5391
5392
5394
5396
5397
5398
5400
5402
5403
5407
5408
5409
5410
5412
5416
5417
5421
5425
5428
5431
5434
5435
5436
5439
5440
5441
5448
5450
5451
5455
5456
5457
5458
5459
5460
5462
5463
5464
5467
5468
5469
5470
5471
5472
5473
5474
5478
5481
5482
5483
5486
5487
5491
5492
5493
5494
5495
5497
5499
5502
5503
5504
5506
5508
5510
5515
5517
5519
5520
5521
5522
5529
5530
5531
5532
5533
5534
5540
5541
5542
5543
5544
5545
5546
5550
5551
5553
5555
5558
5560
5567
5569
5570
5571
5572
5573
5574
5575
5578
5579
5580
5581
5583
5585
5588
5589
5590
5591
5593
5594
5595
5596
5598
5601
5603
5607
5609
5611
5613
5615
5619
5620
5621
5622
5623
5624
5627
5629
5630
5631
5632
5633
5637
5638
5639
5640
5641
5643
5644
5645
5646
5648
5649
5651
5653
5655
5656
5659
5660
5662
5664
5665
5668
5670
5671
5672
5674
5675
5678
5679
5680
5681
5682
5683
5685
5687
5689
5690
5693
5695
5696
5697
5699
5700
5703
5705
5708
5709
5710
5712
5714
5715
5716
5721
5722
5723
5724
5727
5729
5734
5737
5739
5740
5741
5742
5743
5745
5747
5749
5751
5754
5755
5756
5761
5764
5766
5770
5772
5776
5777
5778
5780
5783
5784
5785
5787
5788
5791
5795
5796
5798
5800
5801
5802
5803
5808
5809
5810
5811
5812
5815
5820
5821
5825
5827
5832
5838
5840
5841
5845
5854
5857
5858
5859
5861
5864
5865
5868
5869
5874
5875
5876
5877
5878
5884
5886
5889
5894
5896
5897
5898
5899
5902
5903
5905
5908
5911
5912
5913
5917
5920
5921
5923
5925
5928
5930
5931
5932
5933
5934
5936
5937
5938
5941
5944
5945
5949
5950
5951
5953
5954
5959
5961
5962
5963
5966
5968
5969
5974
5979
5982
5986
5989
5990
5991
5994
5995
5996
5997
5998
6000
6004
6005
6006
6009
6010
6011
6013
6015
6017
6018
6019
6020
6022
6024
6025
6027
6030
6031
6034
6035
6037
6044
6045
6047
6049
6051
6052
6054
6056
6057
6058
6059
6060
6061
6064
6067
6069
6070
6071
6072
6073
6075
6077
6078
6080
6082
6083
6084
6087
6089
6090
6091
6092
6093
6094
6095
6097
6098
6101
6105
6106
6107
6108
6109
6111
6113
6114
6115
6117
6118
6120
6121
6123
6124
6127
6128
6129
6132
6133
6140
6142
6143
6148
6150
6152
6155
6156
6157
6158
6162
6164
6165
6166
6170
6172
6174
6178
6180
6182
6185
6186
6191
6193
6194
6195
6196
6197
6202
6204
6205
6207
6209
6210
6211
6212
6213
6214
6219
6220
6221
6222
6223
6227
6232
6233
6234
6238
6239
6241
6248
6251
6253
6256
6261
6263
6264
6265
6266
6268
6269
6270
6271
6272
6275
6279
6281
6282
6283
6285
6289
6290
6291
6294
6296
6297
6298
6299
6300
6301
6302
6303
6304
6306
6308
6311
6314
6317
6319
6321
6323
6324
6326
6327
6328
6329
6337
6338
6343
6344
6349
6350
6351
6352
6353
6356
6357
6358
6362
6364
6365
6366
6367
6369
6371
6372
6373
6378
6379
6380
6381
6384
6385
6386
6388
6391
6392
6393
6395
6396
6398
6400
6401
6407
6408
6409
6410
6411
6414
6415
6417
6418
6420
6421
6422
6423
6424
6425
6426
6428
6430
6435
6437
6440
6442
6444
6445
6446
6452
6455
6456
6458
6460
6461
6462
6463
6467
6468
6469
6470
6471
6474
6476
6477
6478
6480
6481
6482
6483
6484
6485
6491
6492
6497
6498
6499
6502
6504
6508
6510
6511
6512
6513
6514
6516
6517
6519
6522
6524
6525
6526
6528
6530
6531
6533
6534
6537
6541
6545
6546
6547
6548
6551
6554
6555
6557
6559
6562
6565
6568
6570
6573
6575
6579
6581
6582
6586
6587
6588
6589
6590
6592
6593
6594
6596
6598
6602
6603
6605
6606
6607
6611
6614
6615
6616
6617
6620
6621
6630
6631
6633
6635
6636
6637
6639
6640
6641
6646
6648
6651
6652
6658
6661
6662
6663
6664
6668
6671
6672
6673
6675
6676
6677
6678
6681
6683
6684
6685
6687
6689
6693
6694
6695
6699
6700
6702
6703
6704
6706
6709
6711
6714
6717
6719
6723
6724
6728
6729
6730
6732
6736
6738
6740
6742
6743
6746
6747
6749
6751
6755
6756
6757
6760
6761
6762
6763
6764
6765
6767
6768
6771
6774
6777
6778
6780
6782
6783
6785
6786
6787
6792
6794
6795
6797
6798
6800
6802
6806
6812
6814
6815
6817
6818
6820
6822
6826
6827
6829
6832
6833
6835
6837
6839
6840
6841
6844
6846
6850
6852
6853
6854
6855
6856
6857
6859
6860
6861
6863
6871
6874
6875
6877
6878
6880
6882
6883
6885
6886
6888
6889
6891
6892
6893
6894
6895
6896
6898
6901
6902
6903
6904
6905
6906
6908
6911
6915
6916
6917
6918
6921
6923
6924
6925
6926
6927
6931
6942
6943
6947
6949
6950
6951
6956
6957
6960
6961
6963
6964
6965
6967
6968
6970
6971
6975
6978
6983
6995
7002
7003
7008
7010
7012
7015
7024
7025
7027
7028
7030
7031
7032
7035
7037
7042
7044
7047
7048
7050
7051
7052
7053
7054
7059
7063
7068
7070
7074
7075
7076
7077
7079
7082
7085
7086
7093
7095
7096
7098
7099
7100
7102
7103
7105
7109
7110
7112
7114
7117
7120
7124
7128
7130
7133
7134
7135
7136
7137
7138
7139
7140
7143
7144
7146
7149
7151
7154
7155
7157
7158
7159
7161
7162
7165
7169
7170
7173
7174
7176
7177
7178
7180
7182
7184
7186
7188
7189
7191
7194
7195
7198
7199
7200
7204
7207
7208
7212
7213
7214
7215
7216
7217
7218
7219
7220
7221
7224
7226
7228
7230
7231
7232
7234
7235
7237
7238
7241
7244
7248
7250
7252
7255
7258
7260
7263
7264
7266
7268
7269
7271
7274
7279
7280
7284
7285
7287
7288
7290
7291
7292
7293
7294
7295
7297
7299
7300
7303
7310
7313
7314
7315
7317
7321
7322
7324
7325
7326
7327
7328
7331
7334
7335
7337
7339
7342
7343
7344
7347
7349
7351
7353
7356
7357
7360
7362
7364
7365
7366
7371
7372
7373
7374
7375
7378
7379
7380
7381
7383
7384
7385
7387
7388
7390
7391
7392
7398
7400
7401
7405
7406
7407
7408
7410
7412
7413
7416
7417
7419
7420
7421
7423
7424
7427
7428
7429
7437
7439
7445
7446
7448
7449
7450
7451
7452
7457
7458
7459
7461
7462
7464
7466
7467
7468
7472
7477
7479
7484
7486
7489
7491
7496
7497
7502
7503
7504
7506
7508
7510
7512
7513
7516
7518
7519
7520
7521
7523
7524
7526
7527
7529
7531
7532
7533
7534
7535
7536
7538
7542
7543
7544
7545
7546
7548
7549
7550
7552
7553
7556
7557
7558
7559
7560
7561
7562
7564
7568
7570
7571
7572
7576
7578
7580
7583
7584
7585
7587
7588
7589
7590
7591
7593
7595
7597
7598
7599
7600
7601
7602
7604
7605
7607
7612
7613
7616
7617
7619
7623
7625
7626
7628
7629
7630
7631
7633
7634
7636
7637
7638
7639
7641
7642
7644
7645
7647
7648
7651
7652
7655
7656
7657
7660
7661
7662
7664
7666
7667
7669
7672
7675
7679
7680
7682
7683
7684
7685
7686
7687
7690
7691
7692
7693
7694
7696
7697
7699
7700
7702
7703
7704
7705
7707
7709
7710
7711
7712
7720
7721
7722
7723
7725
7726
7728
7729
7733
7734
7736
7737
7739
7740
7742
7744
7746
7747
7749
7750
7751
7755
7756
7757
7760
7762
7763
7765
7767
7769
7773
7775
7776
7781
7782
7785
7786
7787
7791
7794
7795
7799
7803
7805
7806
7807
7810
7811
7812
7813
7816
7817
7818
7820
7821
7823
7824
7825
7827
7828
7829
7830
7831
7832
7833
7837
7838
7840
7841
7845
7847
7851
7852
7854
7856
7857
7859
7860
7861
7862
7865
7866
7867
7869
7871
7875
7877
7882
7884
7887
7889
7890
7891
7892
7894
7895
7896
7899
7900
7902
7905
7906
7909
7913
7915
7916
7919
7920
7923
7928
7931
7932
7936
7938
7943
7945
7946
7948
7949
7951
7952
7955
7956
7958
7960
7968
7969
7970
7971
7972
7976
7977
7979
7982
7983
7986
7987
7989
7990
7991
7994
7996
7998
8000
8002
8003
8009
8010
8011
8013
8014
8016
8026
8027
8028
8029
8030
8031
8034
8035
8038
8039
8045
8046
8047
8053
8055
8056
8057
8058
8065
8072
8075
8077
8078
8080
8082
8084
8086
8087
8089
8091
8092
8094
8095
8096
8100
8101
8102
8105
8106
8110
8113
8115
8118
8119
8120
8121
8123
8124
8128
8129
8130
8132
8135
8136
8138
8139
8140
8141
8142
8144
8145
8146
8147
8151
8155
8156
8161
8162
8163
8164
8165
8170
8171
8172
8173
8174
8175
8178
8179
8180
8184
8186
8187
8188
8189
8190
8192
8193
8194
8195
8197
8198
8199
8200
8201
8202
8204
8205
8206
8207
8208
8209
8210
8212
8217
8218
8223
8224
8227
8229
8231
8232
8235
8236
8240
8242
8245
8246
8247
8250
8252
8253
8257
8259
8261
8264
8266
8269
8270
8271
8272
8273
8274
8277
8278
8280
8281
8282
8285
8288
8291
8294
8295
8298
8299
8300
8303
8307
8308
8309
8311
8313
8314
8315
8317
8319
8322
8324
8328
8329
8336
8337
8340
8343
8346
8347
8350
8351
8352
8353
8355
8356
8357
8358
8359
8360
8364
8365
8366
8371
8375
8377
8381
8384
8385
8388
8390
8391
8394
8395
8396
8397
8400
8401
8404
8405
8406
8407
8408
8410
8412
8415
8417
8418
8419
8420
8424
8427
8428
8429
8432
8433
8436
8437
8438
8439
8443
8444
8449
8450
8451
8459
8461
8462
8463
8464
8469
8470
8472
8475
8476
8478
8480
8481
8482
8483
8486
8488
8494
8497
8498
8501
8502
8503
8507
8509
8511
8514
8515
8516
8520
8522
8525
8527
8528
8529
8530
8531
8534
8536
8537
8540
8542
8543
8546
8547
8550
8554
8555
8559
8561
8563
8567
8568
8569
8570
8571
8573
8574
8576
8581
8582
8585
8586
8587
8590
8591
8592
8595
8599
8602
8604
8605
8607
8612
8614
8616
8617
8618
8619
8620
8621
8622
8626
8629
8631
8634
8636
8638
8639
8642
8644
8645
8646
8649
8650
8651
8652
8654
8655
8656
8657
8660
8663
8664
8667
8672
8673
8674
8675
8678
8682
8683
8686
8688
8689
8691
8692
8693
8694
8696
8697
8699
8700
8701
8704
8709
8710
8711
8712
8713
8715
8718
8719
8721
8722
8724
8725
8727
8728
8734
8735
8737
8739
8741
8742
8745
8746
8747
8748
8749
8750
8751
8753
8754
8756
8758
8759
8765
8766
8767
8769
8771
8774
8775
8776
8777
8778
8779
8780
8781
8784
8785
8787
8788
8793
8794
8795
8797
8798
8799
8802
8804
8807
8808
8810
8811
8812
8813
8814
8815
8817
8819
8822
8826
8827
8828
8831
8834
8835
8839
8840
8842
8843
8850
8851
8852
8853
8855
8857
8861
8863
8864
8866
8867
8869
8871
8872
8876
8878
8881
8882
8883
8884
8889
8891
8892
8893
8895
8898
8899
8903
8904
8906
8908
8909
8911
8914
8920
8922
8923
8925
8927
8929
8931
8936
8939
8940
8947
8948
8949
8952
8959
8960
8961
8962
8966
8968
8969
8973
8976
8981
8982
8984
8985
8986
8987
8989
8991
8992
8993
8997
9001
9003
9005
9007
9008
9009
9012
9013
9014
9015
9019
9020
9024
9025
9026
9027
9029
9034
9035
9038
9039
9040
9042
9048
9049
9052
9054
9057
9058
9060
9061
9062
9063
9067
9068
9070
9071
9072
9074
9077
9080
9081
9082
9089
9092
9093
9094
9096
9098
9100
9103
9104
9105
9106
9107
9111
9115
9117
9118
9119
9120
9123
9127
9130
9132
9134
9136
9138
9139
9140
9142
9143
9146
9148
9150
9153
9154
9155
9157
9160
9161
9162
9165
9167
9168
9170
9171
9172
9174
9176
9180
9181
9184
9188
9191
9194
9196
9198
9199
9200
9205
9207
9212
9214
9219
9220
9221
9223
9224
9225
9228
9230
9232
9233
9234
9235
9236
9243
9244
9245
9246
9247
9252
9253
9257
9258
9259
9262
9264
9265
9270
9275
9276
9278
9279
9280
9283
9284
9285
9287
9289
9291
9292
9296
9300
9304
9305
9306
9307
9308
9309
9310
9314
9315
9316
9322
9326
9327
9329
9330
9335
9339
9340
9344
9345
9346
9347
9349
9351
9356
9362
9364
9367
9368
9371
9372
9373
9374
9375
9378
9379
9382
9383
9384
9385
9388
9389
9392
9393
9395
9397
9398
9399
9402
9406
9407
9409
9411
9413
9414
9415
9420
9421
9423
9427
9431
9432
9438
9439
9440
9443
9444
9445
9447
9449
9450
9452
9456
9457
9459
9460
9461
9462
9463
9465
9467
9468
9469
9470
9471
9473
9474
9475
9477
9478
9482
9484
9486
9487
9488
9489
9491
9492
9495
9497
9499
9500
9504
9505
9508
9510
9511
9516
9517
9518
9520
9521
9522
9523
9525
9526
9527
9528
9529
9533
9535
9536
9538
9540
9541
9545
9546
9547
9548
9551
9554
9555
9556
9558
9559
9560
9562
9567
9568
9571
9572
9579
9581
9585
9586
9587
9589
9590
9591
9599
9600
9602
9605
9606
9610
9611
9612
9616
9617
9618
9620
9622
9628
9632
9633
9634
9636
9639
9640
9644
9648
9649
9651
9652
9653
9656
9658
9664
9670
9673
9676
9677
9678
9681
9682
9683
9684
9687
9688
9690
9692
9693
9694
9695
9696
9697
9698
9700
9702
9703
9708
9710
9713
9714
9716
9719
9720
9721
9722
9723
9725
9732
9734
9735
9736
9737
9738
9739
9740
9743
9744
9745
9746
9747
9749
9751
9752
9753
9756
9757
9762
9763
9764
9765
9766
9767
9769
9771
9773
9775
9776
9777
9778
9782
9783
9785
9787
9789
9791
9792
9793
9795
9796
9797
9798
9800
9801
9806
9807
9809
9810
9812
9813
9814
9816
9817
9819
9823
9824
9825
9827
9828
9832
9835
9836
9837
9838
9840
9842
9843
9849
9850
9851
9852
9853
9855
9856
9857
9859
9860
9861
9865
9866
9872
9874
9876
9877
9878
9881
9882
9884
9887
9888
9890
9891
9894
9895
9898
9899
9904
9908
9909
9914
9915
9924
9925
9926
9928
9934
9942
9944
9945
9946
9947
9950
9951
9953
9960
9961
9963
9964
9965
9967
9969
9971
9973
9976
9977
9978
9979
9980
9982
9984
9993
9994
9996
9997
9998
9999
10001
10002
10003
10006
10011
10012
10017
10019
10024
10025
10026
10029
10030
10033
10036
10038
10040
10047
10051
10052
10061
10066
10070
10072
10073
10076
10077
10079
10080
10082
10085
10086
10087
10088
10094
10095
10096
10099
10102
10106
10107
10111
10112
10113
10116
10117
10118
10122
10123
10130
10132
10134
10137
10139
10142
10144
10145
10149
10152
10155
10156
10157
10162
10164
10167
10168
10169
10177
10178
10180
10182
10189
10191
10196
10198
10199
10200
10202
10203
10205
10208
10211
10212
10213
10217
10218
10220
10221
10222
10225
10226
10227
10228
10229
10230
10237
10239
10240
10242
10246
10247
10248
10249
10250
10251
10253
10255
10256
10259
10260
10263
10266
10269
10272
10274
10278
10280
10281
10285
10289
10290
10295
10296
10298
10299
10301
10302
10304
10305
10306
10307
10309
10311
10314
10315
10316
10318
10322
10327
10328
10330
10334
10335
10336
10337
10338
10339
10342
10343
10345
10348
10350
10351
10352
10353
10358
10360
10361
10362
10364
10365
10366
10369
10371
10372
10376
10377
10378
10381
10382
10385
10386
10389
10393
10396
10397
10398
10399
10401
10403
10409
10410
10411
10413
10414
10415
10417
10418
10422
10429
10431
10432
10434
10437
10439
10442
10443
10445
10446
10448
10451
10452
10455
10461
10464
10465
10467
10471
10472
10475
10476
10482
10484
10485
10486
10487
10488
10493
10495
10496
10498
10500
10501
10503
10508
10510
10512
10513
10514
10515
10517
10520
10522
10524
10525
10526
10529
10532
10535
10538
10539
10540
10542
10543
10547
10551
10553
10555
10556
10557
10558
10561
10564
10566
10567
10571
10574
10577
10578
10579
10580
10583
10584
10593
10596
10598
10599
10601
10607
10608
10610
10611
10613
10614
10620
10623
10625
10626
10631
10633
10635
10636
10637
10641
10642
10646
10648
10649
10650
10651
10652
10654
10658
10661
10662
10664
10667
10670
10674
10675
10677
10678
10679
10684
10687
10689
10691
10694
10695
10696
10698
10699
10700
10703
10705
10706
10712
10713
10714
10715
10716
10717
10718
10722
10724
10726
10730
10731
10732
10734
10735
10736
10742
10744
10745
10751
10752
10753
10754
10757
10759
10761
10764
10765
10766
10767
10771
10772
10777
10780
10784
10785
10789
10794
10796
10800
10801
10808
10809
10811
10816
10817
10821
10823
10825
10826
10829
10832
10833
10834
10835
10836
10839
10841
10844
10845
10847
10853
10856
10857
10859
10860
10861
10862
10865
10866
10867
10869
10870
10872
10876
10877
10878
10879
10880
10881
10882
10884
10886
10888
10891
10892
10893
10894
10895
10897
10899
10902
10903
10904
10906
10908
10909
10910
10913
10915
10917
10919
10920
10922
10923
10925
10927
10931
10934
10935
10936
10940
10941
10942
10945
10946
10948
10951
10956
10957
10958
10959
10961
10966
10967
10970
10972
10975
10976
10977
10978
10981
10982
10983
10984
10985
10986
10992
10993
10994
10997
11000
11002
11006
11007
11008
11011
11016
11017
11018
11020
11021
11022
11024
11026
11027
11028
11029
11031
11033
11034
11037
11038
11042
11043
11044
11046
11047
11048
11050
11051
11055
11063
11065
11068
11071
11072
11073
11081
11082
11088
11089
11091
11092
11099
11101
11106
11109
11110
11116
11118
11119
11121
11127
11128
11129
11133
11134
11135
11137
11141
11143
11145
11146
11147
11150
11152
11153
11157
11158
11159
11160
11161
11169
11170
11171
11172
11174
11176
11177
11178
11179
11180
11184
11189
11191
11192
11195
11197
11199
11203
11204
11205
11209
11216
11221
11225
11226
11227
11228
11230
11236
11240
11242
11243
11244
11245
11246
11248
11252
11253
11254
11261
11262
11263
11266
11267
11268
11269
11272
11274
11277
11280
11282
11283
11285
11286
11288
11292
11293
11295
11296
11301
11306
11307
11310
11311
11314
11320
11321
11322
11323
11324
11325
11326
11327
11328
11329
11331
11332
11333
11336
11338
11340
11341
11347
11351
11354
11355
11358
11359
11360
11361
11362
11364
11366
11368
11369
11372
11373
11374
11375
11376
11377
11383
11388
11391
11392
11394
11395
11397
11399
11400
11403
11404
11405
11407
11409
11412
11413
11414
11416
11418
11419
11420
11424
11425
11426
11428
11429
11430
11431
11433
11435
11436
11437
11438
11441
11448
11449
11450
11451
11452
11453
11455
11456
11457
11458
11459
11462
11463
11468
11470
11471
11476
11477
11480
11481
11485
11487
11488
11489
11493
11496
11497
11498
11499
11502
11503
11505
11506
11507
11511
11512
11516
11517
11520
11521
11526
11528
11529
11530
11532
11533
11534
11536
11539
11545
11546
11550
11553
11558
11559
11560
11563
11564
11568
11571
11574
11576
11582
11583
11584
11586
11592
11593
11594
11595
11596
11597
11600
11602
11603
11605
11607
11608
11609
11610
11611
11612
11614
11615
11619
11621
11623
11626
11628
11629
11630
11632
11633
11635
11637
11638
11639
11640
11642
11646
11648
11650
11652
11653
11655
11656
11657
11658
11664
11665
11667
11671
11672
11673
11675
11679
11680
11682
11687
11688
11691
11693
11694
11696
11703
11705
11707
11708
11713
11715
11716
11717
11721
11722
11724
11729
11730
11733
11734
11735
11736
11737
11738
11740
11741
11743
11744
11745
11749
11750
11751
11753
11755
11757
11758
11759
11762
11763
11766
11768
11769
11771
11772
11773
11775
11777
11780
11783
11786
11791
11792
11798
11799
11803
11805
11806
11810
11812
11815
11816
11817
11818
11819
11821
11822
11826
11827
11828
11831
11832
11837
11841
11843
11845
11846
11847
11849
11850
11854
11859
11862
11864
11866
11867
11869
11870
11871
11872
11874
11882
11884
11885
11887
11889
11892
11894
11895
11896
11897
11899
11900
11901
11903
11906
11907
11910
11911
11912
11913
11914
11916
11918
11919
11920
11921
11922
11924
11926
11927
11928
11930
11933
11934
11937
11938
11940
11943
11946
11948
11951
11953
11957
11961
11964
11965
11966
11969
11971
11974
11975
11977
11980
11981
11982
11985
11987
11988
11989
11990
11991
11992
11996
11997
11998
12003
12007
12012
12013
12014
12015
12018
12019
12021
12023
12024
12025
12028
12029
12031
12033
12034
12035
12036
12037
12038
12039
12040
12041
12042
12045
12049
12051
12054
12058
12059
12061
12062
12063
12069
12072
12074
12075
12076
12078
12079
12082
12086
12088
12091
12092
12093
12094
12095
12097
12098
12103
12105
12106
12107
12108
12110
12111
12112
12113
12116
12117
12120
12121
12124
12125
12126
12129
12131
12132
12133
12136
12137
12138
12139
12142
12145
12148
12149
12151
12152
12155
12158
12159
12160
12161
12163
12165
12167
12168
12169
12170
12173
12174
12179
12180
12184
12186
12187
12189
12190
12192
12193
12196
12197
12199
12200
12207
12210
12211
12212
12214
12218
12222
12225
12227
12229
12230
12233
12235
12237
12238
12240
12243
12244
12246
12247
12248
12249
12252
12253
12254
12255
12258
12260
12265
12267
12270
12272
12273
12277
12279
12280
12282
12283
12285
12286
12288
12290
12291
12293
12295
12296
12299
12302
12307
12309
12310
12312
12313
12318
12319
12320
12322
12323
12324
12325
12326
12327
12328
12330
12332
12333
12334
12336
12337
12338
12341
12342
12343
12346
12347
12349
12350
12354
12357
12358
12360
12361
12362
12363
12364
12365
12366
12367
12370
12371
12372
12373
12374
12375
12377
12379
12381
12382
12383
12384
12387
12390
12391
12392
12393
12394
12396
12398
12399
12401
12403
12404
12405
12406
12408
12414
12415
12417
12418
12422
12424
12425
12426
12428
12430
12431
12432
12433
12434
12435
12436
12437
12439
12440
12441
12442
12443
12446
12447
12448
12451
12453
12454
12457
12458
12462
12466
12467
12469
12471
12472
12473
12474
12475
12483
12484
12486
12488
12491
12492
12495
12496
12497
12498
12500
12501
12502
12506
12507
12510
12511
12512
12514
12516
12517
12518
12521
12525
12528
12531
12532
12534
12535
12538
12541
12543
12544
12546
12548
12551
12552
12557
12558
12559
12562
12565
12569
12571
12574
12575
12576
12578
12579
12581
12583
12585
12587
12589
12595
12596
12598
12599
12600
12602
12603
12606
12608
12612
12614
12619
12623
12624
12628
12629
12631
12634
12635
12638
12640
12641
12644
12645
12646
12652
12653
12655
12656
12658
12659
12665
12677
12680
12685
12686
12688
12691
12693
12695
12696
12697
12700
12701
12705
12706
12707
12708
12710
12711
12714
12716
12718
12721
12722
12727
12728
12729
12730
12731
12732
12734
12735
12736
12738
12743
12746
12747
12750
12751
12757
12763
12766
12767
12768
12770
12771
12773
12777
12779
12781
12782
12783
12785
12787
12789
12794
12795
12796
12797
12799
12800
12802
12805
12806
12809
12812
12813
12817
12822
12826
12829
12832
12833
12834
12837
12838
12840
12842
12844
12845
12847
12851
12854
12859
12861
12862
12866
12869
12871
12875
12877
12880
12885
12886
12887
12888
12889
12890
12892
12902
12903
12906
12907
12910
12912
12913
12914
12915
12916
12918
12921
12922
12923
12927
12928
12929
12930
12931
12934
12936
12937
12939
12941
12943
12945
12946
12947
12949
12951
12952
12953
12956
12957
12959
12960
12961
12963
12964
12966
12972
12974
12975
12979
12981
12984
12987
12988
12991
12992
12994
12995
12997
12999
13000
13004
13005
13006
13007
13009
13010
13012
13014
13015
13016
13018
13019
13024
13026
13027
13028
13032
13033
13036
13037
13039
13042
13046
13050
13052
13053
13056
13057
13059
13060
13061
13065
13067
13071
13072
13073
13075
13076
13077
13081
13085
13087
13089
13090
13091
13092
13094
13102
13103
13105
13107
13108
13110
13112
13115
13117
13119
13120
13121
13125
13127
13128
13129
13130
13131
13135
13142
13143
13144
13145
13147
13150
13151
13152
13153
13154
13155
13156
13157
13158
13159
13160
13163
13171
13176
13179
13180
13182
13184
13185
13186
13187
13188
13189
13190
13200
13201
13205
13206
13208
13209
13210
13211
13212
13213
13214
13215
13216
13217
13218
13222
13223
13225
13226
13228
13231
13232
13233
13234
13237
13241
13242
13244
13248
13249
13250
13251
13255
13257
13259
13260
13261
13262
13266
13268
13269
13272
13273
13274
13278
13281
13292
13293
13294
13296
13297
13298
13301
13302
13306
13313
13314
13315
13316
13317
13318
13319
13320
13321
13322
13324
13327
13328
13329
13330
13332
13334
13338
13339
13341
13344
13345
13347
13349
13350
13351
13352
13353
13354
13356
13357
13360
13361
13362
13366
13368
13369
13370
13376
13377
13383
13384
13385
13386
13387
13388
13389
13390
13393
13394
13397
13398
13399
13400
13401
13402
13405
13406
13408
13411
13412
13415
13416
13418
13420
13423
13425
13426
13428
13429
13430
13432
13433
13434
13435
13437
13438
13439
13440
13442
13443
13444
13445
13452
13453
13455
13456
13457
13459
13461
13462
13463
13464
13465
13467
13468
13470
13473
13475
13478
13480
13482
13483
13485
13487
13489
13491
13492
13493
13494
13496
13497
13498
13499
13501
13504
13506
13507
13508
13510
13512
13513
13514
13516
13519
13524
13526
13527
13528
13529
13530
13532
13534
13535
13536
13537
13541
13542
13543
13544
13545
13548
13552
13553
13554
13557
13560
13563
13564
13565
13566
13568
13570
13571
13572
13573
13574
13575
13576
13577
13578
13579
13580
13581
13583
13584
13586
13588
13589
13591
13593
13595
13600
13601
13611
13613
13615
13616
13618
13619
13620
13624
13626
13627
13629
13631
13633
13637
13638
13639
13644
13645
13650
13651
13659
13660
13663
13664
13665
13666
13667
13670
13673
13674
13675
13678
13680
13682
13683
13684
13685
13687
13688
13690
13691
13693
13695
13696
13697
13698
13699
13701
13705
13706
13708
13711
13713
13714
13717
13718
13722
13723
13726
13730
13732
13734
13735
13737
13738
13740
13742
13745
13746
13747
13748
13749
13750
13753
13756
13758
13760
13761
13763
13764
13766
13768
13769
13771
13772
13774
13780
13781
13782
13785
13786
13788
13790
13791
13792
13795
13797
13799
13801
13802
13805
13809
13812
13813
13814
13815
13816
13818
13819
13820
13822
13823
13824
13828
13830
13831
13833
13835
13837
13839
13840
13842
13846
13847
13852
13854
13856
13857
13859
13860
13861
13864
13867
13875
13876
13877
13878
13879
13880
13881
13885
13888
13889
13890
13893
13894
13897
13899
13901
13903
13905
13906
13907
13908
13910
13911
13912
13913
13914
13915
13917
13918
13921
13923
13929
13930
13934
13939
13940
13941
13946
13947
13948
13950
13951
13952
13953
13954
13955
13962
13964
13966
13969
13970
13971
13973
13978
13979
13980
13982
13983
13987
13991
13992
13994
13995
13999
14000
14002
14005
14007
14008
14009
14010
14011
14012
14017
14018
14020
14021
14023
14024
14025
14027
14028
14034
14035
14038
14039
14041
14042
14044
14045
14049
14050
14052
14058
14060
14061
14063
14065
14066
14067
14068
14071
14073
14078
14079
14082
14086
14089
14090
14091
14092
14095
14098
14099
14101
14102
14103
14105
14107
14111
14112
14113
14114
14117
14119
14122
14126
14128
14130
14132
14133
14136
14137
14138
14141
14142
14144
14146
14147
14148
14161
14162
14163
14165
14171
14172
14175
14177
14178
14181
14184
14185
14187
14191
14192
14195
14197
14199
14200
14202
14205
14209
14211
14212
14213
14214
14216
14217
14221
14222
14223
14233
14237
14240
14242
14244
14245
14246
14247
14248
14249
14250
14252
14254
14256
14258
14265
14266
14267
14269
14275
14276
14277
14279
14281
14286
14288
14289
14290
14295
14296
14297
14298
14302
14304
14305
14308
14309
14311
14312
14313
14314
14315
14318
14319
14320
14321
14324
14325
14326
14327
14328
14329
14333
14336
14339
14341
14342
14343
14346
14347
14348
14351
14352
14353
14355
14357
14358
14359
14360
14361
14362
14364
14365
14366
14367
14368
14369
14371
14373
14374
14376
14377
14379
14380
14382
14383
14385
14387
14390
14391
14395
14396
14403
14405
14408
14409
14410
14412
14413
14414
14415
14421
14423
14424
14426
14427
14429
14430
14431
14433
14434
14435
14436
14437
14438
14441
14446
14447
14450
14451
14453
14455
14458
14459
14460
14462
14463
14464
14465
14470
14475
14476
14478
14479
14480
14481
14482
14483
14488
14491
14493
14495
14497
14498
14501
14502
14503
14504
14505
14506
14508
14510
14512
14513
14517
14518
14519
14521
14523
14524
14525
14528
14531
14536
14537
14540
14541
14543
14545
14548
14549
14553
14554
14557
14558
14560
14561
14562
14563
14565
14567
14568
14572
14574
14575
14576
14577
14578
14579
14580
14581
14583
14584
14585
14588
14589
14594
14595
14597
14598
14599
14600
14605
14607
14608
14609
14612
14613
14614
14615
14618
14620
14621
14623
14624
14625
14626
14627
14628
14632
14633
14636
14637
14638
14644
14646
14648
14649
14650
14652
14654
14655
14656
14657
14660
14662
14663
14664
14668
14670
14673
14674
14676
14677
14679
14681
14682
14684
14685
14689
14690
14691
14693
14695
14696
14697
14701
14702
14704
14705
14706
14707
14708
14709
14710
14712
14713
14720
14721
14723
14725
14729
14731
14734
14738
14739
14740
14745
14746
14748
14754
14757
14760
14764
14770
14771
14775
14776
14778
14779
14780
14781
14782
14785
14786
14788
14792
14793
14795
14799
14800
14801
14802
14803
14805
14806
14807
14809
14810
14812
14813
14814
14815
14816
14817
14820
14824
14825
14828
14831
14834
14836
14838
14840
14843
14844
14845
14846
14848
14849
14850
14851
14853
14854
14855
14856
14858
14859
14860
14865
14866
14868
14869
14870
14871
14875
14876
14877
14878
14879
14882
14883
14884
14886
14891
14892
14893
14899
14901
14905
14906
14907
14909
14910
14911
14912
14915
14921
14922
14926
14927
14930
14931
14932
14933
14937
14940
14942
14943
14947
14949
14950
14952
14954
14957
14958
14961
14964
14966
14967
14968
14971
14977
14979
14987
14990
14992
14996
14998
15001
15003
15004
15007
15010
15011
15014
15018
15019
15022
15024
15026
15031
15032
15034
15036
15038
15039
15041
15043
15047
15048
15051
15052
15055
15057
15058
15061
15062
15063
15070
15075
15076
15078
15081
15082
15085
15089
15093
15094
15098
15102
15106
15107
15108
15110
15112
15113
15116
15117
15118
15120
15121
15123
15125
15127
15133
15135
15137
15138
15140
15146
15147
15150
15152
15155
15157
15158
15168
15169
15173
15174
15176
15177
15178
15179
15180
15182
15184
15185
15188
15190
15191
15192
15193
15196
15197
15200
15202
15205
15209
15212
15214
15216
15217
15225
15226
15227
15228
15235
15237
15238
15239
15241
15249
15250
15251
15253
15256
15258
15260
15261
15264
15265
15266
15267
15268
15271
15274
15275
15277
15278
15279
15280
15281
15283
15285
15286
15288
15289
15294
15295
15296
15297
15300
15301
15304
15305
15306
15309
15311
15312
15316
15317
15319
15320
15321
15323
15325
15329
15333
15336
15340
15342
15344
15347
15350
15354
15355
15357
15358
15359
15361
15362
15363
15364
15365
15371
15372
15374
15375
15376
15377
15380
15387
15391
15392
15393
15394
15395
15396
15402
15403
15405
15409
15411
15412
15413
15418
15419
15421
15424
15426
15427
15428
15432
15433
15436
15437
15442
15444
15445
15447
15448
15450
15457
15458
15459
15461
15464
15465
15466
15470
15471
15477
15478
15481
15482
15483
15486
15487
15488
15489
15491
15492
15494
15495
15497
15499
15500
15505
15506
15507
15512
15513
15515
15517
15519
15521
15522
15525
15527
15528
15531
15532
15535
15536
15537
15539
15541
15542
15543
15544
15549
15550
15553
15554
15558
15559
15562
15563
15564
15565
15566
15567
15568
15570
15571
15575
15580
15581
15582
15583
15584
15586
15587
15589
15592
15596
15597
15598
15599
15603
15604
15609
15610
15613
15614
15615
15616
15617
15618
15619
15622
15623
15624
15625
15626
15631
15636
15637
15640
15645
15646
15648
15655
15659
15661
15663
15664
15665
15669
15675
15677
15680
15683
15684
15686
15687
15692
15693
15695
15696
15697
15698
15699
15701
15704
15705
15706
15707
15709
15710
15713
15716
15717
15718
15720
15722
15724
15727
15731
15732
15735
15736
15737
15739
15740
15741
15748
15749
15750
15751
15755
15756
15757
15758
15760
15761
15762
15763
15764
15765
15766
15767
15769
15771
15772
15774
15775
15776
15778
15779
15782
15783
15786
15787
15794
15795
15797
15800
15803
15806
15811
15814
15815
15818
15819
15820
15821
15823
15824
15825
15826
15827
15828
15831
15832
15834
15837
15838
15840
15841
15844
15845
15849
15850
15851
15856
15858
15864
15865
15866
15867
15868
15869
15870
15872
15874
15875
15878
15880
15881
15882
15887
15888
15889
15891
15892
15896
15898
15900
15903
15907
15908
15910
15911
15913
15920
15921
15922
15924
15926
15927
15930
15931
15935
15936
15937
15938
15939
15941
15942
15945
15947
15948
15952
15954
15957
15958
15960
15963
15964
15966
15967
15970
15972
15974
15975
15978
15981
15982
15986
15987
15988
15990
15993
15995
15997
15998
16000
16001
16005
16007
16009
16012
16014
16016
16020
16021
16022
16023
16024
16025
16027
16029
16031
16034
16036
16038
16039
16040
16041
16043
16045
16050
16051
16052
16055
16056
16058
16060
16061
16064
16065
16066
16067
16068
16069
16071
16073
16074
16077
16083
16084
16085
16087
16088
16090
16091
16096
16098
16099
16100
16102
16103
16104
16105
16106
16109
16110
16116
16118
16121
16125
16126
16129
16131
16132
16134
16136
16139
16140
16142
16143
16144
16145
16147
16149
16154
16156
16157
16158
16162
16163
16164
16168
16169
16173
16174
16175
16176
16177
16178
16179
16180
16182
16183
16184
16185
16186
16188
16189
16193
16195
16198
16199
16200
16202
16204
16206
16207
16209
16210
16213
16214
16217
16220
16223
16225
16227
16231
16232
16234
16235
16236
16237
16240
16241
16242
16243
16244
16245
16247
16248
16249
16252
16253
16256
16257
16258
16259
16264
16268
16270
16271
16272
16274
16275
16276
16278
16279
16280
16281
16283
16284
16285
16286
16289
16292
16294
16295
16296
16297
16298
16300
16301
16303
16304
16307
16308
16310
16314
16315
16318
16320
16322
16323
16324
16326
16327
16328
16331
16333
16334
16335
16336
16339
16340
16341
16342
16343
16345
16347
16349
16354
16356
16357
16358
16360
16361
16365
16367
16368
16369
16370
16373
16374
16376
16378
16381
16386
16388
16389
16390
16393
16395
16396
16397
16398
16405
16406
16407
16409
16410
16411
16412
16413
16414
16417
16419
16420
16422
16425
16426
16427
16428
16431
16432
16435
16445
16448
16450
16451
16454
16455
16456
16458
16459
16462
16463
16465
16469
16472
16473
16475
16479
16480
16481
16486
16487
16489
16490
16491
16492
16497
16498
16502
16503
16504
16506
16507
16510
16512
16514
16515
16517
16518
16519
16521
16523
16524
16525
16526
16527
16529
16531
16532
16533
16541
16543
16544
16547
16548
16549
16552
16553
16555
16557
16559
16561
16565
16566
16567
16570
16571
16572
16573
16576
16578
16581
16582
16585
16586
16591
16592
16595
16596
16597
16605
16607
16608
16610
16611
16613
16615
16617
16619
16620
16621
16623
16624
16627
16629
16633
16635
16638
16639
16642
16643
16644
16645
16646
16650
16651
16653
16658
16662
16663
16665
16667
16668
16671
16672
16673
16675
16678
16679
16681
16682
16683
16684
16685
16686
16690
16693
16694
16699
16700
16704
16709
16710
16712
16715
16722
16723
16725
16726
16730
16731
16733
16734
16735
16736
16740
16744
16748
16750
16751
16753
16755
16757
16758
16759
16760
16761
16762
16763
16764
16766
16770
16772
16774
16775
16777
16779
16780
16783
16784
16785
16786
16787
16791
16792
16793
16794
16795
16796
16798
16799
16800
16804
16806
16808
16810
16812
16815
16817
16818
16820
16821
16826
16828
16829
16831
16832
16833
16835
16837
16839
16840
16842
16843
16844
16847
16848
16849
16850
16853
16854
16855
16856
16860
16861
16863
16864
16865
16870
16871
16873
16874
16875
16876
16879
16884
16885
16886
16888
16889
16891
16897
16898
16900
16904
16908
16909
16910
16911
16912
16913
16914
16916
16920
16921
16925
16928
16929
16930
16931
16933
16934
16936
16937
16938
16939
16940
16942
16944
16945
16946
16952
16953
16958
16959
16967
16968
16969
16973
16975
16976
16977
16978
16979
16980
16982
16983
16985
16986
16987
16989
16990
16993
16994
16995
16996
16999
17001
17002
17003
17004
17005
17006
17008
17009
17012
17015
17017
17018
17019
17022
17025
17027
17028
17033
17034
17035
17039
17040
17045
17047
17049
17052
17054
17055
17056
17060
17061
17065
17066
17067
17071
17072
17073
17075
17076
17078
17081
17082
17083
17085
17087
17090
17091
17092
17094
17095
17100
17105
17110
17112
17120
17121
17122
17123
17125
17128
17129
17130
17131
17133
17134
17135
17136
17138
17139
17140
17141
17150
17151
17152
17154
17155
17162
17164
17166
17168
17169
17171
17173
17175
17178
17182
17190
17191
17192
17195
17197
17200
17203
17204
17205
17206
17211
17215
17217
17219
17220
17221
17222
17223
17224
17225
17227
17229
17230
17234
17236
17237
17239
17242
17245
17248
17250
17253
17254
17257
17258
17266
17267
17268
17272
17276
17277
17278
17279
17290
17292
17297
17298
17299
17300
17302
17308
17309
17311
17313
17314
17315
17317
17321
17328
17329
17330
17331
17332
17335
17336
17337
17338
17339
17341
17344
17345
17348
17350
17353
17356
17357
17359
17360
17363
17364
17365
17367
17370
17371
17373
17374
17375
17376
17377
17380
17385
17386
17387
17388
17389
17390
17391
17393
17394
17395
17402
17403
17404
17406
17413
17414
17419
17421
17422
17424
17426
17428
17429
17431
17433
17436
17440
17441
17443
17444
17446
17450
17451
17461
17464
17465
17467
17468
17470
17471
17477
17478
17479
17480
17481
17482
17483
17484
17485
17487
17489
17490
17492
17493
17495
17496
17498
17499
17500
17501
17503
17505
17506
17508
17509
17512
17513
17514
17517
17519
17520
17521
17523
17528
17531
17533
17534
17535
17536
17537
17539
17540
17541
17543
17544
17545
17549
17552
17554
17556
17559
17561
17562
17564
17567
17569
17570
17571
17572
17573
17574
17575
17576
17577
17578
17579
17580
17581
17582
17586
17587
17590
17591
17592
17594
17599
17600
17602
17603
17604
17606
17607
17611
17613
17614
17615
17616
17618
17620
17621
17622
17624
17626
17627
17629
17630
17631
17633
17637
17643
17645
17647
17648
17649
17650
17651
17652
17653
17658
17659
17660
17661
17662
17663
17667
17668
17670
17672
17673
17680
17681
17683
17688
17691
17693
17694
17697
17698
17699
17700
17701
17702
17705
17706
17707
17708
17709
17710
17712
17714
17715
17718
17722
17723
17725
17726
17728
17731
17732
17733
17734
17738
17739
17740
17741
17742
17743
17746
17747
17748
17750
17752
17754
17757
17758
17759
17760
17763
17764
17767
17768
17770
17772
17773
17775
17777
17778
17779
17781
17783
17786
17787
17788
17789
17790
17793
17802
17803
17804
17805
17806
17810
17812
17813
17815
17821
17822
17825
17826
17829
17831
17832
17833
17839
17841
17842
17846
17847
17850
17852
17854
17855
17856
17857
17859
17861
17865
17867
17868
17869
17870
17872
17877
17878
17883
17885
17886
17887
17890
17897
17900
17901
17902
17906
17908
17914
17915
17918
17922
17924
17925
17926
17931
17933
17934
17938
17939
17940
17941
17942
17943
17944
17948
17950
17951
17953
17955
17959
17961
17962
17964
17969
17970
17974
17975
17977
17978
17979
17980
17981
17983
17984
17989
17990
17992
17996
17998
18000
18002
18003
18004
18005
18006
18007
18011
18012
18016
18020
18025
18026
18028
18029
18030
18032
18033
18035
18037
18039
18040
18041
18043
18045
18047
18050
18051
18056
18058
18059
18060
18063
18066
18072
18073
18074
18076
18077
18080
18081
18084
18089
18090
18091
18096
18098
18102
18104
18105
18108
18111
18112
18114
18115
18117
18118
18121
18122
18123
18127
18129
18131
18132
18135
18136
18137
18138
18141
18142
18144
18146
18147
18151
18152
18153
18157
18158
18159
18166
18171
18172
18173
18174
18176
18178
18179
18180
18182
18184
18186
18187
18188
18190
18192
18200
18201
18204
18205
18206
18207
18209
18210
18211
18217
18218
18220
18221
18222
18223
18226
18229
18231
18234
18235
18236
18237
18239
18240
18244
18250
18251
18253
18259
18264
18266
18268
18271
18275
18276
18277
18278
18279
18280
18281
18282
18283
18285
18286
18287
18293
18296
18297
18298
18301
18305
18306
18307
18308
18309
18313
18314
18315
18316
18324
18325
18328
18329
18330
18331
18333
18336
18342
18343
18345
18346
18350
18352
18356
18360
18361
18363
18364
18366
18367
18368
18369
18372
18373
18374
18375
18377
18378
18380
18382
18384
18386
18387
18389
18390
18391
18393
18394
18396
18397
18399
18404
18405
18408
18409
18410
18411
18412
18414
18416
18417
18420
18422
18424
18426
18427
18429
18431
18432
18433
18434
18436
18437
18438
18439
18441
18442
18445
18447
18448
18449
18450
18451
18452
18453
18455
18458
18463
18464
18465
18467
18468
18469
18470
18473
18476
18479
18480
18483
18484
18486
18488
18489
18490
18493
18495
18498
18500
18502
18503
18504
18506
18507
18508
18509
18510
18514
18517
18518
18521
18522
18525
18527
18530
18531
18533
18535
18536
18539
18540
18541
18544
18548
18549
18550
18552
18553
18554
18555
18556
18557
18559
18560
18561
18562
18564
18565
18567
18568
18571
18573
18574
18575
18577
18580
18581
18583
18586
18589
18594
18596
18597
18598
18600
18605
18607
18611
18612
18613
18614
18615
18619
18620
18621
18623
18626
18630
18634
18636
18639
18642
18646
18648
18653
18660
18662
18663
18664
18666
18671
18672
18673
18674
18675
18676
18681
18682
18683
18684
18685
18686
18689
18690
18692
18693
18695
18697
18698
18701
18702
18703
18709
18710
18711
18713
18714
18716
18718
18721
18723
18727
18728
18729
18732
18733
18734
18735
18736
18738
18739
18740
18741
18744
18745
18746
18747
18749
18750
18752
18755
18757
18761
18763
18764
18765
18768
18769
18770
18772
18773
18774
18775
18777
18780
18783
18786
18788
18790
18793
18795
18796
18797
18798
18800
18801
18802
18803
18804
18805
18807
18808
18809
18810
18812
18813
18814
18819
18821
18823
18824
18826
18827
18828
18831
18832
18834
18836
18838
18839
18841
18842
18843
18847
18848
18850
18852
18853
18855
18856
18858
18859
18861
18863
18864
18865
18867
18868
18870
18871
18872
18874
18875
18877
18878
18885
18887
18889
18893
18900
18901
18902
18904
18906
18908
18910
18913
18915
18916
18917
18918
18919
18924
18928
18929
18933
18935
18939
18940
18941
18943
18945
18946
18948
18952
18953
18954
18956
18961
18965
18967
18968
18970
18971
18972
18975
18977
18979
18980
18982
18985
18988
18989
18995
19000
19006
19009
19011
19014
19018
19020
19023
19027
19028
19029
19035
19037
19041
19043
19044
19046
19047
19050
19051
19052
19055
19056
19058
19059
19061
19063
19065
19066
19069
19070
19073
19074
19075
19078
19079
19080
19081
19090
19092
19095
19096
19098
19099
19100
19105
19106
19108
19111
19114
19116
19118
19119
19120
19121
19123
19124
19125
19127
19129
19130
19132
19135
19136
19137
19139
19140
19141
19144
19146
19147
19149
19152
19154
19159
19160
19161
19164
19166
19174
19175
19177
19182
19184
19185
19186
19187
19189
19191
19195
19197
19199
19202
19204
19206
19207
19208
19209
19211
19212
19213
19214
19215
19217
19218
19219
19220
19221
19227
19230
19237
19239
19240
19242
19244
19246
19247
19248
19249
19250
19251
19252
19253
19255
19257
19259
19260
19263
19264
19265
19269
19270
19271
19274
19275
19280
19281
19285
19287
19290
19291
19292
19294
19295
19297
19298
19299
19300
19303
19305
19306
19307
19309
19312
19313
19318
19319
19320
19322
19323
19330
19333
19334
19339
19340
19346
19347
19348
19350
19351
19354
19355
19362
19366
19368
19372
19373
19375
19376
19380
19381
19382
19383
19384
19385
19387
19390
19394
19395
19398
19400
19402
19403
19406
19407
19408
19409
19410
19416
19419
19421
19424
19425
19426
19427
19432
19435
19437
19441
19442
19445
19446
19447
19449
19450
19457
19458
19459
19461
19462
19463
19464
19465
19466
19468
19469
19471
19472
19474
19475
19478
19479
19480
19481
19482
19483
19484
19488
19491
19493
19494
19495
19496
19497
19498
19499
19500
19505
19506
19508
19509
19512
19513
19515
19516
19517
19519
19520
19523
19526
19528
19529
19530
19533
19536
19537
19538
19539
19541
19543
19545
19546
19547
19548
19549
19551
19552
19554
19555
19556
19560
19561
19562
19564
19565
19566
19568
19569
19572
19576
19577
19578
19582
19583
19584
19586
19588
19589
19593
19594
19595
19596
19597
19599
19601
19602
19605
19608
19609
19612
19613
19614
19617
19621
19622
19623
19626
19628
19629
19630
19632
19635
19636
19637
19638
19640
19642
19643
19645
19646
19650
19651
19652
19654
19655
19656
19657
19659
19661
19663
19664
19667
19669
19670
19671
19672
19674
19676
19677
19679
19681
19682
19683
19687
19688
19689
19692
19702
19703
19705
19707
19709
19711
19717
19718
19720
19721
19722
19724
19725
19727
19731
19734
19735
19737
19739
19740
19743
19744
19745
19747
19751
19752
19757
19758
19759
19760
19761
19762
19765
19766
19770
19772
19778
19781
19782
19783
19784
19785
19790
19791
19794
19796
19798
19800
19804
19806
19807
19811
19813
19814
19815
19823
19826
19827
19828
19829
19836
19842
19843
19844
19845
19848
19852
19854
19855
19856
19858
19863
19865
19866
19869
19870
19871
19873
19874
19876
19882
19883
19884
19886
19887
19889
19890
19892
19895
19902
19903
19904
19906
19908
19909
19910
19913
19916
19917
19919
19920
19922
19924
19926
19927
19928
19929
19931
19932
19935
19937
19939
19940
19941
19942
19943
19946
19947
19949
19956
19958
19959
19960
19963
19964
19965
19966
19968
19973
19980
19982
19983
19989
19990
19991
19992
19994
19996
19998
20000
20002
20003
20005
20013
20014
20015
20017
20019
20021
20024
20025
20026
20028
20029
20030
20032
20038
20042
20043
20044
20046
20047
20049
20051
20052
20053
20054
20057
20064
20065
20068
20069
20070
20073
20075
20076
20078
20079
20081
20082
20083
20086
20087
20088
20089
20094
20096
20100
20101
20104
20105
20107
20108
20109
20110
20111
20112
20113
20115
20119
20120
20121
20125
20127
20129
20131
20133
20135
20139
20140
20141
20146
20147
20148
20151
20152
20153
20154
20155
20158
20163
20164
20166
20167
20168
20169
20170
20171
20173
20175
20177
20181
20182
20186
20189
20191
20193
20195
20197
20200
20201
20203
20205
20209
20210
20216
20217
20218
20219
20221
20222
20224
20226
20227
20228
20230
20231
20237
20239
20240
20242
20246
20247
20249
20253
20255
20256
20261
20265
20268
20270
20272
20273
20275
20276
20279
20282
20286
20289
20291
20292
20295
20298
20300
20301
20302
20303
20305
20307
20310
20311
20312
20313
20314
20315
20318
20320
20321
20322
20323
20328
20330
20332
20333
20335
20337
20339
20342
20343
20344
20345
20346
20348
20349
20352
20353
20355
20356
20358
20362
20363
20364
20365
20366
20367
20368
20373
20381
20383
20386
20388
20389
20390
20391
20392
20393
20395
20397
20398
20399
20401
20402
20403
20404
20406
20407
20408
20409
20415
20416
20417
20421
20422
20424
20428
20431
20434
20436
20439
20442
20444
20450
20453
20455
20456
20457
20458
20459
20460
20465
20466
20468
20472
20474
20476
20479
20485
20488
20489
20491
20492
20494
20495
20497
20500
20501
20502
20503
20505
20506
20507
20510
20512
20515
20516
20517
20518
20519
20520
20521
20522
20525
20526
20527
20530
20533
20539
20540
20547
20548
20550
20553
20554
20557
20558
20559
20562
20563
20565
20568
20576
20578
20579
20580
20581
20583
20584
20587
20589
20590
20592
20595
20597
20599
20601
20603
20605
20607
20608
20609
20610
20611
20616
20619
20620
20621
20622
20624
20625
20629
20630
20635
20636
20638
20640
20641
20643
20644
20645
20647
20649
20652
20657
20658
20659
20660
20665
20666
20667
20668
20669
20670
20675
20676
20677
20680
20682
20683
20684
20687
20689
20691
20692
20693
20695
20702
20703
20704
20705
20708
20713
20716
20717
20718
20719
20721
20724
20725
20726
20727
20728
20731
20733
20734
20739
20740
20743
20744
20745
20747
20748
20751
20753
20756
20757
20758
20759
20760
20762
20764
20765
20770
20771
20772
20773
20777
20778
20779
20780
20781
20784
20785
20787
20790
20791
20792
20793
20796
20797
20798
20799
20800
20802
20803
20807
20808
20811
20813
20815
20816
20818
20822
20825
20826
20827
20828
20829
20831
20832
20833
20836
20837
20839
20840
20841
20842
20843
20844
20846
20848
20849
20850
20853
20854
20855
20856
20857
20858
20859
20860
20861
20862
20863
20864
20869
20870
20872
20873
20874
20875
20876
20877
20880
20881
20883
20884
20885
20889
20890
20891
20892
20893
20894
20895
20896
20898
20900
20901
20907
20908
20912
20916
20917
20918
20921
20922
20925
20928
20929
20930
20931
20932
20935
20936
20938
20940
20944
20946
20947
20949
20951
20952
20953
20957
20961
20962
20963
20964
20965
20966
20967
20969
20975
20976
20978
20979
20983
20984
20985
20987
20988
20989
20990
20991
20994
20996
20999
21000
21002
21003
21006
21009
21011
21013
21014
21016
21018
21019
21020
21021
21022
21024
21025
21030
21033
21036
21037
21038
21039
21040
21041
21042
21043
21044
21046
21048
21049
21050
21057
21058
21059
21060
21062
21063
21064
21068
21070
21071
21072
21079
21080
21082
21087
21088
21090
21092
21093
21095
21096
21097
21099
21100
21103
21105
21106
21107
21110
21116
21118
21119
21121
21123
21125
21129
21132
21134
21135
21136
21137
21138
21140
21144
21146
21148
21149
21150
21151
21153
21154
21156
21160
21161
21162
21164
21165
21171
21172
21173
21176
21178
21179
21183
21186
21188
21189
21191
21193
21194
21196
21197
21199
21200
21201
21202
21204
21205
21206
21209
21210
21213
21214
21218
21220
21221
21225
21227
21228
21232
21236
21241
21243
21246
21247
21248
21249
21250
21251
21253
21254
21255
21256
21257
21258
21260
21261
21266
21272
21273
21275
21279
21285
21286
21288
21289
21290
21292
21302
21304
21305
21306
21307
21310
21311
21313
21314
21315
21317
21320
21321
21323
21327
21333
21334
21337
21339
21342
21343
21350
21352
21353
21355
21357
21358
21359
21360
21361
21363
21370
21371
21374
21375
21376
21379
21380
21381
21382
21385
21386
21387
21389
21393
21394
21396
21397
21398
21401
21402
21407
21408
21410
21411
21414
21415
21416
21419
21420
21422
21423
21424
21426
21427
21429
21430
21431
21432
21435
21436
21437
21440
21441
21442
21443
21447
21448
21449
21453
21455
21458
21460
21461
21462
21463
21465
21466
21467
21468
21469
21470
21471
21472
21474
21480
21481
21483
21484
21491
21493
21495
21496
21497
21500
21502
21503
21504
21505
21506
21507
21509
21510
21511
21512
21513
21514
21516
21517
21518
21519
21521
21523
21524
21525
21530
21531
21532
21534
21536
21537
21538
21541
21543
21544
21548
21551
21552
21556
21560
21561
21564
21566
21568
21570
21571
21572
21573
21574
21575
21579
21580
21582
21584
21585
21586
21588
21591
21593
21594
21595
21597
21598
21600
21601
21603
21605
21606
21607
21612
21613
21614
21615
21619
21623
21624
21628
21630
21636
21637
21638
21639
21640
21641
21644
21651
21653
21654
21655
21657
21658
21659
21660
21664
21665
21668
21670
21672
21674
21675
21677
21680
21681
21683
21685
21686
21687
21688
21690
21692
21694
21696
21697
21698
21700
21701
21702
21705
21707
21708
21710
21711
21714
21717
21720
21722
21723
21724
21727
21730
21731
21733
21734
21736
21738
21739
21742
21743
21745
21747
21748
21750
21752
21754
21756
21757
21758
21760
21761
21762
21763
21765
21767
21768
21769
21773
21774
21777
21781
21784
21785
21787
21788
21791
21795
21798
21800
21801
21802
21805
21811
21812
21815
21816
21818
21819
21820
21822
21827
21831
21832
21837
21839
21840
21841
21843
21844
21846
21850
21851
21852
21853
21854
21855
21856
21857
21858
21859
21861
21864
21865
21866
21867
21868
21869
21871
21873
21874
21877
21878
21879
21880
21881
21884
21888
21889
21890
21891
21892
21894
21895
21897
21899
21901
21902
21904
21905
21907
21908
21910
21911
21912
21913
21914
21921
21922
21923
21924
21926
21928
21929
21930
21931
21933
21934
21936
21939
21941
21942
21945
21946
21948
21949
21951
21953
21954
21955
21956
21958
21959
21961
21963
21964
21965
21966
21967
21968
21969
21970
21974
21976
21977
21978
21980
21981
21982
21984
21985
21986
21987
21993
21994
21996
21997
21999
22001
22003
22004
22007
22008
22010
22013
22015
22016
22019
22020
22022
22023
22026
22030
22031
22033
22035
22040
22041
22042
22043
22048
22051
22054
22064
22071
22073
22075
22077
22080
22081
22083
22084
22085
22087
22088
22089
22092
22096
22100
22103
22108
22110
22112
22113
22116
22117
22119
22120
22122
22127
22133
22136
22139
22140
22141
22142
22143
22144
22145
22149
22156
22157
22158
22160
22162
22163
22165
22168
22169
22170
22171
22172
22174
22175
22178
22179
22181
22183
22184
22185
22187
22189
22190
22191
22192
22197
22205
22206
22207
22211
22212
22214
22215
22216
22217
22218
22221
22223
22224
22225
22226
22227
22230
22231
22233
22234
22235
22236
22237
22238
22239
22241
22245
22246
22247
22249
22251
22253
22255
22256
22260
22261
22264
22267
22270
22273
22274
22275
22276
22278
22279
22280
22282
22283
22284
22285
22288
22289
22291
22292
22293
22295
22297
22298
22299
22302
22303
22304
22305
22306
22307
22309
22311
22312
22313
22317
22318
22319
22320
22321
22324
22327
22328
22331
22333
22334
22336
22340
22341
22345
22346
22347
22348
22349
22350
22351
22352
22353
22354
22355
22361
22365
22368
22370
22371
22372
22374
22379
22380
22382
22383
22384
22385
22386
22387
22389
22390
22391
22392
22393
22395
22398
22399
22400
22403
22406
22409
22410
22411
22412
22413
22416
22417
22420
22423
22426
22429
22431
22433
22435
22438
22439
22440
22443
22445
22446
22447
22448
22451
22452
22454
22455
22457
22460
22461
22465
22467
22468
22469
22470
22473
22474
22475
22478
22479
22480
22481
22484
22485
22487
22490
22492
22493
22496
22497
22501
22502
22503
22504
22505
22506
22508
22511
22512
22515
22516
22519
22522
22523
22524
22525
22532
22534
22535
22536
22540
22541
22543
22545
22548
22551
22552
22554
22555
22566
22567
22569
22575
22576
22578
22584
22591
22595
22601
22604
22605
22608
22610
22612
22614
22615
22618
22619
22620
22621
22622
22624
22625
22626
22630
22634
22636
22637
22638
22643
22645
22646
22647
22651
22652
22653
22654
22655
22657
22659
22660
22661
22664
22667
22668
22671
22672
22676
22677
22680
22681
22683
22686
22687
22688
22689
22691
22696
22698
22700
22702
22703
22705
22709
22710
22711
22712
22713
22714
22716
22717
22721
22722
22724
22725
22726
22728
22733
22735
22737
22739
22740
22744
22746
22748
22749
22752
22756
22757
22759
22760
22763
22766
22767
22768
22770
22772
22774
22776
22778
22779
22780
22783
22786
22787
22788
22789
22790
22791
22793
22794
22796
22797
22798
22799
22800
22802
22803
22805
22806
22808
22809
22813
22814
22817
22819
22820
22822
22824
22825
22826
22829
22830
22832
22837
22838
22839
22840
22841
22845
22846
22847
22848
22850
22854
22857
22858
22859
22862
22863
22864
22865
22867
22868
22869
22870
22874
22875
22876
22877
22878
22881
22882
22883
22886
22889
22891
22892
22894
22896
22898
22900
22901
22906
22907
22909
22910
22913
22915
22917
22918
22919
22920
22921
22926
22928
22929
22930
22932
22933
22938
22939
22941
22943
22945
22946
22947
22950
22951
22952
22954
22955
22956
22957
22959
22960
22961
22964
22966
22967
22969
22972
22974
22976
22977
22978
22981
22982
22984
22985
22987
22988
22990
22991
22992
22993
22994
22995
22996
23002
23003
23004
23005
23006
23008
23011
23012
23013
23014
23015
23016
23017
23018
23019
23021
23024
23025
23026
23027
23028
23029
23036
23048
23049
23050
23055
23057
23060
23063
23066
23067
23070
23072
23073
23075
23076
23077
23078
23079
23084
23085
23086
23088
23089
23097
23098
23100
23105
23106
23107
23111
23112
23114
23115
23116
23118
23119
23122
23123
23126
23129
23130
23131
23132
23133
23136
23137
23138
23139
23140
23141
23143
23145
23147
23150
23151
23153
23156
23157
23158
23159
23160
23161
23165
23166
23169
23170
23174
23175
23178
23180
23181
23182
23183
23185
23186
23188
23189
23192
23198
23201
23205
23207
23209
23210
23211
23212
23213
23216
23217
23223
23224
23226
23228
23231
23232
23233
23235
23241
23243
23244
23245
23246
23248
23256
23257
23259
23260
23261
23262
23263
23271
23272
23273
23274
23275
23276
23277
23278
23279
23286
23289
23290
23292
23294
23295
23297
23301
23302
23303
23304
23308
23310
23312
23313
23316
23319
23320
23322
23324
23328
23329
23330
23333
23334
23335
23337
23338
23339
23343
23344
23346
23347
23349
23353
23354
23357
23359
23363
23369
23370
23372
23373
23374
23375
23377
23379
23380
23382
23383
23385
23386
23388
23391
23392
23396
23397
23398
23399
23401
23402
23404
23405
23406
23408
23409
23412
23413
23416
23417
23418
23419
23420
23423
23425
23426
23432
23436
23438
23439
23442
23443
23445
23446
23447
23451
23453
23454
23455
23463
23464
23465
23466
23470
23475
23478
23479
23480
23482
23489
23490
23492
23493
23496
23497
23498
23500
23508
23515
23517
23518
23521
23522
23526
23527
23528
23529
23532
23533
23535
23538
23541
23542
23543
23544
23545
23547
23548
23555
23556
23557
23558
23560
23561
23563
23564
23566
23578
23581
23584
23585
23586
23587
23590
23592
23594
23596
23598
23599
23600
23602
23607
23608
23610
23612
23615
23616
23618
23619
23621
23623
23624
23628
23629
23630
23632
23634
23638
23642
23644
23648
23649
23652
23655
23658
23659
23660
23665
23667
23668
23669
23671
23672
23674
23675
23679
23680
23681
23683
23684
23685
23688
23689
23690
23691
23693
23694
23695
23697
23698
23699
23700
23701
23703
23706
23709
23711
23712
23715
23716
23717
23718
23720
23722
23723
23724
23725
23728
23731
23737
23739
23742
23744
23745
23747
23750
23751
23752
23753
23754
23755
23756
23759
23760
23762
23763
23764
23766
23767
23770
23771
23774
23778
23779
23783
23786
23787
23790
23792
23804
23805
23806
23809
23810
23811
23814
23818
23823
23826
23828
23831
23835
23836
23838
23840
23843
23844
23847
23851
23852
23860
23861
23863
23864
23865
23866
23868
23870
23874
23875
23878
23879
23880
23884
23885
23887
23888
23889
23890
23892
23893
23895
23896
23898
23899
23900
23903
23906
23907
23910
23911
23914
23915
23917
23918
23920
23922
23923
23931
23933
23934
23935
23936
23939
23941
23942
23945
23947
23948
23949
23950
23952
23953
23956
23958
23959
23960
23961
23962
23967
23968
23969
23970
23973
23976
23980
23982
23985
23988
23990
23991
23993
23998
23999
24000
24001
24002
24003
24005
24008
24009
24010
24012
24013
24014
24015
24017
24019
24022
24024
24025
24026
24027
24028
24029
24030
24034
24035
24038
24041
24046
24047
24054
24055
24059
24062
24063
24069
24070
24071
24073
24077
24078
24079
24081
24082
24083
24087
24089
24090
24092
24096
24097
24098
24100
24102
24107
24109
24111
24112
24114
24115
24117
24119
24121
24122
24123
24126
24129
24131
24134
24137
24140
24141
24143
24145
24147
24156
24157
24158
24159
24162
24167
24168
24170
24172
24173
24178
24179
24180
24181
24183
24185
24186
24187
24189
24190
24192
24198
24199
24200
24201
24202
24204
24206
24209
24210
24211
24212
24214
24215
24216
24217
24218
24219
24224
24225
24227
24228
24229
24230
24232
24238
24240
24242
24244
24245
24250
24251
24252
24253
24254
24256
24257
24260
24261
24262
24264
24268
24269
24271
24275
24277
24278
24280
24285
24286
24289
24293
24294
24295
24297
24298
24302
24303
24304
24305
24308
24311
24313
24315
24317
24318
24319
24320
24322
24324
24325
24328
24329
24330
24332
24333
24334
24336
24337
24338
24339
24340
24344
24346
24348
24352
24353
24354
24355
24356
24357
24358
24359
24360
24362
24364
24365
24367
24368
24372
24373
24377
24379
24380
24381
24385
24387
24391
24392
24395
24398
24401
24405
24408
24409
24411
24413
24414
24416
24419
24421
24424
24425
24427
24430
24432
24433
24437
24440
24441
24442
24443
24444
24445
24447
24450
24451
24453
24457
24458
24459
24463
24465
24466
24467
24468
24470
24471
24473
24474
24475
24476
24477
24479
24480
24481
24482
24486
24487
24488
24490
24492
24498
24499
24501
24502
24506
24507
24510
24515
24519
24520
24524
24525
24527
24528
24529
24530
24531
24532
24534
24535
24536
24537
24538
24539
24540
24541
24542
24543
24545
24547
24548
24550
24554
24555
24556
24557
24559
24560
24563
24565
24566
24567
24576
24577
24578
24579
24580
24583
24584
24585
24587
24590
24591
24593
24596
24598
24600
24601
24602
24603
24604
24605
24608
24611
24612
24613
24614
24615
24619
24620
24621
24623
24624
24626
24630
24632
24634
24635
24637
24638
24639
24646
24647
24648
24651
24652
24654
24656
24658
24659
24660
24661
24664
24665
24666
24667
24672
24674
24676
24679
24681
24682
24683
24689
24690
24696
24697
24698
24699
24702
24706
24710
24713
24715
24716
24718
24719
24721
24722
24726
24727
24730
24731
24733
24734
24737
24744
24745
24746
24750
24751
24754
24757
24758
24761
24762
24765
24767
24769
24770
24771
24772
24773
24777
24783
24787
24794
24795
24796
24797
24799
24800
24802
24804
24806
24807
24808
24809
24811
24813
24814
24815
24817
24818
24821
24822
24823
24825
24827
24828
24830
24832
24835
24836
24838
24839
24840
24842
24845
24846
24849
24853
24856
24859
24863
24864
24865
24867
24868
24869
24874
24879
24881
24882
24883
24886
24888
24890
24892
24896
24899
24901
24906
24908
24910
24911
24919
24920
24924
24925
24927
24928
24930
24931
24933
24935
24937
24939
24943
24944
24946
24949
24952
24958
24959
24960
24961
24962
24963
24964
24970
24972
24976
24977
24978
24980
24982
24985
24986
24987
24988
24990
24991
24994
24997
25000
25005
25013
25020
25021
25022
25023
25025
25026
25027
25029
25030
25031
25032
25033
25034
25035
25037
25038
25041
25045
25046
25048
25053
25054
25055
25056
25057
25060
25062
25063
25068
25070
25071
25074
25075
25077
25078
25079
25081
25082
25087
25090
25091
25094
25096
25102
25103
25106
25107
25110
25112
25113
25116
25118
25121
25122
25123
25124
25125
25126
25127
25128
25131
25132
25133
25134
25135
25136
25137
25138
25142
25143
25144
25145
25146
25147
25148
25149
25152
25154
25157
25159
25161
25162
25166
25167
25170
25173
25175
25178
25179
25181
25182
25184
25187
25188
25189
25191
25193
25195
25196
25198
25199
25208
25209
25212
25213
25214
25216
25217
25219
25220
25222
25223
25224
25228
25230
25233
25235
25239
25240
25241
25243
25244
25247
25250
25253
25256
25258
25259
25260
25261
25263
25268
25270
25271
25272
25276
25279
25282
25283
25285
25287
25289
25290
25291
25296
25298
25299
25302
25304
25305
25307
25309
25310
25311
25312
25315
25316
25319
25320
25322
25323
25333
25338
25339
25340
25341
25344
25345
25346
25347
25348
25353
25355
25356
25359
25360
25361
25364
25365
25367
25372
25374
25379
25380
25381
25384
25385
25386
25392
25393
25395
25397
25399
25401
25404
25407
25409
25415
25418
25419
25420
25421
25422
25426
25428
25433
25434
25435
25442
25448
25450
25451
25454
25457
25461
25462
25463
25465
25466
25471
25472
25473
25476
25477
25478
25481
25483
25485
25491
25493
25494
25495
25496
25497
25498
25500
25501
25504
25506
25507
25510
25511
25512
25513
25514
25518
25520
25523
25525
25526
25529
25531
25532
25533
25534
25535
25537
25539
25540
25544
25546
25547
25551
25552
25558
25560
25562
25563
25564
25565
25569
25570
25573
25574
25575
25582
25583
25584
25585
25586
25590
25591
25592
25595
25601
25603
25604
25605
25606
25607
25608
25610
25611
25613
25614
25615
25616
25617
25621
25623
25627
25628
25629
25631
25636
25638
25641
25643
25644
25647
25653
25655
25657
25658
25661
25663
25664
25665
25666
25667
25668
25669
25672
25673
25674
25677
25678
25680
25681
25683
25687
25689
25691
25692
25701
25702
25703
25706
25707
25710
25711
25713
25714
25715
25716
25717
25721
25727
25728
25730
25731
25732
25734
25735
25737
25738
25739
25742
25744
25747
25748
25753
25755
25759
25760
25763
25764
25767
25768
25769
25775
25777
25778
25779
25782
25784
25786
25788
25789
25791
25794
25795
25796
25801
25802
25803
25804
25806
25809
25810
25812
25813
25816
25818
25821
25822
25824
25828
25829
25830
25831
25832
25833
25834
25838
25842
25844
25845
25846
25847
25849
25850
25851
25852
25853
25854
25855
25856
25857
25858
25859
25860
25861
25862
25867
25874
25875
25877
25879
25880
25881
25883
25884
25887
25890
25892
25894
25895
25897
25900
25902
25904
25909
25910
25911
25915
25920
25921
25923
25924
25927
25931
25932
25936
25937
25939
25940
25943
25944
25945
25947
25948
25951
25952
25957
25961
25963
25965
25967
25969
25972
25974
25975
25976
25977
25978
25980
25987
25990
25994
25995
25996
25998
25999
26001
26005
26006
26012
26013
26014
26016
26018
26020
26021
26022
26023
26024
26026
26027
26030
26031
26032
26033
26034
26036
26037
26038
26041
26043
26047
26048
26049
26052
26053
26054
26057
26058
26059
26060
26062
26063
26066
26067
26070
26071
26072
26073
26078
26082
26083
26084
26088
26089
26091
26093
26094
26095
26098
26099
26100
26103
26106
26107
26110
26112
26113
26115
26117
26118
26120
26121
26123
26127
26131
26132
26133
26134
26135
26137
26138
26139
26140
26141
26142
26143
26146
26147
26149
26153
26154
26155
26161
26162
26163
26164
26165
26166
26167
26168
26169
26172
26173
26174
26175
26176
26180
26181
26182
26183
26184
26185
26187
26188
26189
26190
26192
26193
26194
26196
26198
26200
26203
26205
26208
26212
26213
26214
26215
26217
26227
26228
26229
26230
26232
26233
26237
26238
26239
26241
26244
26245
26246
26247
26248
26249
26251
26252
26253
26256
26257
26260
26264
26265
26266
26271
26272
26275
26276
26277
26278
26279
26281
26283
26284
26286
26287
26288
26289
26290
26292
26293
26295
26296
26300
26301
26305
26307
26308
26315
26316
26317
26318
26321
26322
26323
26324
26325
26326
26327
26328
26334
26336
26338
26341
26344
26345
26350
26354
26356
26358
26360
26361
26363
26364
26365
26366
26369
26371
26373
26382
26385
26388
26391
26393
26394
26395
26396
26398
26399
26400
26402
26405
26409
26412
26414
26416
26417
26423
26428
26429
26430
26432
26433
26434
26435
26437
26439
26440
26441
26447
26448
26453
26455
26456
26459
26465
26466
26470
26474
26475
26476
26477
26480
26483
26484
26485
26486
26487
26488
26489
26490
26491
26496
26497
26500
26502
26503
26507
26508
26509
26510
26511
26512
26515
26516
26517
26518
26522
26523
26528
26529
26530
26531
26535
26536
26537
26539
26543
26545
26546
26548
26550
26553
26555
26558
26559
26560
26561
26562
26564
26566
26568
26570
26571
26573
26578
26579
26584
26585
26586
26587
26589
26592
26595
26596
26597
26599
26602
26606
26608
26609
26611
26612
26613
26615
26617
26618
26620
26623
26624
26629
26631
26632
26633
26634
26635
26636
26640
26646
26647
26650
26653
26658
26659
26662
26666
26667
26668
26669
26673
26675
26676
26678
26679
26680
26681
26682
26685
26686
26688
26689
26693
26694
26695
26697
26698
26699
26700
26701
26702
26705
26713
26714
26715
26716
26719
26721
26722
26725
26726
26728
26730
26731
26732
26733
26734
26735
26736
26740
26741
26742
26749
26754
26758
26759
26760
26761
26766
26767
26768
26770
26771
26773
26774
26778
26779
26782
26786
26788
26790
26792
26793
26794
26798
26804
26805
26806
26808
26809
26812
26813
26814
26820
26821
26824
26827
26828
26829
26830
26832
26833
26835
26837
26838
26839
26840
26841
26842
26844
26846
26848
26853
26857
26858
26859
26860
26861
26863
26865
26866
26868
26869
26876
26879
26880
26881
26883
26884
26887
26888
26889
26892
26893
26894
26895
26896
26897
26898
26900
26901
26903
26904
26905
26906
26907
26908
26911
26914
26916
26918
26920
26921
26924
26926
26927
26928
26930
26935
26936
26937
26939
26940
26941
26944
26946
26947
26948
26949
26950
26952
26953
26954
26955
26956
26958
26959
26960
26963
26964
26969
26970
26972
26974
26978
26979
26980
26981
26982
26983
26987
26989
26991
26994
26995
26997
26999
27000
27002
27004
27006
27007
27008
27011
27013
27015
27018
27019
27020
27026
27027
27029
27030
27033
27034
27035
27036
27037
27039
27041
27043
27046
27049
27050
27051
27053
27055
27058
27059
27060
27062
27063
27065
27068
27069
27070
27072
27074
27075
27078
27080
27081
27082
27083
27084
27085
27087
27088
27089
27090
27092
27094
27095
27097
27099
27101
27105
27106
27107
27108
27109
27110
27111
27112
27113
27115
27116
27117
27118
27121
27122
27125
27127
27128
27130
27131
27135
27138
27139
27140
27141
27143
27147
27148
27149
27150
27151
27154
27156
27158
27160
27162
27163
27166
27169
27172
27173
27175
27176
27177
27180
27181
27182
27184
27186
27187
27188
27190
27191
27192
27193
27195
27196
27199
27201
27206
27207
27217
27218
27221
27222
27223
27226
27228
27231
27232
27236
27237
27239
27241
27243
27245
27246
27247
27251
27252
27256
27257
27258
27259
27261
27262
27263
27266
27268
27269
27270
27275
27276
27282
27283
27284
27287
27288
27289
27290
27291
27293
27299
27300
27303
27306
27307
27308
27311
27313
27314
27315
27318
27319
27322
27323
27324
27325
27327
27329
27330
27331
27332
27333
27336
27337
27338
27339
27341
27343
27344
27348
27349
27352
27355
27357
27359
27362
27363
27364
27366
27368
27369
27370
27371
27372
27374
27380
27381
27382
27383
27386
27387
27391
27392
27394
27395
27399
27400
27402
27404
27405
27406
27407
27408
27409
27410
27411
27412
27414
27415
27417
27420
27421
27422
27429
27430
27431
27432
27434
27435
27437
27438
27440
27442
27443
27446
27447
27449
27450
27451
27453
27454
27457
27459
27460
27463
27465
27468
27469
27470
27471
27472
27475
27477
27479
27480
27485
27486
27488
27490
27491
27492
27493
27495
27498
27499
27500
27501
27502
27503
27510
27511
27512
27513
27516
27519
27520
27522
27526
27527
27530
27535
27536
27537
27541
27544
27546
27548
27551
27552
27553
27554
27555
27556
27557
27559
27561
27562
27564
27565
27566
27567
27568
27569
27572
27573
27575
27576
27577
27581
27582
27583
27584
27585
27588
27591
27593
27594
27598
27599
27600
27601
27602
27603
27607
27608
27609
27610
27615
27618
27621
27623
27624
27625
27626
27628
27629
27630
27632
27633
27637
27638
27639
27640
27643
27644
27645
27646
27651
27652
27654
27656
27657
27659
27662
27666
27667
27668
27669
27672
27676
27678
27681
27683
27684
27685
27686
27688
27689
27695
27698
27699
27701
27702
27703
27704
27707
27709
27710
27712
27716
27717
27719
27721
27722
27726
27727
27728
27730
27732
27734
27735
27736
27737
27741
27742
27743
27744
27745
27746
27747
27748
27752
27753
27754
27755
27758
27759
27762
27763
27766
27767
27768
27770
27771
27772
27774
27776
27777
27778
27780
27781
27782
27784
27785
27786
27787
27793
27794
27796
27797
27798
27799
27800
27802
27806
27807
27811
27814
27815
27816
27817
27819
27821
27822
27823
27825
27826
27827
27829
27830
27831
27832
27836
27837
27839
27841
27843
27844
27846
27849
27850
27854
27856
27857
27859
27863
27864
27865
27866
27868
27869
27871
27872
27875
27878
27879
27880
27881
27883
27884
27885
27886
27888
27889
27891
27892
27893
27894
27896
27897
27898
27902
27903
27904
27906
27909
27910
27912
27913
27914
27915
27916
27917
27920
27921
27922
27923
27924
27925
27927
27929
27931
27933
27940
27943
27944
27945
27947
27949
27951
27953
27954
27957
27963
27964
27965
27966
27968
27969
27971
27972
27973
27975
27976
27981
27982
27983
27984
27985
27988
27991
27994
27996
27997
27998
27999
28000
28001
28003
28004
28006
28007
28008
28009
28011
28012
28016
28018
28020
28022
28024
28026
28027
28034
28037
28042
28043
28045
28047
28048
28049
28051
28052
28053
28054
28056
28057
28061
28062
28063
28066
28067
28068
28069
28070
28071
28077
28078
28080
28081
28084
28087
28090
28091
28098
28102
28104
28106
28107
28112
28115
28116
28117
28122
28123
28124
28125
28126
28128
28130
28131
28132
28134
28135
28137
28142
28144
28145
28146
28152
28153
28155
28156
28158
28163
28165
28169
28171
28172
28173
28175
28176
28180
28181
28183
28185
28186
28189
28190
28192
28193
28197
28198
28200
28202
28203
28205
28206
28207
28209
28211
28214
28220
28221
28223
28224
28227
28228
28229
28230
28231
28234
28236
28237
28238
28241
28242
28246
28248
28249
28250
28251
28252
28254
28256
28257
28258
28260
28261
28262
28263
28266
28270
28272
28274
28275
28276
28277
28279
28281
28282
28285
28290
28291
28295
28297
28298
28299
28302
28306
28307
28310
28311
28312
28313
28314
28316
28318
28319
28320
28322
28323
28324
28326
28328
28330
28331
28333
28334
28336
28337
28341
28344
28346
28348
28349
28350
28352
28355
28357
28361
28365
28366
28367
28370
28373
28376
28377
28378
28381
28382
28383
28385
28387
28389
28390
28392
28393
28395
28397
28399
28401
28403
28404
28405
28406
28410
28411
28412
28413
28417
28418
28420
28423
28424
28427
28428
28433
28436
28437
28439
28441
28442
28448
28449
28450
28452
28454
28455
28456
28457
28459
28463
28464
28465
28467
28469
28470
28471
28475
28481
28482
28483
28486
28488
28489
28492
28493
28497
28499
28503
28504
28505
28506
28508
28509
28513
28515
28517
28519
28520
28522
28523
28524
28528
28530
28534
28537
28538
28539
28540
28543
28546
28551
28552
28555
28557
28558
28562
28565
28569
28570
28571
28574
28575
28576
28579
28580
28581
28582
28586
28587
28590
28591
28592
28593
28596
28597
28598
28599
28600
28601
28603
28605
28606
28608
28609
28611
28612
28614
28615
28616
28619
28623
28624
28628
28629
28630
28631
28632
28633
28636
28637
28638
28640
28642
28643
28645
28646
28647
28650
28652
28653
28655
28660
28661
28663
28664
28665
28667
28668
28669
28670
28671
28672
28673
28674
28679
28684
28685
28687
28688
28691
28692
28693
28699
28700
28702
28703
28706
28708
28711
28716
28720
28721
28722
28723
28725
28728
28730
28731
28732
28733
28737
28738
28742
28743
28746
28749
28751
28752
28753
28755
28756
28760
28762
28763
28766
28767
28770
28771
28774
28778
28779
28780
28783
28785
28786
28789
28790
28791
28793
28794
28795
28798
28800
28801
28802
28803
28805
28807
28808
28809
28810
28813
28814
28816
28817
28819
28820
28821
28822
28826
28827
28828
28829
28830
28833
28834
28835
28838
28841
28847
28849
28850
28851
28853
28855
28858
28859
28860
28862
28867
28868
28869
28871
28872
28874
28877
28879
28880
28881
28883
28886
28887
28888
28890
28891
28893
28894
28896
28899
28900
28901
28902
28903
28905
28907
28909
28914
28917
28919
28923
28926
28927
28928
28932
28933
28934
28935
28936
28937
28939
28942
28944
28945
28950
28952
28953
28954
28957
28959
28962
28964
28966
28969
28972
28973
28979
28980
28981
28983
28985
28988
28991
28992
28993
28994
28995
28997
29001
29002
29003
29005
29007
29008
29009
29011
29014
29015
29017
29019
29021
29022
29023
29028
29030
29031
29032
29034
29035
29036
29038
29041
29046
29048
29049
29052
29053
29056
29057
29060
29062
29063
29065
29066
29067
29068
29070
29073
29075
29078
29081
29082
29083
29085
29086
29088
29092
29093
29094
29095
29096
29100
29105
29106
29108
29109
29112
29115
29116
29119
29120
29121
29126
29127
29129
29130
29135
29137
29139
29145
29150
29152
29153
29154
29155
29156
29158
29161
29162
29165
29166
29168
29169
29170
29174
29176
29178
29181
29182
29184
29188
29190
29192
29193
29196
29201
29202
29205
29207
29209
29211
29213
29216
29217
29218
29222
29225
29229
29232
29233
29240
29242
29243
29246
29250
29253
29256
29260
29261
29264
29265
29267
29268
29270
29273
29274
29275
29276
29277
29280
29281
29282
29283
29285
29286
29287
29289
29294
29295
29296
29297
29298
29301
29302
29304
29305
29307
29308
29311
29312
29313
29314
29316
29317
29319
29320
29321
29322
29324
29325
29327
29328
29330
29333
29334
29339
29342
29343
29344
29345
29346
29352
29353
29358
29359
29361
29363
29364
29369
29370
29371
29378
29379
29380
29381
29384
29385
29386
29387
29388
29393
29395
29396
29397
29399
29401
29405
29407
29408
29411
29412
29415
29416
29417
29420
29422
29423
29424
29426
29427
29428
29431
29439
29440
29441
29444
29447
29448
29449
29450
29453
29454
29459
29461
29463
29464
29465
29467
29468
29470
29471
29472
29476
29477
29482
29483
29484
29487
29489
29491
29492
29493
29500
29501
29502
29504
29505
29506
29509
29510
29515
29517
29523
29529
29530
29531
29532
29533
29537
29540
29541
29542
29544
29546
29547
29549
29550
29552
29554
29555
29556
29557
29559
29560
29561
29562
29566
29567
29569
29570
29571
29572
29575
29576
29578
29582
29583
29584
29590
29591
29592
29594
29595
29596
29598
29601
29603
29605
29606
29607
29610
29611
29613
29615
29621
29623
29628
29629
29630
29633
29634
29635
29638
29639
29641
29642
29643
29648
29649
29652
29653
29654
29657
29662
29664
29668
29669
29670
29672
29673
29676
29677
29680
29681
29682
29683
29686
29687
29689
29691
29693
29694
29695
29697
29698
29699
29701
29702
29703
29704
29707
29709
29710
29711
29714
29715
29716
29720
29721
29724
29726
29729
29732
29734
29738
29740
29741
29743
29744
29745
29746
29750
29751
29752
29753
29757
29758
29761
29762
29763
29764
29765
29766
29770
29771
29774
29775
29776
29782
29783
29785
29786
29787
29789
29790
29792
29794
29796
29798
29799
29800
29801
29802
29805
29806
29808
29812
29813
29814
29815
29817
29818
29821
29822
29823
29824
29826
29829
29831
29832
29833
29836
29837
29839
29840
29845
29847
29849
29850
29851
29852
29853
29858
29860
29862
29863
29867
29868
29871
29872
29873
29874
29876
29877
29884
29886
29889
29891
29892
29898
29900
29901
29902
29907
29908
29915
29918
29921
29922
29923
29924
29926
29927
29928
29932
29936
29940
29945
29946
29947
29953
29956
29960
29964
29966
29968
29969
29970
29971
29972
29973
29977
29978
29980
29982
29984
29985
29987
29988
29990
29991
29992
29993
29995
29996
30000
30003
30004
30005
30008
30009
30010
30011
30012
30013
30014
30015
30016
30020
30021
30022
30023
30024
30026
30027
30030
30031
30035
30036
30037
30038
30041
30044
30047
30050
30051
30052
30057
30058
30061
30065
30066
30067
30072
30073
30075
30076
30079
30081
30082
30083
30084
30085
30086
30087
30091
30093
30100
30107
30108
30109
30110
30112
30113
30115
30116
30117
30119
30120
30121
30122
30125
30127
30128
30130
30136
30137
30140
30141
30142
30143
30144
30145
30146
30149
30150
30151
30152
30153
30154
30157
30158
30161
30163
30164
30166
30167
30170
30171
30176
30178
30179
30180
30181
30182
30184
30185
30186
30187
30188
30190
30192
30193
30195
30198
30200
30202
30203
30208
30211
30213
30215
30217
30220
30221
30222
30223
30225
30226
30227
30228
30229
30231
30233
30235
30236
30237
30240
30241
30243
30245
30247
30253
30255
30256
30260
30265
30267
30268
30270
30272
30275
30279
30282
30284
30285
30286
30289
30290
30293
30295
30296
30297
30300
30302
30303
30304
30305
30308
30311
30312
30315
30316
30318
30319
30323
30324
30325
30326
30331
30332
30333
30335
30338
30341
30343
30346
30349
30350
30354
30355
30356
30357
30358
30359
30362
30363
30364
30366
30367
30368
30369
30374
30375
30378
30379
30380
30388
30391
30392
30395
30396
30397
30400
30402
30403
30406
30407
30410
30411
30412
30415
30427
30432
30433
30436
30442
30444
30446
30447
30449
30451
30458
30463
30465
30466
30468
30470
30473
30474
30476
30479
30483
30484
30487
30489
30490
30493
30494
30495
30496
30499
30500
30502
30503
30504
30505
30513
30518
30520
30521
30522
30523
30525
30526
30528
30529
30531
30533
30536
30538
30539
30541
30542
30546
30549
30554
30555
30556
30557
30558
30559
30560
30566
30568
30576
30584
30586
30589
30591
30592
30593
30597
30599
30600
30602
30603
30604
30606
30607
30609
30611
30612
30619
30623
30624
30625
30626
30627
30630
30638
30639
30642
30645
30646
30647
30648
30649
30650
30651
30652
30653
30654
30655
30661
30662
30663
30664
30665
30669
30670
30671
30672
30674
30675
30676
30678
30679
30680
30682
30687
30688
30689
30690
30692
30696
30701
30702
30703
30705
30706
30708
30709
30710
30711
30712
30713
30714
30715
30717
30718
30719
30720
30721
30722
30723
30724
30725
30727
30728
30729
30730
30732
30734
30735
30736
30739
30741
30742
30744
30745
30747
30748
30749
30750
30754
30756
30757
30758
30759
30760
30762
30763
30766
30767
30768
30769
30770
30776
30777
30779
30781
30784
30785
30788
30792
30794
30795
30797
30798
30800
30801
30802
30803
30804
30805
30808
30809
30811
30812
30813
30817
30821
30822
30823
30825
30826
30827
30828
30829
30831
30833
30834
30836
30837
30838
30839
30841
30842
30843
30844
30846
30848
30850
30852
30853
30854
30855
30856
30858
30862
30863
30866
30867
30872
30874
30876
30878
30879
30881
30883
30884
30886
30887
30889
30890
30891
30893
30894
30896
30897
30898
30901
30902
30905
30907
30911
30913
30915
30916
30918
30920
30923
30924
30928
30929
30930
30933
30934
30937
30942
30944
30946
30947
30953
30954
30955
30956
30959
30960
30963
30964
30965
30969
30970
30971
30975
30976
30977
30978
30980
30985
30986
30989
30991
30993
30996
30997
30998
30999
31001
31002
31003
31006
31007
31009
31010
31015
31016
31018
31019
31023
31025
31031
31034
31039
31041
31042
31047
31048
31049
31051
31053
31061
31063
31064
31065
31069
31071
31072
31075
31077
31079
31081
31082
31084
31086
31089
31090
31092
31095
31099
31101
31103
31104
31107
31109
31111
31115
31116
31117
31118
31119
31120
31124
31127
31131
31133
31134
31136
31137
31138
31141
31146
31148
31150
31151
31152
31156
31157
31160
31162
31163
31164
31166
31168
31169
31170
31171
31176
31177
31179
31180
31183
31184
31186
31187
31192
31193
31194
31198
31199
31200
31201
31202
31206
31207
31212
31213
31215
31221
31222
31224
31226
31227
31230
31231
31232
31233
31235
31236
31238
31240
31243
31245
31246
31248
31249
31250
31252
31253
31255
31256
31257
31263
31265
31266
31267
31268
31269
31270
31271
31274
31275
31278
31279
31280
31282
31284
31285
31290
31294
31296
31300
31304
31308
31310
31311
31312
31316
31318
31319
31320
31322
31327
31330
31331
31333
31336
31338
31339
31344
31345
31346
31349
31350
31357
31358
31359
31362
31363
31364
31367
31369
31370
31371
31372
31373
31374
31375
31376
31377
31379
31380
31383
31384
31386
31387
31391
31394
31395
31398
31402
31403
31404
31405
31406
31409
31410
31411
31413
31416
31417
31421
31424
31426
31428
31429
31430
31434
31436
31437
31438
31439
31440
31445
31447
31448
31452
31453
31454
31455
31457
31458
31462
31464
31465
31467
31473
31474
31475
31476
31477
31480
31483
31484
31485
31488
31489
31490
31493
31495
31499
31500
31503
31504
31508
31509
31510
31511
31512
31514
31515
31516
31520
31525
31529
31531
31532
31534
31535
31536
31538
31539
31542
31544
31546
31549
31552
31554
31556
31557
31558
31561
31562
31563
31564
31569
31570
31572
31573
31575
31577
31578
31580
31581
31586
31588
31589
31591
31592
31595
31597
31599
31603
31604
31605
31607
31608
31611
31613
31614
31616
31618
31619
31621
31623
31627
31629
31630
31631
31632
31633
31635
31636
31637
31638
31642
31643
31644
31645
31647
31648
31650
31651
31652
31654
31656
31658
31660
31662
31665
31666
31668
31669
31670
31672
31680
31681
31683
31684
31685
31686
31689
31690
31693
31695
31697
31698
31699
31703
31704
31706
31707
31708
31711
31712
31713
31714
31715
31716
31717
31718
31719
31723
31724
31725
31726
31727
31728
31730
31736
31737
31738
31739
31740
31742
31745
31746
31747
31748
31750
31752
31760
31764
31766
31768
31770
31771
31773
31774
31778
31779
31780
31781
31785
31788
31789
31790
31791
31792
31793
31795
31799
31802
31803
31807
31808
31810
31811
31817
31820
31821
31824
31826
31828
31830
31833
31834
31836
31842
31843
31846
31849
31850
31854
31856
31857
31858
31861
31864
31865
31866
31867
31873
31875
31877
31878
31879
31880
31883
31884
31887
31889
31890
31891
31893
31895
31902
31903
31905
31906
31907
31910
31911
31912
31913
31916
31917
31918
31919
31920
31921
31922
31923
31924
31926
31929
31936
31940
31941
31944
31951
31953
31956
31957
31958
31959
31960
31961
31965
31968
31969
31970
31973
31976
31979
31982
31984
31985
31987
31989
31990
31991
31992
31996
32003
32006
32008
32009
32010
32011
32012
32017
32018
32019
32020
32022
32023
32024
32025
32026
32027
32028
32029
32030
32031
32032
32033
32034
32038
32039
32043
32046
32048
32050
32051
32055
32058
32059
32063
32064
32066
32068
32070
32071
32072
32076
32077
32081
32082
32084
32087
32088
32089
32090
32099
32100
32101
32103
32104
32107
32108
32112
32116
32119
32121
32122
32125
32126
32127
32128
32129
32131
32133
32134
32135
32137
32138
32142
32143
32144
32151
32152
32153
32154
32155
32156
32157
32161
32163
32164
32171
32174
32175
32176
32177
32179
32180
32182
32183
32185
32188
32189
32193
32194
32195
32197
32199
32200
32202
32203
32205
32207
32208
32209
32212
32213
32215
32217
32218
32222
32223
32225
32227
32233
32234
32235
32236
32237
32238
32242
32246
32247
32248
32250
32251
32253
32254
32258
32259
32261
32265
32266
32267
32269
32270
32271
32273
32276
32277
32282
32285
32288
32291
32292
32296
32298
32299
32300
32302
32306
32309
32311
32314
32315
32316
32318
32320
32321
32322
32323
32325
32328
32330
32331
32332
32335
32338
32342
32343
32344
32345
32349
32350
32351
32354
32355
32356
32357
32359
32361
32365
32367
32368
32369
32371
32372
32374
32375
32377
32379
32383
32384
32395
32399
32406
32407
32411
32417
32418
32419
32420
32421
32425
32426
32428
32436
32438
32439
32441
32444
32445
32447
32449
32450
32462
32464
32465
32467
32468
32470
32472
32473
32474
32476
32477
32478
32479
32480
32481
32483
32486
32488
32490
32497
32499
32500
32505
32507
32510
32514
32517
32520
32523
32526
32531
32535
32539
32541
32542
32545
32555
32557
32558
32561
32563
32564
32565
32568
32569
32571
32572
32575
32578
32580
32581
32582
32583
32584
32587
32588
32589
32590
32592
32593
32594
32598
32600
32602
32603
32604
32605
32607
32611
32615
32616
32618
32622
32623
32624
32627
32631
32632
32633
32636
32640
32642
32645
32648
32649
32650
32652
32653
32654
32656
32658
32659
32660
32663
32665
32666
32669
32670
32672
32676
32678
32680
32682
32687
32688
32690
32694
32696
32698
32699
32702
32703
32704
32708
32709
32710
32713
32714
32715
32717
32719
32720
32721
32726
32727
32731
32733
32735
32739
32740
32743
32744
32745
32747
32750
32751
32752
32754
32755
32758
32759
32760
32763
32764
32765
32766
32768
32769
32770
32773
32774
32777
32779
32784
32785
32786
32787
32789
32794
32796
32797
32798
32800
32801
32804
32805
32811
32815
32817
32819
32823
32824
32829
32831
32832
32835
32837
32838
32839
32841
32845
32848
32853
32856
32857
32861
32862
32864
32865
32866
32867
32868
32871
32873
32874
32877
32879
32881
32882
32883
32884
32885
32888
32899
32900
32902
32903
32905
32907
32908
32909
32912
32913
32914
32915
32916
32918
32922
32923
32924
32927
32929
32934
32935
32940
32943
32946
32947
32948
32949
32951
32952
32953
32954
32957
32959
32962
32966
32967
32968
32970
32971
32972
32973
32974
32976
32978
32980
32984
32985
32986
32990
32991
32992
32995
32997
33000
33001
33002
33003
33004
33005
33009
33010
33013
33015
33016
33018
33019
33020
33021
33025
33026
33028
33031
33035
33036
33039
33040
33043
33046
33048
33050
33051
33053
33054
33056
33057
33059
33060
33062
33063
33067
33077
33078
33080
33082
33083
33087
33090
33091
33092
33093
33095
33096
33097
33098
33101
33105
33107
33109
33112
33115
33116
33117
33118
33119
33120
33121
33123
33124
33128
33132
33133
33136
33143
33145
33146
33149
33154
33155
33158
33159
33160
33161
33163
33164
33165
33170
33173
33177
33178
33185
33187
33188
33196
33198
33199
33201
33203
33204
33206
33209
33210
33215
33219
33222
33223
33225
33226
33227
33230
33231
33232
33233
33234
33238
33239
33240
33241
33242
33243
33244
33245
33248
33254
33256
33257
33258
33259
33260
33261
33262
33263
33265
33267
33268
33273
33278
33281
33282
33284
33286
33291
33295
33297
33298
33301
33304
33306
33307
33308
33309
33311
33312
33314
33315
33317
33320
33322
33325
33327
33330
33332
33333
33335
33336
33337
33338
33339
33340
33343
33346
33347
33352
33356
33358
33359
33364
33366
33368
33370
33372
33374
33377
33379
33380
33382
33390
33393
33395
33396
33399
33400
33401
33402
33407
33408
33409
33412
33413
33414
33416
33418
33419
33422
33423
33424
33425
33428
33432
33433
33435
33437
33440
33441
33445
33447
33448
33451
33453
33454
33455
33456
33460
33462
33464
33465
33467
33468
33469
33470
33473
33475
33479
33480
33487
33489
33490
33491
33492
33493
33495
33496
33497
33500
33506
33509
33510
33511
33513
33515
33516
33518
33520
33523
33527
33529
33531
33532
33535
33537
33538
33542
33543
33547
33548
33553
33555
33557
33559
33560
33563
33564
33565
33567
33568
33569
33570
33573
33574
33576
33577
33578
33581
33586
33590
33591
33592
33593
33596
33599
33600
33601
33603
33605
33606
33607
33610
33613
33617
33618
33622
33625
33628
33633
33635
33640
33641
33643
33648
33651
33652
33653
33654
33657
33659
33660
33661
33665
33666
33667
33674
33675
33676
33679
33680
33683
33685
33686
33687
33689
33690
33692
33694
33696
33699
33702
33705
33706
33707
33708
33709
33710
33713
33716
33718
33719
33720
33727
33728
33730
33731
33734
33735
33736
33737
33739
33740
33743
33744
33745
33748
33749
33752
33753
33757
33759
33762
33767
33768
33769
33770
33772
33775
33776
33778
33779
33782
33783
33788
33789
33791
33792
33795
33796
33798
33799
33801
33807
33812
33813
33816
33817
33823
33824
33825
33826
33830
33831
33833
33834
33836
33841
33844
33845
33849
33851
33852
33853
33855
33859
33860
33865
33869
33871
33873
33874
33875
33877
33879
33881
33883
33884
33889
33892
33894
33895
33896
33897
33898
33899
33901
33903
33904
33905
33906
33907
33911
33913
33914
33916
33917
33918
33920
33921
33923
33924
33925
33926
33929
33930
33931
33932
33933
33934
33935
33936
33941
33942
33945
33946
33947
33948
33949
33952
33953
33955
33959
33961
33965
33967
33968
33971
33972
33973
33974
33976
33977
33979
33980
33981
33984
33985
33986
33990
33992
33994
33996
34000
34001
34002
34003
34005
34007
34010
34012
34013
34015
34017
34018
34019
34022
34024
34025
34028
34029
34033
34035
34036
34039
34040
34041
34042
34044
34046
34047
34048
34051
34053
34054
34055
34057
34060
34061
34062
34063
34064
34067
34073
34074
34078
34079
34081
34082
34083
34089
34092
34093
34094
34095
34099
34101
34102
34104
34107
34110
34111
34113
34116
34119
34122
34123
34124
34125
34126
34127
34128
34129
34130
34138
34140
34142
34143
34144
34146
34147
34149
34150
34151
34153
34154
34155
34158
34161
34164
34165
34167
34170
34173
34174
34184
34189
34191
34192
34193
34194
34195
34197
34199
34201
34202
34203
34205
34207
34210
34211
34213
34214
34216
34217
34218
34219
34226
34229
34230
34233
34235
34236
34237
34238
34239
34240
34241
34242
34244
34245
34246
34250
34252
34253
34258
34259
34261
34263
34265
34266
34267
34268
34269
34270
34272
34276
34280
34281
34282
34283
34285
34286
34287
34288
34289
34291
34295
34297
34298
34299
34303
34305
34306
34317
34318
34321
34323
34324
34326
34327
34330
34331
34333
34335
34336
34338
34339
34340
34341
34342
34345
34346
34347
34348
34350
34351
34354
34355
34356
34358
34361
34364
34366
34368
34370
34371
34372
34373
34374
34375
34376
34377
34378
34381
34384
34388
34390
34392
34397
34399
34400
34402
34403
34405
34406
34407
34408
34409
34412
34420
34421
34424
34428
34429
34430
34431
34432
34436
34437
34438
34439
34443
34444
34445
34447
34451
34452
34453
34458
34459
34461
34464
34465
34466
34470
34472
34473
34474
34478
34482
34486
34487
34491
34493
34495
34496
34497
34498
34499
34500
34504
34506
34509
34512
34515
34521
34522
34523
34524
34525
34527
34528
34529
34538
34539
34540
34541
34542
34545
34547
34554
34555
34556
34557
34559
34560
34561
34564
34565
34570
34571
34572
34580
34581
34591
34593
34599
34606
34608
34610
34611
34612
34614
34615
34618
34621
34622
34623
34624
34626
34627
34628
34629
34630
34631
34632
34634
34638
34642
34644
34645
34649
34650
34651
34652
34654
34656
34658
34659
34662
34663
34664
34666
34669
34671
34672
34674
34675
34676
34678
34681
34683
34685
34686
34688
34690
34691
34693
34701
34702
34703
34706
34707
34710
34711
34712
34714
34719
34722
34726
34730
34732
34735
34737
34738
34739
34740
34742
34745
34746
34749
34750
34752
34753
34755
34756
34758
34760
34761
34762
34764
34769
34770
34771
34772
34773
34774
34778
34782
34785
34787
34790
34791
34792
34793
34794
34795
34797
34799
34800
34801
34802
34803
34805
34806
34809
34810
34811
34812
34813
34817
34819
34820
34823
34825
34827
34828
34830
34833
34836
34838
34843
34846
34847
34852
34855
34859
34861
34863
34864
34865
34867
34873
34875
34878
34880
34883
34884
34886
34887
34889
34891
34893
34894
34895
34896
34901
34903
34906
34908
34910
34911
34913
34914
34915
34916
34917
34919
34920
34925
34927
34928
34929
34930
34932
34935
34936
34938
34941
34943
34944
34945
34952
34953
34956
34958
34959
34961
34962
34963
34965
34966
34968
34969
34971
34972
34973
34974
34977
34978
34981
34983
34986
34988
34990
34991
34992
34993
34994
34995
34997
34998
34999
35000
35001
35003
35004
35005
35006
35007
35008
35009
35011
35012
35013
35016
35017
35019
35021
35022
35023
35024
35025
35026
35029
35030
35032
35033
35034
35037
35038
35039
35041
35043
35047
35048
35050
35051
35054
35057
35059
35062
35064
35065
35067
35068
35070
35074
35075
35078
35082
35083
35085
35086
35087
35088
35094
35095
35097
35099
35100
35102
35106
35108
35109
35111
35112
35113
35115
35118
35119
35121
35124
35126
35128
35130
35131
35133
35134
35135
35137
35138
35144
35145
35146
35147
35148
35149
35151
35152
35153
35154
35160
35161
35163
35164
35165
35166
35170
35173
35176
35180
35184
35186
35187
35188
35193
35194
35197
35199
35201
35202
35208
35210
35214
35215
35217
35218
35219
35220
35221
35222
35225
35229
35230
35231
35232
35236
35237
35239
35240
35243
35245
35246
35247
35248
35249
35250
35251
35257
35258
35260
35263
35264
35268
35269
35271
35275
35276
35278
35279
35280
35282
35283
35285
35286
35288
35291
35292
35293
35294
35295
35296
35297
35298
35300
35301
35302
35304
35306
35309
35311
35314
35315
35317
35318
35322
35324
35327
35328
35330
35333
35337
35338
35342
35344
35345
35346
35348
35353
35357
35359
35360
35364
35369
35370
35377
35378
35390
35392
35393
35396
35399
35402
35403
35406
35407
35410
35412
35414
35415
35416
35417
35419
35420
35423
35424
35426
35427
35431
35432
35434
35435
35436
35437
35440
35441
35443
35444
35446
35447
35450
35452
35454
35460
35461
35465
35466
35467
35470
35472
35475
35476
35478
35479
35483
35485
35489
35490
35496
35498
35499
35500
35501
35502
35504
35505
35506
35508
35509
35510
35515
35516
35518
35519
35522
35523
35526
35527
35532
35533
35539
35540
35541
35543
35549
35550
35551
35552
35553
35554
35556
35557
35559
35561
35562
35565
35567
35568
35571
35572
35573
35576
35577
35578
35584
35585
35586
35588
35589
35590
35595
35596
35598
35599
35600
35601
35602
35612
35614
35616
35617
35620
35622
35625
35626
35627
35628
35631
35633
35634
35636
35637
35638
35639
35641
35642
35643
35646
35647
35648
35649
35651
35652
35653
35659
35660
35663
35665
35666
35670
35671
35673
35674
35675
35678
35684
35688
35689
35696
35697
35699
35701
35702
35704
35705
35707
35710
35711
35712
35716
35720
35723
35724
35725
35726
35727
35728
35729
35730
35731
35734
35735
35736
35738
35739
35742
35744
35745
35747
35748
35749
35750
35752
35755
35757
35760
35761
35763
35765
35766
35769
35771
35773
35775
35780
35781
35790
35793
35794
35795
35801
35803
35805
35807
35808
35812
35813
35814
35816
35817
35818
35819
35828
35830
35835
35836
35837
35839
35840
35841
35843
35846
35851
35853
35855
35856
35857
35858
35862
35863
35864
35867
35868
35871
35872
35874
35880
35881
35885
35886
35887
35888
35889
35891
35893
35894
35898
35901
35902
35904
35914
35915
35918
35922
35923
35924
35925
35927
35929
35939
35941
35942
35945
35946
35947
35948
35950
35954
35959
35960
35962
35968
35969
35971
35975
35978
35981
35986
35987
35988
35989
35991
35992
35993
35997
35999
36001
36005
36006
36008
36009
36010
36012
36015
36017
36018
36023
36024
36026
36028
36029
36030
36034
36036
36041
36042
36043
36045
36046
36047
36049
36050
36051
36052
36053
36056
36059
36061
36062
36066
36070
36072
36075
36077
36080
36081
36083
36086
36088
36090
36091
36093
36094
36099
36103
36104
36105
36111
36114
36117
36118
36119
36122
36123
36124
36130
36133
36136
36137
36138
36141
36143
36144
36146
36149
36151
36152
36153
36157
36160
36162
36163
36166
36169
36171
36172
36174
36175
36177
36181
36185
36188
36189
36191
36194
36197
36198
36199
36200
36201
36202
36203
36205
36208
36209
36211
36216
36220
36221
36222
36223
36224
36225
36226
36228
36230
36232
36233
36234
36236
36238
36239
36240
36242
36243
36246
36247
36248
36251
36253
36255
36256
36258
36259
36261
36262
36264
36265
36269
36271
36274
36277
36278
36281
36282
36283
36285
36286
36287
36288
36289
36290
36291
36297
36300
36302
36303
36305
36307
36308
36309
36311
36312
36314
36315
36319
36320
36321
36324
36329
36330
36332
36333
36335
36336
36337
36347
36349
36351
36356
36357
36360
36361
36362
36364
36365
36369
36370
36371
36372
36375
36376
36377
36379
36380
36383
36384
36387
36388
36391
36392
36394
36395
36396
36397
36400
36402
36404
36406
36407
36408
36409
36413
36414
36415
36417
36419
36422
36423
36424
36428
36431
36432
36433
36437
36439
36440
36445
36448
36449
36451
36452
36453
36457
36460
36465
36466
36467
36472
36473
36475
36477
36478
36479
36480
36482
36483
36486
36488
36489
36491
36494
36495
36497
36498
36500
36502
36503
36508
36511
36515
36516
36517
36520
36521
36523
36528
36529
36530
36531
36534
36535
36536
36538
36539
36540
36541
36542
36544
36551
36552
36557
36558
36559
36560
36563
36565
36568
36569
36571
36572
36573
36574
36579
36580
36582
36583
36585
36586
36588
36591
36593
36597
36599
36600
36601
36609
36610
36614
36615
36616
36617
36618
36619
36621
36623
36624
36625
36626
36627
36638
36640
36641
36645
36650
36651
36653
36656
36657
36662
36665
36666
36668
36674
36677
36678
36679
36681
36682
36683
36684
36686
36687
36689
36690
36691
36692
36699
36701
36703
36704
36705
36706
36708
36709
36714
36715
36722
36723
36727
36729
36731
36733
36735
36736
36739
36741
36742
36745
36747
36748
36749
36750
36752
36753
36754
36755
36756
36758
36761
36765
36770
36771
36773
36774
36775
36776
36777
36778
36782
36783
36784
36786
36789
36791
36792
36793
36799
36800
36804
36808
36809
36810
36811
36812
36814
36816
36818
36819
36821
36822
36824
36825
36827
36830
36832
36834
36837
36838
36839
36840
36843
36845
36846
36847
36849
36850
36852
36854
36856
36858
36859
36863
36864
36865
36869
36870
36871
36874
36878
36880
36881
36882
36884
36885
36887
36888
36889
36890
36891
36892
36893
36894
36898
36899
36900
36901
36902
36903
36904
36906
36908
36909
36910
36911
36912
36913
36914
36916
36918
36919
36921
36924
36926
36927
36929
36931
36933
36934
36936
36937
36938
36939
36942
36947
36950
36951
36955
36956
36957
36964
36966
36971
36975
36977
36978
36979
36985
36990
36991
36992
36993
36995
36996
36998
36999
37000
37001
37002
37005
37009
37012
37013
37014
37015
37017
37019
37021
37022
37023
37024
37025
37027
37029
37031
37034
37037
37039
37040
37041
37043
37044
37045
37047
37050
37054
37055
37056
37057
37058
37060
37063
37065
37066
37067
37069
37072
37073
37076
37079
37081
37083
37084
37087
37089
37090
37091
37092
37093
37094
37095
37096
37099
37100
37104
37105
37106
37108
37110
37112
37114
37118
37120
37122
37123
37128
37131
37132
37133
37134
37135
37137
37138
37139
37142
37147
37148
37149
37150
37153
37155
37156
37157
37158
37161
37162
37163
37164
37167
37168
37170
37171
37174
37175
37177
37178
37180
37181
37182
37184
37185
37187
37188
37192
37193
37199
37204
37205
37206
37207
37210
37211
37212
37213
37215
37216
37217
37220
37221
37227
37229
37230
37231
37232
37234
37237
37240
37242
37243
37244
37246
37247
37251
37254
37255
37256
37257
37260
37261
37264
37266
37267
37269
37272
37273
37274
37277
37278
37279
37281
37284
37286
37287
37289
37291
37294
37297
37299
37300
37302
37305
37308
37309
37310
37312
37314
37315
37317
37318
37319
37322
37324
37326
37328
37329
37331
37332
37334
37337
37338
37339
37345
37346
37347
37350
37351
37353
37354
37358
37359
37361
37362
37365
37368
37369
37370
37372
37374
37375
37377
37379
37383
37384
37387
37388
37390
37391
37396
37399
37400
37401
37402
37403
37404
37405
37406
37407
37408
37410
37413
37416
37419
37421
37424
37425
37426
37427
37428
37430
37431
37433
37434
37435
37438
37439
37440
37443
37444
37448
37449
37452
37453
37456
37457
37458
37460
37461
37463
37464
37467
37471
37476
37479
37480
37481
37483
37485
37486
37490
37491
37493
37495
37499
37506
37507
37512
37513
37515
37517
37518
37519
37522
37526
37527
37530
37531
37536
37538
37539
37544
37546
37549
37550
37552
37553
37558
37560
37562
37567
37568
37571
37575
37577
37579
37580
37581
37582
37585
37587
37589
37590
37593
37594
37600
37603
37604
37610
37611
37612
37615
37618
37623
37624
37625
37626
37627
37629
37630
37631
37634
37635
37636
37637
37638
37639
37641
37642
37645
37646
37647
37648
37650
37653
37655
37656
37657
37661
37662
37664
37671
37675
37676
37677
37680
37684
37686
37688
37690
37691
37693
37694
37695
37698
37699
37700
37701
37705
37717
37718
37720
37722
37725
37726
37727
37728
37729
37730
37734
37735
37737
37738
37739
37741
37742
37746
37747
37753
37754
37755
37757
37759
37761
37763
37766
37768
37769
37771
37773
37774
37775
37777
37778
37780
37784
37786
37788
37789
37792
37794
37797
37800
37803
37804
37806
37807
37810
37811
37812
37813
37815
37817
37819
37822
37825
37831
37837
37839
37848
37849
37850
37851
37853
37854
37855
37856
37857
37860
37861
37866
37868
37872
37876
37878
37879
37881
37882
37884
37885
37886
37887
37890
37891
37892
37893
37897
37900
37901
37902
37903
37904
37907
37909
37911
37913
37916
37925
37931
37933
37937
37941
37944
37945
37946
37950
37951
37953
37954
37955
37957
37959
37961
37962
37965
37969
37971
37980
37981
37984
37985
37986
37988
37990
37993
37994
37997
37999
38002
38003
38004
38005
38007
38010
38012
38015
38016
38017
38018
38019
38020
38021
38022
38023
38026
38027
38028
38033
38035
38041
38043
38048
38049
38050
38051
38052
38056
38057
38058
38065
38070
38072
38076
38078
38080
38081
38082
38084
38086
38087
38088
38089
38090
38091
38094
38095
38096
38099
38100
38101
38103
38104
38107
38110
38111
38112
38113
38115
38120
38123
38126
38129
38130
38133
38136
38137
38138
38140
38141
38143
38144
38147
38149
38150
38152
38153
38155
38156
38159
38160
38162
38163
38164
38165
38169
38170
38173
38174
38175
38178
38179
38181
38182
38183
38188
38189
38191
38194
38195
38197
38199
38200
38203
38204
38208
38209
38210
38211
38212
38214
38215
38217
38218
38221
38226
38229
38230
38232
38234
38235
38240
38242
38245
38248
38249
38250
38253
38254
38258
38259
38260
38261
38265
38267
38268
38269
38270
38273
38274
38275
38278
38280
38282
38284
38285
38286
38288
38289
38293
38299
38301
38302
38304
38308
38310
38311
38313
38314
38315
38316
38324
38329
38331
38335
38339
38342
38343
38344
38346
38348
38351
38357
38358
38359
38362
38366
38367
38372
38374
38375
38376
38378
38379
38380
38382
38383
38384
38385
38387
38393
38394
38395
38396
38398
38399
38401
38402
38403
38405
38408
38409
38416
38417
38418
38419
38423
38425
38427
38428
38430
38436
38437
38439
38440
38441
38443
38447
38451
38452
38458
38462
38463
38467
38468
38469
38470
38478
38482
38484
38488
38489
38491
38492
38493
38497
38498
38499
38502
38503
38504
38506
38507
38508
38511
38512
38513
38518
38521
38523
38526
38530
38531
38535
38536
38537
38538
38540
38541
38543
38544
38546
38548
38549
38550
38551
38555
38557
38560
38563
38565
38568
38571
38572
38574
38575
38578
38579
38584
38585
38586
38587
38588
38589
38592
38593
38595
38596
38598
38602
38603
38605
38606
38609
38610
38612
38613
38614
38616
38618
38619
38624
38625
38628
38631
38633
38634
38636
38637
38638
38641
38644
38645
38646
38647
38648
38651
38652
38654
38655
38656
38658
38659
38662
38666
38667
38668
38670
38672
38676
38678
38679
38680
38681
38683
38693
38696
38701
38704
38705
38706
38708
38710
38713
38715
38717
38719
38720
38722
38723
38724
38726
38727
38728
38731
38733
38734
38736
38737
38738
38739
38741
38742
38743
38744
38745
38748
38749
38750
38752
38753
38755
38757
38762
38763
38768
38769
38770
38771
38772
38774
38776
38777
38779
38783
38784
38786
38787
38789
38791
38792
38794
38795
38798
38799
38801
38805
38807
38810
38811
38815
38819
38824
38827
38828
38833
38835
38836
38839
38840
38842
38843
38846
38847
38849
38853
38856
38857
38862
38864
38869
38870
38875
38878
38879
38880
38881
38883
38887
38891
38893
38897
38898
38899
38900
38901
38902
38905
38906
38907
38909
38911
38915
38918
38924
38928
38929
38930
38931
38932
38933
38938
38939
38940
38942
38943
38944
38946
38947
38949
38951
38952
38953
38955
38956
38957
38958
38959
38960
38961
38963
38964
38966
38967
38968
38970
38971
38973
38975
38977
38979
38980
38981
38983
38984
38985
38986
38993
38996
38998
38999
39002
39005
39006
39009
39011
39014
39016
39020
39021
39028
39032
39033
39041
39042
39043
39047
39049
39050
39051
39053
39056
39058
39061
39062
39063
39064
39065
39066
39067
39071
39072
39074
39076
39079
39084
39085
39086
39087
39092
39094
39098
39102
39103
39105
39106
39107
39108
39109
39112
39113
39114
39115
39121
39122
39123
39124
39126
39127
39131
39135
39137
39138
39139
39145
39146
39147
39150
39153
39154
39156
39157
39158
39162
39167
39168
39170
39171
39172
39174
39175
39176
39177
39178
39179
39182
39183
39184
39186
39187
39188
39190
39192
39197
39198
39199
39201
39204
39208
39209
39210
39213
39214
39216
39219
39220
39221
39223
39226
39229
39230
39231
39232
39234
39236
39237
39240
39243
39244
39245
39247
39248
39250
39253
39254
39256
39257
39258
39259
39260
39261
39264
39265
39266
39268
39274
39276
39277
39278
39279
39282
39284
39285
39286
39292
39293
39294
39296
39298
39299
39302
39308
39314
39320
39322
39323
39325
39326
39327
39330
39331
39332
39333
39336
39337
39338
39340
39341
39343
39344
39345
39346
39347
39348
39349
39350
39351
39353
39355
39357
39358
39359
39360
39361
39363
39369
39373
39374
39375
39377
39380
39382
39385
39386
39388
39393
39394
39396
39397
39398
39399
39401
39402
39403
39409
39410
39415
39416
39417
39418
39421
39422
39424
39425
39426
39428
39430
39434
39442
39444
39449
39450
39451
39453
39454
39457
39458
39461
39462
39463
39468
39469
39470
39475
39478
39479
39480
39484
39485
39486
39489
39490
39495
39497
39502
39504
39505
39506
39508
39511
39512
39514
39515
39516
39517
39523
39527
39531
39534
39535
39536
39537
39539
39540
39541
39543
39545
39548
39549
39552
39553
39555
39561
39564
39566
39569
39572
39574
39576
39577
39578
39580
39583
39585
39587
39589
39590
39591
39592
39595
39596
39598
39599
39602
39603
39604
39608
39610
39611
39614
39617
39619
39620
39623
39625
39626
39627
39629
39640
39641
39642
39643
39644
39645
39648
39649
39651
39655
39657
39658
39661
39663
39664
39665
39671
39672
39674
39676
39677
39678
39679
39681
39682
39685
39686
39687
39688
39691
39693
39695
39696
39698
39700
39702
39706
39707
39710
39718
39720
39721
39722
39723
39724
39725
39726
39727
39730
39731
39735
39737
39739
39742
39743
39747
39748
39750
39753
39754
39755
39756
39758
39760
39763
39764
39767
39768
39771
39772
39773
39776
39778
39779
39780
39782
39783
39785
39787
39789
39790
39792
39793
39795
39797
39798
39802
39803
39806
39808
39809
39811
39813
39815
39816
39817
39818
39820
39822
39828
39829
39831
39835
39836
39838
39840
39842
39844
39845
39846
39847
39848
39849
39851
39852
39853
39855
39856
39857
39860
39864
39866
39867
39868
39872
39873
39875
39877
39880
39881
39883
39884
39888
39890
39891
39895
39896
39898
39899
39901
39903
39904
39905
39906
39907
39908
39909
39910
39911
39912
39913
39914
39915
39919
39922
39923
39927
39932
39934
39936
39937
39938
39941
39946
39947
39948
39950
39951
39952
39954
39959
39960
39961
39963
39964
39967
39968
39971
39973
39976
39977
39984
39985
39986
39987
39988
39995
39997
39999
40001
40002
40004
40005
40007
40009
40015
40018
40021
40023
40024
40027
40028
40029
40030
40032
40033
40034
40035
40037
40039
40040
40042
40043
40044
40047
40049
40051
40052
40053
40055
40058
40061
40063
40065
40066
40067
40070
40075
40076
40077
40078
40082
40086
40087
40088
40091
40092
40094
40095
40102
40103
40110
40117
40119
40122
40125
40126
40129
40130
40131
40138
40141
40142
40145
40146
40148
40149
40150
40151
40152
40154
40157
40158
40159
40160
40161
40162
40163
40165
40166
40167
40168
40173
40177
40181
40183
40184
40186
40191
40192
40193
40194
40195
40203
40204
40206
40207
40208
40209
40210
40211
40213
40214
40215
40217
40219
40221
40223
40224
40225
40229
40231
40233
40234
40235
40236
40238
40241
40243
40246
40249
40253
40254
40255
40259
40267
40268
40271
40274
40275
40276
40278
40279
40281
40283
40286
40289
40290
40291
40292
40297
40299
40307
40308
40309
40310
40311
40314
40315
40323
40327
40328
40329
40330
40333
40334
40335
40336
40337
40339
40342
40346
40347
40349
40351
40353
40354
40356
40358
40360
40361
40362
40365
40366
40370
40371
40373
40375
40376
40377
40378
40379
40380
40385
40387
40388
40391
40392
40393
40395
40396
40399
40400
40402
40403
40404
40405
40406
40408
40412
40414
40415
40416
40417
40418
40419
40422
40424
40425
40428
40430
40431
40433
40436
40437
40438
40443
40445
40448
40449
40453
40456
40457
40458
40461
40462
40464
40465
40475
40478
40479
40480
40481
40485
40488
40489
40496
40498
40500
40501
40503
40504
40505
40510
40511
40514
40515
40516
40517
40518
40519
40520
40521
40522
40523
40524
40525
40526
40531
40532
40533
40534
40537
40539
40540
40541
40542
40545
40546
40549
40550
40554
40555
40556
40557
40559
40561
40563
40565
40566
40568
40569
40570
40571
40572
40575
40576
40577
40583
40589
40590
40591
40592
40596
40602
40606
40608
40610
40611
40613
40617
40619
40620
40621
40623
40624
40625
40626
40628
40631
40634
40635
40636
40638
40639
40640
40642
40643
40644
40645
40646
40648
40650
40652
40654
40655
40656
40657
40665
40667
40668
40670
40671
40675
40677
40685
40688
40689
40690
40691
40693
40695
40697
40699
40700
40701
40702
40706
40707
40709
40711
40712
40713
40714
40716
40717
40718
40719
40720
40723
40727
40728
40731
40732
40734
40736
40737
40738
40739
40741
40743
40746
40747
40753
40755
40756
40757
40761
40762
40763
40765
40768
40769
40770
40772
40773
40774
40775
40779
40780
40782
40783
40786
40787
40791
40792
40793
40794
40795
40796
40797
40801
40802
40803
40804
40805
40806
40809
40813
40815
40816
40819
40822
40828
40831
40833
40835
40838
40839
40840
40841
40844
40846
40848
40849
40851
40853
40854
40855
40856
40857
40860
40861
40862
40863
40865
40870
40876
40877
40879
40883
40885
40887
40889
40890
40894
40897
40901
40903
40904
40906
40907
40908
40910
40911
40912
40915
40916
40919
40920
40921
40922
40926
40929
40930
40931
40932
40933
40937
40938
40943
40946
40947
40948
40949
40950
40951
40953
40956
40957
40959
40961
40962
40963
40964
40965
40968
40969
40972
40974
40975
40976
40977
40978
40980
40981
40982
40985
40986
40987
40988
40992
40994
40995
40996
40999
41000
41003
41004
41005
41006
41007
41009
41010
41011
41017
41018
41019
41021
41022
41024
41027
41028
41030
41032
41034
41035
41036
41040
41041
41043
41044
41045
41046
41049
41050
41052
41054
41055
41057
41058
41059
41062
41063
41064
41065
41067
41068
41073
41075
41076
41082
41083
41084
41085
41086
41087
41092
41093
41094
41095
41096
41097
41098
41099
41100
41101
41102
41103
41104
41105
41106
41107
41108
41110
41111
41115
41117
41118
41119
41123
41124
41126
41127
41128
41130
41131
41132
41133
41134
41136
41143
41144
41145
41146
41147
41148
41149
41150
41151
41152
41155
41156
41157
41159
41163
41164
41167
41169
41171
41174
41175
41177
41180
41181
41185
41187
41191
41193
41195
41196
41198
41205
41206
41208
41211
41212
41213
41214
41215
41216
41218
41219
41221
41225
41229
41230
41231
41233
41234
41237
41238
41240
41241
41242
41243
41244
41245
41246
41250
41252
41253
41258
41261
41266
41267
41272
41273
41280
41281
41286
41289
41291
41292
41295
41299
41300
41301
41306
41307
41309
41311
41313
41314
41318
41321
41322
41325
41327
41328
41329
41330
41331
41334
41335
41336
41337
41339
41341
41343
41344
41345
41348
41351
41352
41353
41356
41357
41361
41363
41364
41365
41367
41368
41369
41370
41372
41373
41374
41378
41380
41381
41383
41384
41385
41387
41388
41392
41395
41396
41397
41398
41400
41401
41402
41403
41405
41406
41413
41414
41415
41416
41418
41420
41421
41424
41425
41426
41428
41430
41434
41435
41438
41442
41443
41444
41446
41449
41450
41452
41453
41454
41455
41456
41459
41462
41464
41465
41468
41470
41471
41472
41475
41476
41477
41479
41480
41483
41486
41488
41490
41492
41494
41496
41497
41499
41502
41503
41506
41507
41509
41510
41511
41512
41513
41514
41518
41519
41528
41529
41533
41534
41536
41537
41538
41539
41541
41547
41548
41551
41552
41553
41558
41560
41562
41563
41564
41565
41566
41567
41574
41577
41580
41581
41586
41587
41591
41593
41595
41596
41598
41600
41601
41603
41606
41611
41614
41616
41618
41619
41620
41621
41623
41628
41631
41634
41635
41638
41640
41641
41643
41648
41650
41651
41653
41654
41655
41656
41657
41658
41661
41662
41663
41664
41667
41668
41671
41672
41675
41678
41682
41685
41690
41691
41693
41696
41697
41698
41699
41703
41705
41706
41707
41709
41711
41716
41720
41721
41722
41725
41727
41729
41731
41734
41735
41736
41737
41738
41739
41741
41742
41743
41745
41746
41747
41748
41750
41753
41754
41757
41759
41764
41765
41766
41768
41770
41771
41772
41773
41774
41775
41780
41786
41789
41792
41797
41798
41802
41804
41806
41808
41809
41810
41812
41813
41816
41819
41820
41821
41824
41827
41828
41829
41831
41832
41833
41834
41836
41838
41840
41842
41843
41844
41845
41846
41848
41851
41853
41858
41859
41862
41866
41867
41868
41869
41870
41871
41873
41875
41877
41879
41883
41885
41886
41889
41890
41892
41894
41898
41899
41900
41903
41904
41905
41907
41910
41915
41917
41919
41920
41922
41925
41927
41928
41930
41931
41933
41936
41937
41938
41939
41941
41942
41943
41945
41946
41947
41948
41949
41950
41951
41952
41954
41956
41960
41961
41963
41966
41967
41969
41970
41971
41973
41974
41975
41976
41978
41979
41980
41982
41983
41984
41986
41987
41989
41991
41992
41993
41994
41996
41997
42001
42002
42004
42009
42011
42013
42014
42022
42023
42024
42025
42027
42028
42030
42032
42034
42038
42039
42042
42043
42047
42048
42050
42051
42052
42058
42060
42061
42062
42063
42064
42066
42067
42068
42071
42072
42073
42074
42082
42083
42086
42088
42090
42099
42104
42105
42108
42110
42111
42112
42114
42115
42120
42123
42125
42127
42128
42134
42136
42138
42139
42143
42144
42149
42151
42154
42155
42159
42160
42163
42164
42165
42167
42168
42170
42174
42175
42177
42178
42180
42182
42186
42187
42188
42189
42191
42196
42199
42200
42202
42203
42204
42208
42211
42212
42213
42215
42217
42218
42219
42221
42226
42227
42233
42235
42237
42238
42241
42244
42245
42252
42253
42254
42256
42259
42260
42262
42265
42266
42271
42274
42280
42281
42282
42284
42287
42289
42290
42291
42293
42297
42298
42300
42302
42305
42309
42310
42311
42313
42314
42315
42316
42319
42321
42322
42323
42324
42327
42328
42330
42332
42337
42338
42340
42341
42342
42343
42345
42348
42349
42350
42351
42352
42353
42355
42357
42361
42362
42363
42365
42366
42368
42370
42373
42374
42375
42376
42377
42379
42383
42385
42386
42387
42388
42389
42394
42395
42396
42398
42399
42402
42403
42404
42405
42407
42409
42412
42413
42414
42415
42416
42417
42424
42425
42427
42429
42432
42433
42436
42437
42438
42440
42441
42442
42444
42445
42449
42450
42454
42456
42457
42460
42461
42468
42470
42471
42473
42476
42477
42480
42481
42482
42492
42494
42495
42499
42500
42504
42505
42507
42509
42510
42511
42513
42518
42519
42523
42524
42526
42528
42530
42533
42534
42535
42538
42539
42540
42542
42543
42545
42547
42548
42550
42551
42553
42554
42555
42556
42563
42564
42565
42566
42570
42571
42572
42575
42576
42578
42579
42584
42585
42587
42588
42591
42593
42594
42597
42599
42602
42607
42609
42610
42611
42613
42615
42620
42623
42625
42628
42631
42633
42636
42638
42641
42642
42643
42645
42646
42648
42649
42650
42651
42654
42657
42658
42659
42660
42666
42667
42669
42670
42675
42677
42681
42684
42686
42687
42688
42689
42693
42695
42697
42698
42700
42701
42703
42704
42705
42707
42708
42709
42712
42714
42717
42719
42725
42726
42730
42731
42732
42733
42738
42739
42740
42744
42747
42748
42749
42751
42752
42753
42754
42757
42758
42759
42765
42768
42772
42774
42778
42779
42780
42781
42784
42785
42786
42789
42790
42791
42802
42806
42810
42811
42814
42818
42819
42821
42822
42824
42826
42827
42828
42830
42836
42839
42840
42841
42842
42843
42846
42847
42848
42850
42851
42853
42857
42860
42864
42865
42867
42868
42869
42870
42877
42881
42882
42883
42884
42886
42888
42889
42891
42892
42893
42895
42897
42900
42904
42905
42907
42908
42911
42915
42917
42921
42923
42928
42929
42932
42934
42938
42939
42940
42942
42943
42944
42945
42946
42947
42948
42951
42952
42953
42956
42958
42961
42962
42963
42964
42965
42972
42974
42975
42976
42977
42978
42979
42980
42981
42982
42985
42988
42990
42993
42996
42998
43001
43002
43003
43007
43008
43010
43011
43012
43015
43016
43017
43018
43023
43025
43026
43028
43031
43033
43034
43035
43036
43039
43040
43041
43042
43043
43045
43046
43048
43049
43050
43052
43053
43058
43059
43061
43063
43066
43068
43070
43071
43073
43076
43078
43079
43081
43083
43086
43087
43088
43090
43091
43093
43094
43095
43096
43097
43100
43102
43105
43108
43113
43118
43120
43121
43127
43128
43131
43133
43137
43138
43139
43142
43145
43146
43148
43149
43150
43151
43154
43155
43156
43157
43159
43160
43164
43166
43168
43170
43171
43172
43174
43177
43178
43179
43181
43183
43184
43185
43186
43188
43192
43194
43195
43196
43198
43201
43204
43211
43212
43213
43215
43220
43222
43225
43229
43231
43233
43239
43241
43243
43244
43245
43248
43249
43250
43252
43255
43256
43257
43259
43260
43261
43262
43265
43266
43268
43270
43271
43274
43275
43277
43278
43279
43280
43281
43285
43287
43288
43292
43293
43297
43298
43302
43304
43306
43307
43308
43309
43310
43312
43313
43318
43320
43323
43325
43327
43328
43329
43330
43331
43332
43333
43335
43337
43342
43343
43344
43346
43347
43349
43351
43354
43356
43357
43358
43359
43360
43361
43362
43364
43365
43367
43368
43371
43373
43374
43375
43378
43384
43385
43388
43392
43393
43394
43395
43396
43399
43401
43405
43407
43408
43409
43410
43411
43412
43413
43417
43418
43419
43422
43423
43425
43426
43430
43434
43435
43436
43437
43441
43442
43448
43450
43451
43452
43453
43454
43458
43461
43462
43466
43468
43469
43470
43472
43473
43474
43478
43481
43482
43483
43488
43494
43496
43497
43498
43500
43501
43504
43506
43507
43508
43510
43515
43516
43517
43520
43521
43524
43528
43529
43531
43534
43535
43537
43539
43542
43544
43548
43549
43550
43553
43554
43556
43558
43562
43563
43564
43565
43566
43567
43568
43573
43577
43580
43585
43587
43592
43595
43596
43597
43598
43599
43600
43601
43603
43604
43605
43607
43608
43614
43615
43616
43617
43618
43619
43621
43623
43625
43627
43630
43632
43634
43636
43637
43638
43641
43642
43644
43645
43647
43649
43650
43652
43653
43656
43662
43663
43664
43666
43668
43671
43673
43674
43675
43676
43677
43681
43682
43689
43690
43691
43693
43694
43696
43699
43704
43709
43713
43714
43718
43721
43722
43725
43728
43730
43732
43733
43734
43735
43736
43737
43741
43742
43743
43744
43746
43748
43750
43751
43755
43756
43757
43758
43761
43766
43773
43774
43777
43778
43781
43782
43783
43784
43787
43789
43791
43795
43797
43798
43800
43801
43802
43803
43804
43809
43812
43813
43814
43815
43818
43822
43823
43824
43825
43828
43829
43832
43834
43835
43836
43837
43839
43840
43841
43842
43844
43845
43848
43851
43859
43860
43862
43864
43865
43869
43870
43873
43875
43876
43877
43878
43881
43882
43885
43886
43887
43890
43896
43899
43900
43903
43904
43907
43908
43911
43914
43915
43916
43920
43925
43927
43929
43931
43934
43936
43937
43939
43944
43946
43948
43950
43952
43953
43957
43961
43963
43964
43966
43968
43969
43973
43974
43975
43977
43978
43979
43980
43981
43982
43984
43985
43988
43989
43992
43993
43994
43995
43996
43998
44000
44001
44003
44004
44008
44010
44012
44015
44017
44018
44020
44021
44023
44024
44026
44027
44028
44030
44033
44034
44037
44039
44043
44044
44047
44048
44049
44054
44055
44056
44057
44060
44061
44063
44064
44069
44071
44075
44077
44079
44081
44082
44089
44091
44092
44094
44096
44097
44099
44100
44102
44103
44106
44107
44116
44118
44122
44123
44124
44127
44128
44129
44131
44134
44135
44137
44138
44140
44141
44144
44145
44147
44151
44152
44154
44156
44157
44159
44160
44165
44168
44169
44170
44171
44172
44174
44176
44178
44179
44180
44181
44183
44184
44185
44186
44187
44189
44190
44191
44197
44203
44207
44209
44212
44215
44217
44218
44219
44222
44225
44227
44230
44232
44234
44237
44238
44239
44240
44241
44242
44243
44244
44245
44247
44248
44249
44250
44251
44252
44254
44255
44256
44258
44259
44261
44262
44264
44265
44266
44267
44268
44269
44272
44275
44276
44279
44283
44284
44286
44288
44292
44293
44294
44296
44297
44298
44300
44301
44304
44310
44313
44315
44316
44317
44320
44321
44322
44323
44325
44328
44330
44332
44337
44339
44340
44341
44342
44345
44346
44347
44348
44350
44355
44356
44357
44358
44359
44360
44361
44365
44367
44370
44371
44373
44374
44376
44377
44379
44380
44385
44386
44388
44389
44390
44392
44395
44398
44399
44400
44401
44404
44405
44406
44408
44409
44410
44412
44415
44417
44421
44426
44429
44430
44433
44434
44435
44436
44438
44442
44444
44446
44448
44449
44452
44453
44454
44455
44457
44458
44459
44461
44462
44463
44464
44465
44467
44472
44473
44474
44476
44479
44481
44483
44486
44487
44488
44490
44491
44492
44493
44494
44495
44498
44501
44503
44504
44507
44509
44511
44512
44513
44514
44516
44519
44520
44522
44525
44528
44529
44531
44533
44535
44537
44539
44540
44541
44546
44547
44553
44554
44555
44556
44560
44564
44566
44567
44569
44571
44574
44577
44578
44580
44585
44589
44590
44591
44597
44598
44599
44601
44602
44603
44604
44605
44606
44608
44611
44612
44615
44619
44620
44621
44622
44624
44627
44629
44630
44631
44634
44637
44643
44644
44646
44647
44649
44650
44653
44656
44657
44658
44659
44662
44663
44665
44666
44667
44668
44670
44671
44673
44674
44678
44681
44682
44684
44685
44687
44688
44695
44697
44701
44702
44703
44704
44708
44711
44713
44714
44715
44718
44720
44721
44722
44723
44724
44725
44728
44729
44730
44731
44732
44733
44734
44736
44737
44738
44739
44740
44742
44743
44745
44747
44749
44751
44752
44754
44755
44757
44758
44759
44760
44763
44765
44766
44767
44769
44776
44777
44780
44782
44783
44789
44791
44792
44796
44800
44804
44806
44807
44810
44823
44824
44826
44828
44830
44831
44833
44834
44838
44839
44841
44842
44843
44844
44845
44846
44847
44851
44852
44853
44854
44857
44858
44860
44862
44867
44868
44875
44877
44878
44880
44885
44886
44889
44890
44895
44897
44900
44901
44905
44907
44909
44910
44911
44912
44914
44915
44916
44918
44919
44921
44922
44923
44926
44928
44930
44931
44934
44935
44936
44940
44941
44942
44948
44951
44956
44957
44958
44959
44961
44963
44964
44965
44967
44975
44976
44980
44985
44991
44995
44997
44999
45000
45001
45010
45011
45012
45013
45014
45015
45016
45017
45018
45020
45023
45025
45027
45028
45030
45031
45032
45034
45036
45037
45044
45045
45047
45049
45050
45051
45052
45055
45058
45061
45062
45063
45064
45065
45068
45069
45072
45075
45076
45077
45080
45082
45083
45084
45086
45088
45090
45093
45094
45095
45098
45105
45106
45109
45111
45114
45116
45118
45121
45125
45126
45127
45129
45131
45133
45134
45136
45137
45138
45139
45141
45144
45145
45148
45150
45151
45153
45158
45161
45164
45165
45166
45168
45173
45176
45177
45179
45182
45184
45185
45187
45189
45190
45191
45192
45193
45197
45198
45200
45201
45208
45209
45213
45214
45216
45217
45219
45225
45227
45228
45229
45231
45233
45234
45238
45241
45242
45245
45246
45251
45252
45257
45259
45260
45261
45266
45268
45272
45274
45275
45277
45278
45279
45280
45286
45287
45288
45290
45291
45292
45293
45295
45296
45297
45299
45300
45301
45304
45307
45309
45311
45312
45313
45314
45316
45317
45318
45319
45320
45321
45322
45325
45326
45329
45330
45336
45337
45339
45343
45344
45345
45346
45347
45349
45352
45353
45357
45359
45363
45364
45365
45366
45367
45368
45369
45371
45372
45373
45374
45375
45380
45381
45382
45383
45385
45388
45389
45390
45391
45395
45396
45397
45398
45400
45401
45402
45403
45406
45407
45411
45414
45415
45418
45419
45421
45425
45426
45427
45428
45429
45430
45434
45435
45436
45437
45438
45439
45440
45443
45444
45445
45449
45450
45452
45455
45456
45457
45460
45461
45465
45467
45469
45471
45473
45475
45477
45479
45482
45487
45488
45489
45490
45495
45506
45507
45508
45509
45513
45514
45516
45517
45518
45520
45521
45523
45528
45529
45530
45531
45534
45536
45537
45540
45541
45542
45544
45545
45548
45550
45554
45556
45557
45560
45561
45563
45570
45574
45575
45576
45577
45578
45580
45581
45582
45584
45585
45587
45588
45593
45597
45600
45601
45604
45606
45611
45613
45614
45616
45617
45618
45619
45620
45622
45627
45628
45630
45631
45633
45638
45639
45640
45641
45642
45643
45646
45647
45651
45652
45653
45656
45657
45659
45660
45661
45664
45665
45666
45668
45669
45672
45673
45680
45682
45684
45687
45688
45689
45690
45692
45694
45695
45697
45698
45700
45706
45707
45710
45711
45712
45714
45716
45717
45721
45723
45726
45727
45728
45732
45734
45735
45737
45740
45742
45743
45744
45745
45746
45747
45748
45750
45751
45755
45756
45757
45758
45759
45767
45768
45771
45774
45779
45783
45784
45786
45790
45791
45792
45793
45794
45795
45796
45798
45799
45801
45802
45803
45805
45807
45810
45811
45815
45817
45824
45825
45826
45831
45832
45833
45835
45837
45838
45839
45840
45841
45842
45843
45846
45847
45849
45850
45851
45852
45853
45854
45857
45861
45863
45864
45865
45866
45868
45869
45872
45877
45879
45880
45881
45882
45883
45884
45885
45886
45888
45889
45890
45895
45899
45901
45902
45903
45909
45910
45912
45914
45916
45917
45923
45924
45926
45929
45930
45931
45934
45936
45938
45939
45940
45942
45943
45946
45948
45950
45953
45954
45960
45961
45963
45964
45969
45972
45973
45978
45981
45982
45984
45985
45986
45987
45991
45993
45994
45995
45996
46000
46002
46003
46006
46007
46009
46011
46014
46015
46017
46023
46025
46027
46029
46030
46031
46032
46033
46039
46040
46043
46044
46045
46046
46054
46058
46059
46060
46061
46063
46064
46065
46066
46071
46072
46073
46085
46087
46088
46091
46092
46094
46095
46098
46100
46101
46106
46110
46111
46112
46113
46115
46116
46118
46119
46121
46122
46123
46128
46130
46131
46132
46134
46136
46137
46138
46140
46141
46142
46144
46145
46146
46147
46148
46151
46155
46159
46161
46162
46163
46165
46166
46168
46169
46175
46178
46180
46181
46184
46185
46186
46190
46191
46196
46198
46199
46200
46205
46206
46211
46214
46216
46222
46224
46228
46231
46233
46235
46237
46246
46247
46250
46251
46252
46253
46254
46256
46258
46259
46263
46264
46265
46267
46270
46271
46275
46276
46277
46280
46284
46286
46287
46288
46290
46292
46293
46295
46297
46301
46302
46303
46304
46305
46306
46309
46312
46315
46317
46321
46322
46324
46325
46327
46329
46331
46333
46335
46336
46338
46339
46340
46341
46343
46344
46345
46346
46347
46348
46351
46352
46353
46354
46355
46356
46357
46358
46359
46362
46366
46367
46368
46369
46370
46371
46372
46378
46380
46382
46384
46386
46387
46390
46391
46398
46406
46408
46410
46411
46413
46415
46418
46421
46423
46426
46428
46430
46431
46432
46436
46437
46439
46443
46445
46448
46449
46453
46455
46465
46469
46470
46471
46473
46476
46477
46480
46482
46483
46486
46487
46488
46490
46491
46492
46494
46498
46505
46507
46508
46509
46510
46513
46515
46516
46517
46522
46524
46527
46531
46532
46533
46536
46537
46539
46541
46544
46547
46549
46551
46552
46553
46554
46563
46564
46565
46570
46571
46572
46574
46576
46577
46580
46581
46582
46583
46584
46591
46592
46593
46594
46595
46597
46598
46599
46600
46601
46602
46603
46604
46606
46609
46610
46611
46613
46616
46617
46620
46622
46623
46625
46627
46630
46631
46634
46636
46637
46638
46640
46642
46644
46645
46646
46647
46648
46649
46653
46655
46656
46660
46662
46663
46665
46666
46667
46670
46672
46673
46675
46680
46685
46687
46692
46693
46696
46697
46698
46699
46701
46703
46704
46705
46708
46713
46716
46717
46722
46726
46727
46728
46730
46734
46735
46738
46739
46741
46742
46744
46745
46749
46751
46755
46756
46759
46760
46762
46763
46764
46765
46766
46770
46771
46775
46776
46779
46780
46781
46782
46783
46785
46786
46788
46792
46794
46797
46798
46802
46804
46805
46806
46811
46812
46813
46814
46816
46817
46818
46821
46825
46826
46829
46831
46832
46833
46835
46838
46843
46847
46848
46850
46851
46852
46855
46856
46857
46858
46860
46862
46863
46866
46867
46868
46870
46871
46875
46877
46879
46880
46883
46885
46886
46887
46888
46890
46892
46893
46894
46895
46896
46897
46899
46900
46901
46903
46905
46907
46908
46909
46910
46911
46913
46917
46920
46921
46923
46928
46930
46934
46935
46938
46940
46941
46945
46946
46949
46950
46952
46955
46957
46960
46961
46962
46964
46965
46971
46972
46973
46974
46975
46977
46979
46980
46982
46983
46984
46985
46986
46991
46992
46995
46996
46997
46999
47000
47001
47003
47004
47005
47007
47008
47010
47012
47013
47015
47017
47020
47021
47032
47035
47036
47037
47038
47041
47043
47044
47045
47047
47050
47051
47052
47053
47054
47055
47057
47059
47064
47065
47067
47068
47070
47076
47078
47081
47083
47084
47085
47086
47088
47089
47095
47097
47098
47100
47103
47104
47105
47106
47107
47108
47110
47112
47113
47115
47116
47121
47122
47124
47127
47128
47131
47132
47134
47138
47143
47146
47150
47153
47155
47158
47159
47160
47164
47165
47166
47167
47168
47171
47172
47173
47175
47176
47177
47180
47182
47186
47189
47190
47192
47194
47196
47198
47199
47200
47201
47202
47204
47205
47206
47210
47211
47214
47215
47216
47225
47227
47229
47231
47232
47235
47238
47241
47243
47244
47245
47246
47247
47248
47253
47254
47255
47259
47260
47262
47265
47267
47272
47273
47275
47276
47277
47280
47285
47286
47289
47293
47295
47297
47298
47300
47301
47302
47305
47306
47308
47309
47311
47313
47314
47316
47317
47318
47319
47320
47323
47324
47326
47328
47330
47331
47334
47336
47337
47341
47342
47343
47344
47345
47346
47347
47349
47350
47351
47352
47353
47355
47356
47357
47358
47362
47363
47364
47366
47367
47368
47369
47370
47377
47378
47379
47383
47384
47385
47386
47387
47390
47391
47392
47394
47395
47397
47400
47404
47405
47406
47407
47410
47412
47414
47415
47416
47417
47418
47419
47420
47421
47422
47426
47427
47429
47430
47431
47432
47433
47434
47437
47439
47440
47442
47443
47444
47446
47447
47448
47449
47452
47458
47459
47460
47461
47463
47465
47466
47470
47471
47475
47476
47480
47481
47482
47484
47486
47487
47489
47492
47500
47501
47507
47509
47510
47511
47512
47513
47515
47518
47521
47522
47525
47528
47529
47530
47531
47533
47535
47537
47538
47539
47540
47541
47542
47544
47545
47546
47547
47548
47549
47550
47555
47560
47562
47563
47565
47566
47568
47570
47571
47572
47574
47578
47580
47581
47583
47584
47588
47593
47594
47597
47598
47599
47600
47603
47606
47608
47610
47612
47613
47614
47616
47619
47621
47623
47624
47626
47627
47628
47632
47640
47641
47648
47649
47653
47654
47655
47659
47660
47662
47664
47665
47666
47667
47668
47676
47679
47685
47686
47688
47690
47691
47692
47695
47696
47701
47703
47704
47707
47708
47709
47713
47716
47717
47718
47721
47723
47724
47726
47727
47737
47738
47741
47744
47745
47746
47747
47748
47749
47755
47756
47759
47760
47761
47763
47764
47765
47766
47767
47773
47774
47775
47776
47777
47781
47782
47783
47785
47786
47788
47789
47790
47794
47795
47796
47797
47798
47800
47803
47804
47806
47810
47811
47813
47814
47817
47819
47820
47821
47822
47826
47828
47835
47837
47838
47839
47841
47842
47843
47844
47846
47847
47849
47853
47855
47857
47858
47861
47862
47863
47864
47866
47867
47868
47872
47874
47875
47877
47878
47880
47881
47882
47883
47885
47886
47887
47892
47893
47894
47895
47896
47897
47898
47903
47904
47905
47907
47908
47909
47910
47912
47914
47917
47919
47920
47922
47923
47926
47927
47929
47932
47933
47936
47938
47939
47942
47944
47954
47955
47956
47959
47961
47965
47966
47967
47973
47974
47975
47980
47981
47982
47983
47985
47987
47992
47993
47995
47998
47999
48000
48002
48012
48014
48015
48016
48017
48018
48019
48024
48025
48026
48027
48028
48031
48041
48044
48045
48047
48048
48051
48053
48056
48057
48059
48062
48063
48064
48067
48068
48070
48073
48074
48075
48076
48078
48079
48080
48082
48083
48084
48085
48087
48089
48090
48095
48096
48097
48101
48102
48105
48107
48108
48110
48111
48113
48114
48119
48122
48126
48127
48128
48129
48134
48135
48136
48138
48139
48147
48149
48151
48152
48154
48155
48160
48161
48162
48165
48166
48167
48169
48171
48172
48173
48176
48177
48180
48183
48184
48187
48188
48190
48191
48193
48194
48195
48199
48201
48203
48205
48206
48209
48211
48212
48214
48215
48216
48217
48218
48219
48221
48223
48225
48226
48227
48228
48229
48231
48236
48237
48238
48239
48240
48242
48244
48245
48248
48250
48252
48254
48256
48258
48259
48260
48261
48263
48265
48266
48267
48269
48270
48277
48283
48284
48288
48290
48292
48295
48296
48298
48299
48301
48302
48309
48310
48311
48316
48321
48323
48325
48326
48328
48329
48333
48335
48336
48339
48345
48348
48350
48352
48353
48358
48362
48364
48365
48366
48369
48373
48375
48376
48377
48378
48387
48389
48390
48391
48394
48399
48400
48404
48405
48406
48407
48409
48410
48411
48412
48414
48415
48418
48419
48422
48424
48425
48426
48427
48431
48432
48433
48436
48438
48439
48445
48447
48448
48450
48451
48453
48455
48462
48465
48466
48471
48474
48476
48477
48478
48479
48480
48481
48482
48483
48486
48487
48489
48490
48491
48492
48494
48499
48501
48503
48507
48508
48509
48510
48512
48514
48515
48516
48518
48522
48523
48524
48527
48528
48529
48530
48532
48540
48542
48543
48544
48546
48547
48548
48551
48553
48554
48555
48556
48558
48560
48567
48570
48571
48574
48578
48579
48582
48583
48588
48589
48590
48591
48593
48595
48598
48601
48602
48604
48606
48609
48610
48611
48614
48616
48619
48625
48626
48628
48634
48635
48637
48638
48639
48641
48644
48645
48646
48651
48652
48660
48661
48662
48664
48665
48669
48670
48672
48673
48674
48676
48677
48678
48679
48680
48681
48685
48687
48688
48690
48691
48696
48697
48698
48701
48702
48703
48707
48709
48710
48711
48712
48713
48714
48716
48720
48721
48725
48727
48729
48731
48733
48735
48737
48740
48741
48742
48744
48745
48749
48750
48751
48754
48760
48761
48762
48763
48765
48768
48770
48771
48772
48775
48777
48781
48784
48786
48787
48789
48791
48792
48794
48796
48798
48802
48803
48804
48806
48807
48808
48810
48811
48812
48813
48815
48816
48820
48821
48824
48825
48826
48827
48828
48829
48831
48833
48835
48836
48837
48839
48841
48843
48846
48849
48850
48851
48852
48853
48857
48858
48859
48860
48865
48866
48867
48868
48869
48872
48874
48877
48878
48879
48883
48885
48888
48889
48890
48892
48893
48896
48897
48902
48907
48908
48911
48912
48913
48915
48917
48918
48920
48921
48922
48923
48927
48933
48937
48938
48939
48942
48943
48944
48946
48947
48948
48949
48950
48951
48954
48957
48958
48959
48960
48961
48964
48965
48966
48968
48970
48973
48978
48980
48981
48982
48983
48984
48985
48986
48987
48990
48991
48992
48993
48995
48996
48997
48999
49003
49004
49006
49008
49011
49012
49013
49015
49019
49021
49022
49023
49025
49026
49027
49028
49031
49033
49034
49036
49040
49042
49043
49045
49046
49047
49048
49049
49051
49056
49057
49059
49061
49063
49064
49068
49070
49072
49073
49081
49082
49084
49085
49086
49088
49089
49090
49094
49095
49096
49097
49098
49101
49103
49106
49107
49109
49110
49111
49114
49116
49119
49120
49121
49122
49123
49124
49125
49126
49127
49129
49133
49134
49137
49143
49146
49150
49151
49152
49154
49155
49157
49159
49160
49161
49162
49165
49169
49171
49173
49174
49175
49177
49179
49184
49185
49186
49189
49192
49193
49200
49201
49202
49203
49206
49209
49210
49211
49212
49213
49214
49215
49221
49222
49223
49225
49226
49227
49229
49230
49232
49233
49235
49236
49238
49240
49241
49243
49246
49247
49248
49249
49251
49256
49259
49262
49263
49264
49270
49272
49273
49277
49279
49281
49283
49285
49286
49288
49293
49294
49295
49296
49297
49302
49304
49305
49306
49308
49309
49311
49312
49314
49315
49316
49319
49320
49321
49324
49325
49326
49327
49328
49330
49331
49332
49337
49338
49339
49341
49342
49343
49344
49346
49350
49351
49353
49354
49355
49356
49357
49360
49361
49364
49366
49367
49368
49372
49373
49374
49376
49379
49380
49381
49382
49385
49386
49387
49388
49389
49392
49394
49396
49398
49399
49400
49401
49406
49407
49409
49410
49411
49414
49415
49420
49421
49422
49423
49427
49430
49431
49433
49436
49438
49440
49442
49443
49444
49447
49448
49450
49453
49454
49455
49459
49464
49465
49467
49472
49474
49476
49477
49478
49487
49490
49493
49496
49497
49498
49501
49506
49507
49509
49510
49511
49514
49515
49516
49519
49520
49521
49522
49523
49524
49525
49526
49527
49530
49531
49532
49533
49537
49538
49540
49544
49546
49547
49548
49549
49551
49553
49556
49557
49558
49559
49562
49564
49565
49567
49568
49569
49571
49572
49573
49575
49580
49581
49582
49583
49584
49588
49589
49590
49594
49596
49598
49600
49602
49607
49610
49611
49612
49613
49616
49617
49618
49621
49623
49629
49634
49635
49637
49639
49643
49645
49649
49650
49651
49653
49656
49657
49660
49663
49664
49666
49667
49669
49670
49671
49673
49674
49676
49678
49680
49685
49687
49689
49690
49691
49692
49694
49695
49696
49697
49698
49699
49700
49701
49702
49703
49705
49706
49708
49709
49710
49711
49713
49718
49720
49722
49726
49727
49728
49731
49733
49735
49740
49742
49745
49746
49748
49749
49750
49753
49757
49758
49762
49763
49767
49768
49770
49774
49776
49777
49778
49782
49783
49784
49785
49786
49788
49790
49792
49796
49799
49800
49803
49804
49805
49806
49807
49809
49811
49813
49815
49816
49817
49819
49821
49822
49823
49824
49828
49835
49836
49837
49840
49841
49842
49843
49844
49845
49846
49848
49852
49853
49855
49856
49857
49863
49866
49867
49868
49870
49871
49873
49874
49875
49884
49885
49886
49889
49894
49895
49897
49900
49902
49903
49905
49906
49908
49909
49912
49913
49921
49922
49923
49925
49928
49929
49932
49934
49937
49940
49947
49948
49949
49951
49953
49954
49955
49956
49957
49959
49962
49963
49968
49969
49971
49973
49974
49977
49979
49982
49985
49987
49989
49990
49993
49996
49997
49998
50000
50001
50003
50004
50005
50006
50009
50010
50011
50012
50014
50017
50018
50019
50020
50022
50026
50027
50028
50034
50035
50036
50037
50040
50041
50042
50045
50047
50049
50051
50053
50055
50056
50057
50059
50060
50064
50065
50066
50068
50071
50072
50073
50076
50077
50080
50086
50087
50088
50089
50090
50092
50093
50095
50096
50097
50099
50100
50103
50106
50107
50109
50112
50113
50116
50117
50119
50120
50122
50125
50127
50129
50131
50132
50134
50136
50138
50140
50141
50142
50143
50145
50150
50152
50153
50157
50159
50164
50165
50167
50169
50170
50171
50172
50181
50182
50183
50184
50186
50187
50188
50190
50197
50198
50199
50201
50202
50207
50213
50214
50216
50218
50219
50220
50223
50225
50231
50232
50234
50235
50238
50239
50242
50244
50245
50249
50250
50251
50254
50256
50257
50259
50260
50261
50264
50269
50274
50278
50281
50286
50287
50288
50289
50292
50294
50297
50298
50299
50300
50305
50307
50308
50312
50314
50317
50318
50319
50320
50321
50323
50325
50326
50327
50328
50330
50331
50334
50335
50336
50344
50346
50347
50353
50354
50356
50358
50359
50360
50361
50364
50366
50367
50368
50369
50370
50371
50373
50377
50378
50380
50382
50383
50385
50386
50387
50388
50390
50391
50394
50395
50396
50398
50399
50401
50403
50404
50405
50406
50408
50410
50411
50413
50414
50415
50417
50418
50421
50427
50428
50430
50435
50437
50439
50440
50445
50446
50447
50451
50452
50453
50455
50456
50457
50458
50459
50460
50461
50464
50465
50466
50467
50468
50469
50470
50472
50477
50478
50479
50483
50484
50486
50488
50489
50490
50492
50494
50495
50496
50497
50501
50503
50505
50506
50508
50510
50513
50514
50516
50518
50519
50520
50521
50525
50527
50531
50533
50534
50535
50540
50542
50543
50545
50547
50553
50554
50555
50556
50557
50558
50561
50563
50564
50567
50568
50571
50575
50579
50581
50582
50583
50584
50587
50588
50592
50593
50595
50597
50599
50600
50602
50603
50605
50607
50611
50612
50613
50614
50617
50618
50620
50621
50622
50624
50625
50627
50629
50630
50631
50634
50636
50637
50639
50641
50644
50645
50647
50650
50656
50657
50658
50660
50662
50663
50664
50666
50667
50668
50669
50671
50672
50673
50674
50679
50685
50687
50688
50691
50693
50694
50697
50700
50701
50703
50704
50706
50707
50708
50711
50712
50714
50716
50717
50718
50726
50727
50728
50729
50731
50732
50733
50738
50741
50743
50744
50746
50750
50754
50757
50760
50761
50762
50763
50768
50769
50771
50772
50773
50774
50775
50776
50777
50778
50779
50780
50781
50782
50783
50784
50787
50788
50792
50793
50796
50797
50798
50799
50800
50802
50804
50806
50808
50809
50810
50811
50812
50813
50815
50816
50818
50819
50820
50821
50825
50826
50830
50833
50837
50842
50845
50846
50849
50850
50851
50852
50854
50855
50862
50864
50868
50869
50870
50873
50877
50878
50880
50881
50883
50885
50887
50888
50889
50890
50892
50893
50894
50896
50898
50899
50900
50901
50902
50903
50904
50906
50909
50911
50912
50913
50916
50918
50920
50921
50926
50928
50931
50932
50933
50934
50935
50939
50941
50944
50946
50947
50948
50949
50956
50959
50960
50963
50965
50967
50969
50970
50974
50977
50979
50982
50984
50988
50991
50993
50995
50997
50998
50999
51000
51001
51003
51009
51010
51015
51017
51022
51023
51026
51027
51028
51030
51032
51034
51035
51036
51037
51038
51039
51042
51043
51044
51045
51046
51048
51049
51052
51054
51055
51058
51061
51063
51065
51068
51069
51071
51074
51076
51078
51079
51080
51085
51086
51089
51093
51096
51097
51102
51105
51106
51107
51109
51110
51111
51114
51120
51122
51123
51125
51126
51127
51128
51129
51138
51139
51140
51142
51148
51151
51152
51153
51155
51156
51159
51160
51161
51163
51167
51169
51172
51175
51176
51177
51180
51181
51182
51183
51184
51188
51189
51193
51197
51198
51200
51202
51204
51205
51207
51215
51216
51218
51219
51221
51222
51223
51224
51225
51228
51231
51235
51236
51238
51240
51241
51242
51244
51246
51247
51249
51254
51257
51261
51263
51266
51269
51270
51274
51275
51277
51278
51279
51282
51290
51292
51293
51294
51296
51299
51301
51303
51304
51307
51309
51314
51316
51321
51323
51324
51326
51327
51330
51332
51334
51335
51336
51338
51339
51342
51343
51344
51346
51347
51349
51350
51352
51353
51356
51357
51358
51359
51360
51362
51365
51368
51370
51372
51373
51374
51376
51379
51380
51381
51383
51384
51385
51388
51390
51392
51393
51395
51396
51400
51401
51403
51405
51410
51412
51413
51414
51418
51419
51420
51421
51422
51423
51425
51426
51429
51431
51434
51435
51437
51442
51443
51444
51445
51446
51450
51452
51453
51455
51457
51458
51459
51460
51462
51463
51464
51466
51467
51468
51469
51478
51479
51481
51483
51484
51486
51487
51488
51490
51493
51494
51496
51497
51498
51500
51502
51507
51510
51512
51513
51515
51516
51517
51518
51520
51521
51522
51523
51524
51525
51526
51528
51529
51530
51532
51533
51534
51537
51538
51540
51541
51543
51545
51548
51549
51550
51551
51553
51557
51558
51559
51562
51564
51569
51572
51574
51576
51577
51586
51587
51588
51591
51594
51596
51598
51599
51601
51602
51603
51604
51605
51607
51608
51610
51612
51614
51617
51618
51620
51622
51624
51625
51626
51627
51632
51633
51634
51635
51637
51638
51642
51643
51646
51647
51649
51651
51652
51653
51657
51661
51662
51663
51664
51667
51668
51669
51670
51671
51673
51674
51675
51676
51679
51682
51687
51690
51693
51696
51697
51698
51699
51700
51701
51704
51706
51708
51709
51713
51714
51715
51716
51719
51720
51721
51724
51725
51726
51727
51729
51731
51732
51733
51736
51739
51741
51743
51744
51746
51749
51752
51753
51755
51759
51762
51765
51767
51768
51770
51771
51772
51773
51774
51775
51776
51777
51778
51781
51783
51785
51787
51788
51789
51792
51794
51795
51796
51801
51802
51803
51808
51814
51815
51816
51817
51818
51820
51821
51822
51826
51827
51829
51832
51836
51842
51846
51849
51851
51852
51853
51854
51857
51858
51859
51860
51861
51865
51866
51868
51869
51871
51872
51873
51874
51878
51879
51880
51881
51884
51886
51887
51888
51889
51890
51891
51892
51894
51895
51897
51901
51902
51903
51904
51905
51909
51910
51911
51913
51914
51915
51916
51920
51921
51924
51926
51929
51930
51932
51933
51934
51938
51939
51940
51942
51943
51948
51956
51957
51959
51960
51961
51963
51964
51965
51966
51968
51969
51971
51974
51976
51977
51978
51981
51982
51985
51986
51990
51994
51995
51998
51999
52000
52001
52002
52005
52006
52010
52011
52014
52015
52018
52021
52022
52023
52024
52026
52029
52032
52033
52035
52036
52037
52039
52042
52045
52048
52051
52055
52058
52060
52061
52063
52068
52070
52074
52076
52077
52079
52080
52082
52086
52090
52093
52094
52096
52100
52101
52103
52104
52107
52109
52113
52116
52118
52120
52122
52125
52131
52133
52135
52141
52142
52145
52146
52148
52149
52151
52153
52163
52165
52166
52169
52171
52173
52175
52180
52182
52184
52185
52186
52189
52193
52194
52195
52198
52200
52203
52205
52206
52207
52212
52213
52215
52218
52219
52220
52221
52223
52224
52225
52226
52228
52229
52230
52232
52233
52237
52239
52240
52242
52243
52245
52247
52248
52252
52256
52259
52260
52261
52265
52272
52273
52274
52275
52276
52277
52279
52282
52284
52286
52287
52289
52291
52292
52297
52300
52302
52303
52305
52307
52311
52318
52319
52321
52322
52324
52325
52328
52332
52335
52338
52339
52345
52349
52351
52353
52355
52356
52360
52361
52363
52364
52365
52368
52370
52372
52375
52378
52380
52382
52383
52384
52385
52386
52387
52388
52394
52395
52400
52401
52402
52403
52407
52408
52410
52411
52413
52415
52416
52418
52420
52424
52425
52428
52429
52433
52437
52439
52440
52442
52445
52446
52449
52451
52452
52454
52455
52456
52458
52459
52460
52462
52463
52467
52470
52472
52474
52476
52477
52479
52480
52483
52484
52486
52487
52489
52490
52492
52493
52495
52498
52499
52500
52501
52503
52505
52508
52509
52510
52511
52516
52521
52523
52528
52531
52532
52533
52535
52536
52537
52538
52539
52543
52548
52549
52551
52553
52554
52555
52557
52559
52565
52568
52571
52574
52575
52577
52578
52585
52587
52588
52589
52591
52593
52596
52603
52607
52609
52611
52614
52619
52620
52621
52622
52624
52626
52627
52628
52629
52630
52631
52636
52639
52641
52643
52644
52647
52650
52652
52653
52655
52656
52657
52658
52660
52661
52662
52663
52665
52666
52667
52668
52669
52670
52672
52673
52677
52678
52679
52680
52683
52685
52686
52687
52689
52690
52691
52692
52693
52694
52696
52698
52700
52701
52704
52705
52706
52707
52709
52714
52715
52718
52721
52722
52724
52725
52727
52728
52729
52730
52732
52733
52734
52735
52736
52740
52741
52743
52745
52746
52747
52748
52750
52753
52755
52756
52757
52759
52760
52761
52764
52765
52767
52770
52771
52773
52774
52775
52776
52777
52780
52781
52784
52785
52786
52788
52789
52791
52796
52797
52798
52800
52801
52802
52804
52808
52810
52811
52816
52820
52822
52825
52827
52828
52829
52830
52831
52832
52833
52834
52835
52838
52840
52841
52849
52850
52851
52852
52853
52855
52856
52858
52860
52861
52864
52865
52869
52870
52871
52875
52877
52878
52881
52883
52887
52889
52894
52898
52902
52904
52906
52907
52909
52910
52911
52913
52916
52918
52919
52920
52923
52926
52928
52932
52935
52937
52940
52941
52942
52943
52944
52946
52948
52949
52950
52951
52952
52953
52954
52956
52957
52960
52962
52963
52964
52965
52968
52969
52973
52976
52977
52979
52980
52982
52986
52987
52989
52990
52992
52993
52994
52997
52999
53001
53003
53004
53006
53007
53008
53009
53014
53017
53018
53019
53020
53021
53024
53025
53026
53029
53030
53031
53035
53036
53037
53038
53040
53046
53048
53052
53053
53056
53058
53062
53065
53066
53068
53069
53071
53074
53079
53086
53088
53090
53091
53092
53093
53094
53096
53098
53099
53102
53104
53105
53106
53107
53108
53109
53110
53111
53112
53116
53118
53120
53122
53123
53125
53126
53129
53130
53136
53137
53142
53144
53147
53148
53149
53153
53158
53160
53163
53164
53165
53168
53169
53170
53173
53176
53177
53178
53180
53182
53183
53185
53186
53187
53188
53189
53190
53191
53192
53193
53197
53198
53200
53203
53206
53208
53210
53211
53214
53216
53218
53219
53220
53221
53225
53226
53227
53229
53232
53235
53236
53238
53244
53245
53247
53248
53255
53258
53261
53262
53268
53270
53272
53273
53275
53277
53278
53279
53282
53285
53288
53290
53293
53295
53297
53298
53302
53306
53307
53309
53312
53313
53314
53316
53317
53318
53325
53327
53328
53331
53333
53335
53337
53339
53340
53343
53344
53347
53352
53353
53354
53356
53359
53360
53362
53368
53371
53372
53373
53375
53377
53379
53383
53384
53386
53390
53393
53397
53400
53401
53402
53403
53404
53407
53408
53410
53412
53413
53414
53418
53420
53421
53424
53425
53427
53428
53429
53430
53435
53436
53437
53441
53444
53448
53449
53450
53451
53453
53454
53458
53463
53467
53472
53473
53476
53478
53479
53480
53481
53482
53483
53487
53488
53489
53491
53492
53494
53495
53499
53504
53506
53511
53517
53518
53520
53521
53522
53524
53526
53528
53529
53530
53531
53534
53539
53540
53544
53554
53555
53557
53559
53560
53561
53564
53565
53566
53568
53569
53573
53574
53575
53577
53579
53582
53584
53585
53587
53589
53590
53593
53594
53596
53598
53599
53600
53601
53603
53606
53607
53608
53609
53610
53612
53613
53614
53615
53618
53620
53622
53623
53627
53628
53632
53634
53636
53637
53641
53643
53646
53648
53652
53654
53656
53657
53658
53659
53660
53662
53663
53668
53671
53674
53676
53681
53682
53685
53686
53687
53689
53690
53693
53695
53696
53698
53699
53700
53701
53704
53706
53707
53709
53710
53712
53715
53718
53721
53722
53724
53726
53727
53729
53731
53732
53734
53735
53736
53743
53747
53749
53750
53755
53757
53759
53763
53765
53766
53767
53769
53770
53771
53773
53774
53776
53777
53780
53781
53783
53784
53785
53786
53787
53790
53794
53798
53799
53800
53801
53802
53803
53804
53805
53806
53814
53815
53818
53823
53825
53833
53836
53838
53840
53846
53848
53849
53850
53852
53855
53856
53860
53864
53866
53867
53868
53869
53871
53872
53873
53876
53878
53879
53880
53881
53883
53884
53886
53888
53889
53891
53892
53893
53894
53895
53897
53899
53900
53902
53904
53906
53907
53910
53915
53920
53923
53925
53927
53931
53935
53937
53938
53941
53942
53943
53944
53945
53946
53948
53950
53951
53952
53958
53959
53960
53965
53966
53967
53972
53974
53976
53977
53978
53981
53985
53987
53988
53989
53990
53993
53995
53999
54000
54002
54003
54004
54005
54006
54007
54009
54010
54011
54013
54015
54016
54019
54021
54023
54024
54027
54028
54031
54032
54034
54035
54036
54039
54041
54043
54051
54052
54054
54055
54056
54058
54061
54062
54063
54064
54065
54067
54068
54069
54070
54072
54074
54075
54078
54079
54080
54081
54082
54084
54087
54091
54092
54093
54095
54102
54103
54104
54105
54107
54108
54113
54114
54117
54119
54121
54125
54126
54127
54130
54131
54132
54144
54146
54149
54150
54152
54154
54155
54156
54158
54160
54161
54162
54165
54166
54168
54169
54170
54179
54181
54185
54186
54191
54192
54194
54195
54197
54199
54206
54207
54213
54215
54216
54217
54218
54221
54223
54230
54231
54232
54236
54241
54246
54247
54248
54249
54252
54258
54262
54264
54268
54272
54274
54275
54276
54279
54281
54282
54285
54286
54287
54289
54290
54292
54296
54298
54299
54300
54301
54304
54306
54307
54309
54310
54311
54316
54317
54318
54319
54322
54323
54326
54328
54329
54331
54334
54335
54338
54343
54345
54346
54349
54355
54357
54360
54361
54362
54363
54365
54367
54373
54375
54380
54387
54388
54389
54390
54391
54392
54393
54395
54398
54400
54401
54404
54405
54406
54407
54408
54411
54412
54414
54417
54418
54422
54424
54425
54427
54428
54429
54430
54431
54436
54437
54438
54439
54440
54441
54442
54443
54444
54445
54446
54447
54453
54455
54456
54459
54461
54463
54466
54467
54468
54470
54472
54473
54474
54475
54477
54479
54480
54481
54483
54484
54485
54486
54487
54488
54489
54492
54493
54496
54497
54498
54499
54500
54501
54502
54503
54506
54507
54509
54511
54512
54514
54515
54516
54519
54522
54523
54524
54525
54526
54527
54529
54530
54532
54533
54534
54536
54540
54541
54542
54544
54548
54553
54554
54556
54557
54558
54561
54562
54565
54567
54569
54570
54574
54575
54576
54579
54580
54582
54583
54587
54588
54591
54593
54594
54595
54598
54600
54601
54607
54610
54611
54613
54615
54620
54621
54623
54624
54625
54626
54629
54631
54635
54636
54644
54647
54649
54651
54653
54656
54657
54658
54663
54667
54668
54670
54676
54680
54682
54683
54685
54686
54687
54688
54689
54690
54691
54692
54698
54699
54701
54702
54706
54707
54713
54715
54718
54720
54722
54723
54724
54726
54727
54730
54731
54733
54734
54735
54736
54738
54741
54744
54746
54748
54749
54751
54752
54754
54755
54756
54757
54759
54764
54767
54771
54773
54774
54779
54780
54781
54782
54785
54787
54789
54790
54794
54796
54797
54798
54800
54803
54806
54807
54808
54809
54811
54813
54814
54818
54821
54822
54824
54825
54827
54832
54833
54834
54835
54836
54838
54839
54840
54842
54844
54845
54847
54848
54850
54851
54855
54859
54860
54861
54864
54865
54866
54868
54874
54876
54877
54882
54884
54886
54888
54892
54898
54901
54903
54906
54913
54915
54921
54922
54924
54926
54927
54929
54932
54934
54936
54939
54942
54943
54945
54947
54948
54949
54951
54954
54956
54957
54958
54959
54963
54967
54968
54970
54971
54972
54973
54976
54978
54979
54981
54982
54984
54987
54990
54991
54995
54996
54998
54999
55001
55003
55005
55009
55010
55017
55019
55022
55026
55028
55030
55031
55033
55034
55037
55040
55041
55045
55046
55048
55049
55051
55053
55056
55057
55060
55061
55063
55068
55069
55070
55073
55076
55079
55082
55083
55085
55086
55088
55089
55090
55091
55092
55096
55097
55099
55100
55101
55105
55106
55107
55109
55110
55111
55112
55114
55116
55119
55121
55122
55127
55128
55131
55133
55134
55135
55136
55138
55140
55141
55142
55145
55148
55149
55151
55153
55156
55157
55158
55162
55165
55167
55169
55170
55173
55174
55177
55179
55182
55183
55185
55186
55187
55188
55189
55192
55193
55196
55198
55199
55205
55206
55209
55212
55215
55217
55221
55222
55223
55224
55225
55229
55231
55234
55235
55237
55239
55240
55242
55243
55244
55247
55248
55250
55251
55253
55254
55255
55258
55260
55261
55262
55263
55264
55265
55267
55271
55274
55275
55276
55277
55281
55283
55286
55287
55288
55295
55296
55299
55303
55311
55313
55314
55315
55316
55318
55319
55324
55327
55328
55329
55332
55333
55335
55338
55340
55341
55342
55344
55346
55347
55349
55355
55358
55359
55360
55361
55362
55366
55370
55371
55372
55374
55375
55376
55378
55379
55380
55383
55385
55387
55388
55389
55391
55393
55395
55396
55398
55401
55403
55404
55406
55408
55410
55412
55415
55418
55422
55424
55426
55427
55432
55436
55437
55439
55440
55448
55452
55453
55454
55457
55459
55461
55462
55463
55464
55469
55471
55472
55473
55474
55475
55476
55481
55482
55483
55486
55489
55490
55491
55493
55495
55496
55497
55499
55500
55501
55502
55503
55504
55506
55507
55509
55510
55513
55514
55516
55517
55519
55520
55521
55523
55524
55525
55526
55527
55532
55533
55534
55535
55536
55538
55540
55543
55544
55545
55546
55547
55548
55549
55550
55551
55554
55557
55558
55559
55561
55564
55565
55566
55567
55568
55569
55571
55574
55576
55577
55579
55580
55583
55585
55586
55588
55589
55591
55596
55597
55598
55599
55600
55601
55604
55607
55608
55609
55610
55611
55612
55615
55618
55621
55622
55623
55624
55625
55626
55630
55631
55632
55633
55636
55637
55639
55640
55641
55642
55644
55645
55648
55654
55656
55657
55658
55661
55663
55664
55665
55666
55668
55670
55673
55677
55678
55682
55683
55684
55686
55687
55690
55692
55693
55696
55698
55699
55701
55702
55705
55706
55707
55708
55709
55710
55712
55713
55714
55715
55716
55718
55720
55721
55722
55724
55726
55729
55730
55732
55737
55738
55741
55743
55746
55747
55748
55749
55750
55751
55752
55761
55764
55765
55766
55769
55773
55774
55787
55788
55789
55792
55793
55794
55797
55798
55799
55800
55801
55806
55807
55809
55811
55812
55813
55816
55817
55818
55820
55821
55824
55825
55827
55828
55830
55833
55834
55835
55838
55841
55842
55844
55845
55848
55850
55853
55854
55855
55856
55858
55859
55863
55865
55866
55867
55869
55874
55875
55879
55880
55881
55882
55883
55885
55887
55888
55889
55890
55892
55893
55895
55901
55904
55906
55908
55909
55913
55915
55917
55920
55921
55924
55925
55927
55929
55931
55935
55937
55941
55942
55943
55945
55948
55949
55952
55957
55958
55959
55961
55963
55964
55965
55967
55971
55974
55976
55977
55978
55979
55980
55982
55983
55986
55987
55990
55995
55996
55999
56001
56002
56003
56006
56008
56009
56012
56013
56016
56018
56021
56023
56026
56027
56031
56033
56036
56037
56041
56043
56047
56049
56050
56052
56053
56054
56059
56060
56061
56064
56065
56066
56070
56074
56076
56078
56079
56082
56083
56084
56085
56088
56089
56093
56097
56099
56100
56103
56106
56107
56112
56114
56115
56116
56117
56119
56120
56124
56125
56126
56127
56128
56131
56132
56133
56135
56136
56139
56142
56144
56145
56146
56148
56153
56157
56161
56163
56164
56166
56167
56168
56170
56171
56172
56179
56180
56182
56183
56184
56186
56187
56189
56191
56192
56193
56194
56198
56199
56200
56202
56203
56204
56205
56206
56209
56210
56211
56214
56215
56221
56223
56224
56225
56229
56231
56235
56239
56244
56245
56247
56248
56250
56252
56254
56256
56257
56259
56260
56265
56268
56270
56271
56272
56274
56275
56276
56278
56279
56280
56284
56285
56287
56292
56293
56296
56298
56300
56301
56303
56304
56305
56307
56308
56309
56310
56311
56314
56316
56317
56318
56319
56322
56323
56324
56326
56329
56330
56331
56332
56333
56335
56337
56340
56341
56343
56348
56350
56351
56352
56355
56357
56358
56359
56360
56361
56362
56364
56366
56367
56368
56370
56371
56372
56374
56377
56381
56384
56388
56390
56391
56395
56397
56398
56399
56400
56403
56404
56410
56413
56415
56418
56419
56421
56424
56425
56426
56428
56430
56431
56433
56436
56438
56441
56443
56445
56447
56448
56452
56455
56457
56458
56461
56462
56463
56469
56476
56477
56478
56479
56481
56482
56483
56484
56486
56489
56490
56492
56493
56494
56495
56498
56500
56503
56504
56505
56508
56510
56511
56513
56514
56515
56517
56518
56519
56521
56522
56524
56526
56527
56529
56531
56534
56537
56538
56539
56541
56546
56547
56551
56554
56555
56557
56559
56560
56561
56563
56566
56568
56569
56571
56573
56574
56578
56579
56583
56585
56587
56594
56600
56602
56603
56607
56608
56609
56617
56618
56621
56623
56626
56630
56633
56634
56635
56636
56640
56641
56642
56644
56648
56650
56652
56653
56656
56657
56660
56661
56664
56665
56666
56669
56671
56673
56674
56676
56677
56678
56682
56684
56688
56692
56693
56696
56698
56699
56701
56705
56708
56710
56711
56712
56713
56715
56717
56718
56719
56722
56724
56725
56726
56727
56728
56729
56730
56733
56737
56738
56741
56742
56743
56746
56748
56750
56751
56755
56756
56759
56763
56764
56767
56769
56770
56771
56772
56773
56774
56777
56779
56782
56784
56787
56788
56795
56796
56799
56800
56801
56802
56803
56804
56805
56808
56809
56810
56811
56814
56816
56818
56819
56820
56821
56825
56827
56828
56829
56831
56832
56833
56834
56835
56839
56841
56843
56844
56845
56846
56847
56848
56850
56852
56853
56856
56857
56858
56864
56865
56866
56867
56870
56871
56873
56874
56875
56880
56881
56882
56884
56885
56888
56889
56891
56892
56893
56896
56898
56899
56902
56903
56905
56908
56909
56910
56911
56913
56914
56919
56920
56922
56924
56925
56926
56927
56931
56932
56934
56936
56937
56938
56939
56940
56941
56942
56944
56945
56946
56948
56950
56953
56955
56957
56958
56960
56963
56967
56969
56970
56973
56974
56977
56978
56986
56987
56990
56991
56992
56994
56995
56996
56997
56998
57001
57002
57003
57005
57006
57008
57011
57013
57017
57018
57020
57021
57022
57024
57025
57027
57028
57029
57032
57033
57034
57038
57039
57040
57042
57044
57045
57046
57049
57051
57056
57059
57061
57063
57064
57066
57067
57069
57070
57071
57073
57075
57076
57077
57078
57079
57080
57081
57086
57088
57089
57091
57092
57093
57098
57099
57102
57103
57104
57109
57112
57113
57114
57115
57116
57120
57121
57124
57126
57127
57128
57129
57131
57132
57133
57137
57145
57147
57148
57149
57151
57152
57153
57156
57158
57159
57160
57163
57165
57166
57168
57169
57171
57174
57175
57177
57178
57179
57180
57183
57184
57187
57188
57193
57194
57195
57198
57199
57201
57202
57203
57206
57209
57211
57214
57218
57220
57222
57225
57228
57229
57230
57231
57232
57233
57234
57237
57238
57242
57244
57246
57247
57249
57250
57252
57254
57255
57256
57257
57258
57259
57261
57262
57263
57265
57266
57267
57272
57274
57275
57281
57283
57284
57285
57287
57288
57289
57290
57291
57292
57298
57300
57302
57305
57306
57312
57313
57315
57316
57318
57320
57321
57325
57327
57329
57330
57332
57335
57336
57337
57338
57339
57341
57343
57345
57346
57347
57348
57349
57350
57352
57354
57355
57357
57359
57361
57362
57367
57368
57372
57375
57379
57382
57383
57387
57388
57389
57390
57391
57392
57394
57395
57399
57400
57404
57405
57406
57408
57409
57413
57417
57418
57420
57421
57424
57425
57428
57429
57431
57433
57434
57436
57437
57438
57439
57440
57441
57442
57443
57446
57447
57452
57453
57454
57455
57457
57459
57460
57462
57463
57464
57465
57469
57471
57474
57475
57477
57480
57484
57485
57486
57487
57489
57490
57491
57493
57496
57497
57498
57501
57505
57507
57508
57511
57513
57517
57518
57521
57529
57530
57531
57532
57536
57538
57547
57548
57551
57553
57556
57558
57560
57561
57563
57564
57565
57567
57568
57569
57570
57577
57578
57579
57590
57595
57597
57598
57599
57600
57601
57603
57606
57608
57609
57611
57613
57615
57616
57617
57624
57627
57628
57629
57631
57632
57633
57636
57637
57638
57639
57642
57643
57644
57645
57650
57651
57655
57657
57659
57662
57666
57669
57672
57678
57679
57683
57685
57686
57687
57690
57692
57694
57696
57698
57700
57701
57705
57711
57714
57716
57718
57720
57723
57725
57727
57728
57729
57731
57734
57735
57738
57739
57740
57741
57742
57744
57745
57747
57748
57750
57752
57753
57756
57757
57758
57760
57761
57764
57765
57766
57767
57769
57771
57772
57774
57776
57777
57779
57780
57781
57784
57785
57786
57788
57795
57796
57799
57800
57801
57806
57810
57811
57814
57815
57816
57817
57820
57821
57822
57823
57825
57828
57830
57831
57832
57833
57834
57835
57836
57837
57839
57843
57846
57847
57848
57849
57850
57853
57854
57857
57858
57859
57864
57865
57868
57869
57871
57877
57882
57887
57888
57890
57894
57897
57900
57902
57903
57909
57912
57914
57915
57916
57918
57920
57923
57933
57934
57936
57940
57941
57942
57943
57944
57946
57947
57949
57950
57952
57954
57955
57957
57960
57962
57963
57965
57967
57971
57972
57974
57976
57978
57980
57981
57984
57987
57989
57990
57991
57996
57998
58000
58001
58003
58007
58008
58010
58014
58016
58020
58022
58027
58028
58029
58030
58032
58034
58037
58038
58041
58043
58045
58046
58051
58059
58061
58062
58063
58065
58073
58077
58078
58079
58080
58081
58085
58087
58090
58091
58092
58093
58097
58100
58101
58104
58105
58107
58109
58113
58114
58116
58118
58121
58128
58129
58130
58131
58138
58139
58140
58141
58142
58144
58147
58149
58150
58151
58152
58154
58159
58160
58164
58165
58167
58170
58173
58174
58175
58176
58178
58179
58181
58186
58188
58190
58191
58192
58193
58194
58195
58197
58199
58200
58202
58205
58208
58212
58214
58217
58220
58222
58226
58227
58229
58231
58232
58233
58234
58235
58237
58239
58246
58247
58248
58250
58252
58253
58256
58259
58260
58262
58264
58265
58267
58272
58273
58278
58279
58280
58281
58283
58284
58286
58287
58289
58293
58294
58296
58297
58301
58308
58309
58310
58311
58312
58313
58314
58315
58316
58317
58320
58322
58325
58326
58327
58328
58329
58331
58332
58334
58335
58337
58340
58341
58342
58343
58345
58346
58347
58348
58349
58350
58355
58356
58360
58361
58362
58364
58365
58366
58367
58369
58371
58374
58375
58376
58377
58378
58379
58380
58382
58384
58385
58386
58387
58389
58390
58391
58393
58394
58396
58397
58398
58400
58401
58403
58404
58405
58407
58408
58409
58410
58411
58414
58415
58416
58421
58422
58425
58426
58428
58429
58430
58432
58434
58435
58436
58437
58440
58442
58444
58445
58446
58447
58448
58449
58451
58458
58459
58462
58465
58466
58467
58468
58470
58472
58473
58474
58475
58478
58480
58481
58484
58485
58486
58497
58498
58500
58502
58503
58510
58511
58512
58513
58514
58518
58519
58522
58523
58526
58527
58528
58529
58530
58533
58534
58535
58537
58539
58544
58545
58546
58547
58548
58550
58552
58554
58555
58556
58559
58560
58562
58563
58567
58569
58570
58574
58575
58576
58577
58578
58584
58586
58587
58589
58591
58592
58597
58601
58605
58606
58607
58609
58611
58612
58613
58614
58615
58616
58621
58622
58623
58629
58630
58632
58633
58637
58639
58640
58643
58644
58647
58648
58649
58650
58651
58654
58656
58657
58658
58659
58660
58661
58662
58663
58664
58665
58667
58668
58670
58671
58672
58674
58675
58676
58678
58679
58680
58681
58682
58684
58686
58687
58689
58690
58692
58694
58695
58697
58699
58701
58703
58705
58708
58709
58710
58712
58713
58714
58716
58718
58719
58723
58725
58726
58727
58729
58731
58733
58734
58738
58739
58740
58744
58745
58747
58750
58751
58754
58758
58759
58760
58762
58763
58765
58770
58771
58774
58775
58776
58779
58780
58782
58786
58787
58788
58789
58791
58793
58801
58803
58807
58809
58811
58812
58813
58816
58818
58820
58822
58823
58824
58825
58826
58828
58829
58832
58835
58838
58839
58840
58841
58842
58843
58846
58849
58850
58851
58857
58859
58865
58868
58870
58872
58875
58876
58877
58878
58879
58883
58884
58885
58886
58887
58890
58891
58892
58894
58895
58897
58900
58901
58903
58905
58906
58908
58912
58913
58914
58915
58917
58918
58920
58924
58925
58927
58928
58931
58932
58934
58935
58936
58941
58942
58944
58948
58949
58951
58953
58954
58955
58957
58958
58959
58960
58961
58965
58968
58971
58974
58977
58978
58981
58985
58986
58988
58989
58992
58993
58994
58996
58998
59005
59008
59012
59014
59015
59016
59017
59019
59020
59021
59022
59023
59026
59027
59029
59032
59033
59039
59041
59043
59045
59047
59051
59054
59057
59058
59059
59061
59062
59065
59066
59068
59074
59076
59078
59079
59083
59084
59089
59090
59092
59095
59096
59100
59101
59102
59104
59106
59107
59110
59111
59113
59114
59116
59117
59118
59119
59121
59122
59133
59143
59147
59151
59152
59155
59159
59160
59161
59162
59163
59164
59165
59171
59174
59175
59176
59178
59179
59183
59184
59185
59188
59189
59190
59191
59192
59196
59200
59203
59205
59207
59209
59211
59212
59216
59217
59219
59220
59223
59224
59226
59234
59235
59237
59238
59241
59243
59244
59245
59248
59251
59252
59253
59254
59258
59263
59265
59267
59269
59270
59273
59274
59277
59278
59279
59281
59286
59287
59293
59297
59301
59302
59303
59308
59312
59313
59314
59315
59318
59319
59327
59328
59329
59330
59333
59334
59335
59337
59338
59339
59340
59343
59344
59346
59347
59348
59352
59354
59355
59356
59357
59358
59365
59366
59368
59369
59370
59371
59374
59377
59380
59381
59385
59386
59388
59390
59392
59396
59397
59398
59401
59404
59405
59407
59410
59412
59416
59418
59420
59422
59426
59429
59430
59432
59433
59435
59436
59437
59438
59440
59442
59443
59444
59445
59446
59448
59449
59451
59452
59454
59459
59460
59461
59463
59465
59467
59468
59469
59473
59474
59475
59477
59479
59480
59481
59483
59484
59485
59486
59487
59492
59494
59496
59498
59500
59501
59502
59504
59505
59506
59510
59512
59513
59514
59516
59518
59519
59522
59524
59525
59526
59527
59528
59532
59535
59536
59537
59542
59543
59544
59545
59549
59551
59553
59554
59559
59562
59564
59566
59567
59568
59572
59574
59575
59576
59577
59578
59579
59580
59582
59583
59584
59586
59587
59588
59589
59592
59593
59594
59595
59596
59597
59600
59601
59603
59604
59605
59607
59610
59615
59617
59618
59620
59621
59622
59623
59624
59628
59629
59633
59634
59636
59637
59639
59640
59641
59643
59649
59652
59654
59655
59658
59659
59662
59665
59666
59671
59673
59675
59676
59680
59682
59683
59688
59689
59694
59695
59699
59701
59706
59707
59710
59713
59714
59715
59716
59717
59718
59722
59724
59726
59729
59730
59731
59734
59735
59736
59737
59738
59740
59742
59743
59744
59745
59746
59747
59749
59750
59751
59752
59754
59756
59760
59761
59764
59766
59768
59770
59774
59775
59776
59779
59781
59782
59783
59784
59786
59791
59792
59794
59796
59797
59799
59800
59801
59803
59807
59809
59812
59814
59817
59821
59822
59832
59838
59839
59840
59841
59842
59843
59845
59850
59851
59854
59855
59860
59861
59863
59864
59866
59867
59870
59871
59873
59876
59877
59880
59881
59882
59883
59890
59892
59893
59894
59899
59902
59903
59904
59906
59909
59910
59914
59920
59921
59922
59924
59927
59934
59936
59937
59938
59939
59941
59942
59943
59947
59948
59949
59950
59952
59954
59956
59959
59961
59962
59964
59967
59968
59971
59973
59977
59978
59981
59982
59983
59984
59985
59989
59990
59991
59992
59993
59994
59996
59997
59998
59999
60001
60002
60006
60008
60010
60013
60014
60015
60017
60018
60019
60021
60023
60024
60027
60028
60029
60031
60032
60033
60035
60038
60039
60041
60045
60048
60049
60050
60052
60053
60057
60058
60060
60061
60062
60066
60070
60072
60074
60077
60079
60081
60082
60083
60085
60088
60089
60090
60093
60094
60095
60096
60098
60101
60105
60106
60109
60111
60112
60113
60114
60116
60117
60118
60119
60120
60121
60124
60125
60126
60127
60128
60130
60133
60135
60138
60140
60142
60143
60145
60146
60147
60151
60153
60156
60162
60167
60169
60170
60174
60175
60176
60177
60178
60180
60182
60183
60184
60186
60187
60194
60197
60198
60199
60203
60206
60207
60213
60214
60218
60219
60222
60225
60228
60229
60230
60231
60232
60235
60236
60237
60241
60243
60244
60245
60246
60248
60249
60250
60254
60255
60263
60269
60272
60274
60275
60276
60277
60283
60285
60289
60290
60291
60293
60294
60298
60302
60303
60304
60306
60307
60308
60309
60310
60311
60312
60313
60314
60316
60318
60320
60322
60323
60324
60327
60330
60332
60335
60337
60338
60339
60343
60344
60345
60347
60348
60354
60355
60357
60358
60359
60362
60366
60368
60369
60371
60372
60375
60378
60380
60381
60382
60384
60385
60387
60388
60389
60390
60391
60392
60393
60394
60395
60396
60398
60402
60411
60413
60414
60416
60417
60418
60419
60421
60422
60423
60425
60426
60427
60428
60431
60436
60438
60439
60441
60442
60444
60445
60447
60449
60450
60454
60457
60461
60466
60468
60469
60470
60471
60472
60473
60474
60475
60477
60482
60483
60486
60491
60495
60496
60500
60502
60503
60504
60505
60507
60509
60511
60517
60520
60522
60523
60524
60525
60526
60527
60531
60532
60533
60536
60537
60539
60541
60544
60546
60547
60549
60550
60551
60552
60553
60554
60556
60559
60561
60562
60564
60565
60568
60569
60570
60571
60572
60574
60578
60582
60584
60586
60587
60590
60591
60592
60596
60598
60599
60600
60607
60608
60610
60611
60616
60617
60620
60622
60625
60626
60631
60635
60636
60637
60639
60640
60642
60646
60648
60651
60652
60654
60658
60661
60662
60664
60666
60667
60668
60669
60670
60671
60673
60674
60675
60677
60679
60681
60685
60686
60687
60688
60689
60690
60691
60695
60696
60697
60700
60701
60703
60704
60705
60706
60707
60712
60715
60718
60721
60722
60723
60724
60727
60729
60731
60732
60734
60736
60737
60738
60742
60743
60746
60749
60750
60751
60752
60756
60757
60759
60762
60763
60764
60765
60768
60771
60772
60776
60777
60780
60781
60782
60784
60786
60787
60788
60789
60791
60792
60795
60798
60799
60801
60802
60803
60804
60805
60806
60807
60809
60810
60811
60813
60814
60818
60821
60823
60825
60826
60828
60830
60831
60834
60836
60837
60840
60844
60845
60848
60849
60851
60852
60853
60854
60856
60858
60859
60861
60862
60864
60865
60868
60869
60871
60872
60873
60875
60876
60880
60882
60885
60887
60891
60894
60895
60896
60897
60902
60905
60907
60908
60912
60913
60914
60919
60923
60924
60926
60929
60930
60931
60932
60933
60935
60936
60937
60939
60941
60943
60947
60950
60953
60954
60955
60956
60958
60959
60963
60964
60966
60968
60970
60972
60973
60975
60976
60977
60978
60980
60982
60984
60985
60986
60989
60990
60993
60994
60996
60997
60998
60999
61000
61003
61004
61005
61006
61012
61013
61014
61015
61016
61017
61018
61020
61021
61022
61023
61030
61034
61036
61038
61039
61040
61041
61045
61047
61048
61057
61059
61060
61061
61062
61063
61067
61068
61070
61073
61074
61076
61077
61080
61081
61083
61085
61086
61088
61090
61093
61094
61097
61099
61103
61104
61106
61108
61112
61113
61114
61117
61120
61125
61126
61134
61136
61137
61138
61143
61146
61147
61149
61150
61152
61153
61154
61155
61156
61157
61164
61165
61167
61168
61169
61171
61172
61173
61175
61176
61180
61186
61187
61191
61193
61194
61195
61198
61200
61202
61203
61211
61215
61216
61218
61222
61224
61225
61228
61229
61231
61239
61242
61246
61247
61249
61252
61253
61256
61257
61258
61260
61261
61262
61263
61265
61266
61268
61270
61274
61276
61277
61278
61284
61285
61290
61291
61292
61293
61295
61297
61298
61300
61304
61305
61306
61309
61310
61314
61316
61317
61318
61321
61324
61326
61327
61329
61332
61333
61334
61335
61337
61346
61348
61349
61350
61351
61352
61354
61355
61358
61360
61362
61363
61365
61368
61371
61373
61374
61375
61376
61377
61380
61381
61382
61389
61392
61393
61395
61400
61401
61403
61410
61411
61412
61413
61414
61415
61417
61418
61421
61422
61423
61428
61431
61434
61435
61437
61438
61439
61443
61447
61449
61450
61451
61452
61456
61457
61458
61460
61462
61463
61465
61466
61468
61471
61472
61473
61479
61480
61481
61482
61484
61485
61486
61487
61490
61493
61494
61496
61497
61500
61501
61506
61507
61511
61512
61514
61515
61518
61520
61522
61523
61525
61526
61527
61530
61531
61532
61534
61535
61537
61538
61539
61544
61545
61547
61548
61550
61558
61559
61564
61565
61566
61567
61569
61570
61571
61577
61579
61580
61582
61584
61585
61586
61588
61589
61595
61596
61597
61598
61602
61603
61604
61606
61607
61608
61609
61612
61613
61614
61615
61617
61618
61619
61622
61625
61631
61632
61635
61637
61639
61640
61642
61643
61644
61645
61647
61648
61650
61651
61654
61655
61656
61658
61659
61661
61663
61667
61670
61673
61675
61678
61681
61682
61683
61685
61686
61687
61689
61690
61691
61692
61693
61697
61699
61703
61704
61706
61708
61710
61711
61712
61714
61716
61717
61718
61719
61720
61722
61724
61726
61727
61730
61733
61734
61738
61740
61741
61743
61744
61747
61748
61749
61751
61752
61755
61761
61762
61763
61764
61765
61768
61769
61770
61771
61773
61774
61775
61776
61777
61779
61781
61782
61783
61787
61790
61792
61793
61794
61795
61796
61797
61799
61801
61808
61810
61811
61812
61815
61816
61819
61820
61822
61825
61826
61827
61833
61837
61838
61839
61843
61845
61846
61847
61850
61851
61853
61854
61856
61859
61861
61862
61863
61864
61867
61868
61874
61878
61879
61880
61881
61883
61886
61887
61888
61891
61892
61894
61895
61896
61897
61898
61902
61903
61905
61907
61908
61912
61913
61915
61918
61919
61920
61921
61923
61924
61926
61927
61928
61929
61933
61935
61938
61939
61943
61947
61951
61953
61956
61957
61959
61960
61961
61962
61964
61965
61966
61967
61968
61972
61973
61974
61975
61978
61983
61984
61985
61986
61987
61990
61995
61997
62005
62006
62007
62008
62011
62015
62016
62017
62018
62021
62022
62026
62030
62031
62032
62035
62037
62039
62040
62047
62049
62050
62052
62056
62057
62059
62061
62062
62063
62065
62066
62069
62072
62075
62077
62078
62083
62086
62087
62088
62090
62091
62092
62093
62096
62098
62100
62101
62102
62105
62108
62109
62110
62113
62119
62121
62122
62123
62124
62125
62128
62130
62133
62134
62136
62137
62139
62140
62141
62148
62152
62154
62158
62159
62166
62167
62169
62171
62172
62174
62175
62176
62177
62178
62179
62183
62185
62186
62187
62190
62192
62195
62197
62202
62204
62206
62210
62211
62213
62216
62220
62221
62223
62226
62227
62230
62232
62236
62237
62242
62245
62246
62247
62250
62254
62255
62259
62260
62261
62262
62267
62271
62272
62274
62280
62281
62282
62283
62284
62285
62286
62287
62288
62289
62291
62295
62297
62299
62301
62302
62303
62304
62306
62314
62315
62316
62318
62320
62322
62325
62327
62331
62334
62335
62347
62349
62350
62351
62353
62354
62356
62357
62362
62363
62365
62366
62367
62369
62370
62374
62379
62387
62389
62390
62395
62396
62397
62405
62406
62407
62409
62411
62413
62414
62416
62417
62419
62420
62421
62424
62430
62432
62433
62435
62439
62443
62444
62446
62447
62448
62449
62450
62452
62453
62457
62459
62460
62462
62463
62466
62467
62468
62472
62477
62478
62483
62484
62485
62490
62491
62493
62495
62498
62499
62501
62504
62505
62506
62508
62510
62513
62514
62516
62517
62522
62526
62527
62529
62530
62533
62535
62536
62537
62542
62543
62547
62549
62550
62551
62552
62553
62555
62557
62559
62560
62562
62563
62564
62565
62567
62569
62570
62574
62575
62576
62578
62579
62582
62583
62585
62586
62587
62588
62589
62596
62597
62598
62599
62600
62604
62606
62607
62608
62609
62610
62611
62613
62614
62615
62617
62622
62623
62625
62626
62629
62634
62635
62639
62643
62645
62646
62647
62648
62649
62651
62652
62653
62658
62661
62664
62665
62667
62669
62670
62672
62678
62680
62681
62683
62684
62687
62689
62692
62693
62694
62696
62698
62699
62700
62706
62709
62710
62713
62716
62718
62722
62723
62725
62726
62728
62730
62731
62732
62733
62734
62735
62739
62741
62742
62744
62745
62746
62747
62748
62749
62751
62756
62757
62758
62759
62761
62762
62764
62768
62770
62772
62780
62785
62787
62791
62793
62794
62796
62797
62800
62801
62805
62809
62811
62812
62813
62814
62815
62818
62819
62820
62821
62826
62828
62831
62833
62834
62835
62838
62839
62841
62843
62844
62847
62848
62850
62851
62854
62855
62858
62859
62862
62864
62866
62867
62869
62870
62871
62873
62876
62877
62878
62879
62880
62882
62883
62884
62885
62886
62888
62889
62890
62893
62898
62900
62901
62902
62904
62906
62908
62910
62911
62912
62913
62914
62915
62920
62921
62928
62929
62930
62931
62933
62939
62945
62947
62949
62950
62952
62954
62956
62958
62961
62965
62968
62969
62971
62973
62975
62977
62979
62980
62983
62988
62989
62990
62991
62993
62995
62997
62998
63000
63003
63004
63005
63007
63008
63012
63016
63017
63018
63019
63020
63021
63023
63029
63030
63031
63032
63035
63038
63040
63041
63044
63045
63047
63048
63050
63051
63052
63053
63054
63055
63058
63059
63060
63061
63062
63063
63065
63067
63069
63071
63072
63074
63075
63078
63081
63084
63085
63087
63088
63089
63091
63095
63096
63100
63102
63104
63107
63108
63112
63113
63116
63124
63125
63132
63133
63136
63144
63147
63149
63150
63156
63157
63158
63159
63163
63165
63166
63167
63168
63170
63172
63174
63175
63177
63178
63180
63185
63187
63188
63190
63193
63195
63197
63199
63201
63202
63203
63205
63207
63210
63211
63213
63215
63218
63219
63220
63222
63225
63228
63229
63230
63231
63236
63239
63240
63241
63246
63248
63251
63252
63255
63256
63257
63258
63259
63260
63261
63263
63264
63265
63266
63267
63272
63275
63276
63277
63281
63282
63284
63285
63286
63287
63288
63290
63293
63297
63298
63299
63300
63305
63310
63313
63314
63315
63316
63317
63321
63322
63323
63328
63330
63332
63334
63335
63336
63337
63338
63341
63352
63353
63357
63362
63367
63368
63370
63371
63373
63377
63378
63379
63381
63383
63384
63386
63387
63389
63390
63392
63393
63396
63401
63402
63404
63412
63414
63415
63416
63417
63420
63421
63422
63424
63426
63428
63429
63430
63431
63434
63436
63437
63441
63442
63443
63444
63445
63447
63451
63452
63454
63456
63458
63459
63464
63465
63467
63470
63473
63474
63478
63479
63481
63482
63485
63486
63488
63489
63491
63492
63493
63494
63497
63498
63500
63501
63503
63504
63505
63511
63513
63515
63517
63519
63521
63522
63524
63525
63527
63529
63530
63531
63532
63533
63534
63537
63538
63539
63540
63541
63543
63544
63545
63548
63549
63552
63554
63556
63558
63559
63561
63563
63565
63566
63570
63572
63573
63574
63575
63576
63577
63578
63579
63580
63582
63585
63586
63588
63590
63591
63592
63598
63601
63602
63605
63607
63610
63615
63616
63621
63622
63623
63624
63625
63626
63627
63628
63631
63632
63633
63636
63638
63640
63643
63644
63647
63648
63652
63653
63655
63657
63658
63659
63661
63662
63663
63667
63669
63670
63673
63674
63676
63678
63680
63683
63684
63687
63689
63690
63691
63693
63694
63695
63697
63699
63702
63705
63707
63710
63711
63716
63720
63722
63723
63727
63729
63732
63734
63735
63740
63741
63742
63743
63744
63747
63750
63751
63752
63753
63755
63758
63763
63764
63765
63766
63767
63768
63769
63771
63772
63776
63777
63781
63783
63784
63786
63787
63790
63791
63792
63793
63797
63802
63803
63806
63807
63810
63815
63818
63820
63824
63825
63826
63827
63828
63832
63834
63835
63836
63841
63844
63846
63853
63854
63858
63859
63860
63862
63864
63866
63867
63868
63870
63871
63872
63874
63875
63876
63877
63878
63880
63882
63883
63885
63888
63889
63890
63891
63894
63897
63899
63900
63905
63906
63907
63908
63911
63914
63915
63916
63917
63918
63919
63920
63921
63925
63926
63930
63932
63934
63938
63939
63942
63951
63953
63954
63955
63957
63958
63959
63960
63964
63965
63966
63967
63970
63972
63973
63974
63975
63976
63981
63984
63985
63990
63991
63992
63993
63994
63996
64003
64005
64006
64007
64008
64010
64013
64014
64016
64018
64019
64021
64022
64024
64026
64027
64028
64029
64030
64031
64034
64035
64036
64037
64040
64041
64044
64045
64046
64047
64048
64049
64053
64055
64057
64062
64063
64065
64069
64070
64072
64076
64078
64080
64081
64082
64084
64085
64089
64090
64092
64093
64095
64096
64103
64105
64108
64109
64110
64111
64118
64121
64122
64123
64126
64128
64129
64130
64133
64135
64140
64141
64142
64143
64144
64145
64146
64147
64149
64150
64151
64152
64154
64156
64157
64158
64160
64162
64166
64168
64174
64175
64177
64178
64179
64180
64183
64184
64188
64189
64190
64192
64195
64198
64199
64207
64209
64212
64215
64216
64217
64218
64219
64220
64222
64223
64226
64228
64231
64236
64237
64239
64241
64244
64246
64247
64248
64250
64252
64253
64255
64256
64260
64266
64269
64272
64277
64280
64281
64283
64287
64292
64293
64294
64295
64296
64297
64299
64306
64307
64308
64309
64310
64315
64317
64321
64322
64323
64324
64325
64326
64327
64328
64329
64330
64332
64335
64336
64339
64341
64342
64346
64347
64348
64350
64355
64356
64357
64359
64360
64362
64363
64365
64371
64372
64373
64374
64378
64379
64380
64381
64384
64385
64390
64391
64392
64395
64396
64397
64399
64400
64404
64405
64406
64409
64411
64415
64416
64417
64418
64422
64425
64427
64430
64432
64437
64438
64442
64443
64446
64449
64450
64451
64457
64458
64459
64460
64461
64462
64465
64466
64467
64468
64469
64472
64473
64475
64476
64477
64478
64479
64481
64483
64485
64487
64495
64496
64497
64499
64500
64501
64505
64506
64508
64509
64511
64512
64513
64515
64516
64517
64518
64520
64525
64526
64527
64528
64529
64530
64531
64532
64534
64536
64538
64544
64545
64546
64547
64552
64553
64554
64555
64556
64559
64561
64562
64565
64567
64569
64570
64571
64572
64573
64574
64575
64576
64578
64579
64581
64583
64584
64585
64586
64588
64590
64591
64592
64593
64594
64596
64597
64601
64602
64604
64605
64606
64607
64610
64611
64613
64614
64615
64620
64622
64624
64625
64626
64627
64630
64637
64638
64640
64641
64642
64643
64644
64645
64648
64650
64653
64654
64656
64661
64666
64668
64669
64673
64676
64680
64682
64684
64685
64686
64687
64688
64689
64692
64696
64697
64699
64700
64701
64705
64706
64708
64709
64710
64713
64714
64715
64716
64720
64721
64722
64723
64724
64726
64727
64728
64729
64730
64731
64734
64737
64739
64742
64746
64749
64750
64751
64752
64758
64759
64760
64766
64767
64769
64772
64775
64781
64784
64785
64786
64790
64791
64794
64796
64797
64799
64800
64810
64811
64814
64817
64819
64821
64822
64823
64824
64825
64826
64830
64834
64836
64839
64840
64841
64850
64852
64857
64858
64860
64861
64862
64864
64865
64866
64867
64868
64869
64870
64871
64872
64875
64876
64879
64881
64885
64886
64890
64893
64894
64895
64897
64898
64900
64901
64903
64907
64908
64911
64913
64914
64915
64916
64917
64919
64921
64922
64926
64929
64931
64933
64937
64938
64942
64945
64946
64951
64954
64955
64956
64958
64959
64960
64961
64962
64964
64966
64967
64970
64971
64972
64973
64974
64979
64985
64987
64988
64994
64995
65000
65002
65005
65007
65009
65012
65013
65016
65017
65020
65021
65026
65027
65029
65030
65031
65032
65033
65038
65039
65041
65043
65045
65048
65049
65052
65053
65055
65056
65057
65058
65059
65060
65061
65063
65065
65067
65070
65072
65073
65077
65079
65080
65082
65083
65089
65091
65093
65095
65096
65098
65099
65100
65104
65106
65107
65110
65112
65121
65123
65126
65128
65132
65133
65134
65136
65139
65141
65142
65145
65150
65152
65154
65156
65163
65164
65167
65171
65172
65173
65175
65177
65180
65181
65182
65183
65184
65186
65187
65188
65189
65190
65197
65198
65199
65202
65203
65204
65205
65207
65214
65223
65225
65227
65228
65231
65233
65234
65236
65239
65240
65242
65246
65248
65249
65250
65255
65259
65260
65262
65264
65265
65268
65270
65272
65273
65275
65277
65284
65289
65292
65294
65297
65301
65306
65307
65310
65314
65317
65318
65319
65320
65321
65324
65325
65326
65328
65329
65336
65337
65338
65339
65340
65341
65343
65344
65345
65347
65349
65351
65352
65354
65355
65358
65359
65365
65366
65367
65368
65369
65370
65371
65372
65373
65374
65375
65378
65379
65380
65383
65384
65386
65387
65390
65394
65396
65397
65398
65399
65401
65402
65404
65405
65407
65408
65409
65411
65412
65413
65415
65416
65418
65420
65421
65422
65424
65425
65428
65429
65430
65431
65432
65433
65434
65435
65437
65438
65439
65440
65441
65443
65444
65445
65446
65447
65451
65455
65459
65460
65463
65464
65466
65467
65468
65469
65470
65471
65472
65474
65475
65480
65483
65484
65486
65487
65489
65492
65494
65495
65496
65497
65499
65500
65501
65505
65506
65507
65511
65513
65517
65518
65521
65524
65525
65526
65527
65531
65532
65534
65536
65539
65541
65546
65547
65548
65549
65550
65551
65554
65556
65559
65562
65565
65566
65567
65568
65569
65570
65571
65572
65573
65574
65576
65580
65581
65582
65583
65584
65586
65588
65589
65590
65593
65601
65602
65604
65605
65606
65607
65608
65610
65617
65620
65621
65622
65623
65624
65625
65626
65628
65632
65633
65634
65636
65639
65640
65641
65646
65647
65649
65651
65653
65654
65657
65659
65660
65663
65664
65665
65667
65668
65669
65670
65675
65676
65678
65679
65680
65683
65686
65688
65693
65694
65695
65696
65699
65704
65705
65707
65708
65709
65710
65712
65716
65717
65720
65721
65730
65733
65735
65743
65746
65750
65753
65755
65760
65761
65765
65767
65769
65771
65773
65780
65781
65782
65784
65789
65791
65792
65793
65795
65796
65800
65802
65804
65806
65808
65809
65810
65812
65814
65816
65819
65822
65823
65824
65826
65828
65829
65830
65831
65833
65835
65836
65840
65841
65842
65844
65845
65846
65848
65849
65852
65854
65857
65865
65866
65869
65870
65871
65872
65873
65875
65876
65879
65882
65886
65888
65891
65892
65893
65894
65896
65897
65898
65901
65904
65908
65909
65910
65912
65914
65915
65920
65921
65922
65923
65925
65926
65929
65930
65934
65935
65936
65937
65940
65941
65947
65948
65950
65953
65954
65955
65957
65958
65961
65962
65965
65967
65969
65971
65972
65975
65976
65978
65983
65985
65986
65993
65995
65997
65998
66001
66003
66006
66007
66010
66013
66015
66016
66017
66020
66024
66025
66026
66027
66028
66032
66037
66039
66040
66041
66042
66044
66046
66050
66053
66058
66059
66062
66063
66067
66068
66070
66071
66073
66075
66076
66077
66078
66082
66084
66087
66088
66089
66090
66092
66095
66098
66099
66101
66103
66104
66107
66109
66111
66112
66115
66117
66120
66121
66123
66125
66126
66128
66131
66134
66135
66136
66137
66139
66141
66142
66145
66146
66147
66152
66153
66154
66157
66158
66159
66160
66161
66162
66166
66167
66168
66170
66171
66173
66174
66175
66176
66179
66180
66183
66184
66186
66187
66188
66189
66190
66193
66194
66195
66196
66197
66198
66201
66202
66203
66204
66206
66207
66208
66209
66211
66212
66213
66215
66216
66217
66219
66220
66221
66222
66225
66230
66232
66233
66235
66237
66238
66239
66240
66241
66243
66247
66248
66249
66253
66254
66255
66256
66258
66265
66266
66267
66268
66269
66270
66276
66277
66279
66283
66284
66286
66287
66288
66289
66291
66292
66294
66299
66300
66306
66308
66309
66311
66313
66314
66324
66327
66328
66331
66332
66334
66335
66336
66337
66338
66339
66341
66345
66346
66350
66351
66353
66355
66357
66358
66361
66362
66363
66364
66365
66367
66371
66373
66375
66380
66381
66382
66384
66386
66388
66389
66393
66396
66397
66401
66405
66407
66409
66411
66416
66419
66421
66423
66426
66429
66430
66432
66435
66440
66444
66447
66450
66452
66453
66454
66455
66457
66461
66462
66467
66468
66471
66472
66473
66474
66479
66480
66489
66490
66492
66494
66499
66502
66505
66509
66510
66511
66513
66514
66518
66519
66521
66522
66523
66525
66527
66528
66531
66532
66533
66534
66538
66544
66548
66549
66553
66557
66559
66560
66561
66565
66566
66569
66571
66573
66574
66576
66578
66579
66582
66585
66588
66590
66595
66599
66600
66603
66607
66608
66609
66611
66612
66613
66614
66617
66621
66624
66625
66626
66627
66628
66629
66630
66638
66644
66646
66647
66648
66649
66650
66653
66654
66657
66659
66660
66662
66664
66667
66668
66669
66671
66674
66675
66677
66684
66685
66686
66687
66689
66690
66692
66695
66698
66699
66700
66701
66702
66707
66710
66711
66713
66719
66723
66725
66727
66728
66731
66732
66734
66735
66736
66738
66743
66744
66746
66748
66752
66753
66754
66755
66757
66758
66759
66761
66762
66763
66765
66766
66767
66768
66769
66772
66773
66774
66775
66777
66778
66782
66786
66790
66791
66793
66794
66799
66801
66802
66803
66805
66807
66808
66810
66812
66814
66816
66818
66822
66824
66826
66827
66829
66831
66832
66835
66836
66837
66839
66840
66842
66847
66849
66851
66852
66858
66859
66864
66865
66868
66872
66875
66877
66878
66880
66882
66883
66884
66885
66887
66889
66892
66894
66900
66903
66907
66908
66909
66911
66912
66913
66914
66916
66917
66918
66920
66924
66925
66926
66927
66928
66930
66931
66932
66934
66935
66938
66939
66941
66943
66944
66947
66951
66952
66954
66957
66958
66960
66964
66965
66967
66969
66970
66974
66975
66976
66980
66981
66983
66984
66985
66987
66989
66997
66998
66999
67000
67001
67007
67008
67011
67012
67013
67014
67015
67016
67017
67019
67020
67021
67023
67024
67027
67031
67032
67033
67034
67036
67038
67041
67042
67044
67046
67047
67048
67050
67056
67059
67060
67061
67064
67065
67066
67067
67068
67069
67070
67071
67072
67078
67079
67081
67082
67083
67085
67086
67088
67089
67091
67092
67095
67098
67099
67102
67105
67107
67109
67112
67113
67115
67116
67118
67121
67123
67124
67126
67127
67131
67133
67134
67135
67136
67139
67140
67142
67144
67145
67155
67158
67159
67160
67161
67163
67165
67174
67175
67178
67179
67184
67188
67189
67190
67191
67192
67193
67195
67197
67199
67200
67202
67204
67205
67206
67209
67211
67212
67213
67215
67216
67220
67221
67222
67227
67230
67231
67232
67237
67238
67239
67241
67248
67256
67257
67259
67260
67261
67262
67263
67264
67266
67267
67268
67269
67272
67279
67280
67282
67284
67288
67290
67291
67293
67294
67295
67296
67298
67299
67301
67302
67303
67308
67309
67310
67311
67312
67314
67315
67316
67321
67325
67326
67327
67328
67330
67331
67334
67335
67336
67342
67343
67344
67347
67350
67351
67352
67353
67354
67356
67357
67358
67365
67366
67372
67373
67375
67376
67379
67380
67381
67382
67383
67384
67386
67387
67388
67389
67392
67393
67394
67398
67400
67401
67402
67403
67405
67407
67409
67411
67412
67413
67415
67416
67417
67419
67423
67424
67427
67429
67432
67434
67435
67437
67438
67439
67440
67441
67443
67445
67447
67448
67450
67451
67452
67453
67454
67455
67456
67457
67460
67461
67463
67464
67467
67468
67470
67471
67472
67473
67474
67476
67478
67480
67482
67483
67485
67487
67491
67492
67496
67499
67500
67501
67503
67506
67508
67509
67511
67512
67513
67515
67519
67521
67523
67524
67525
67528
67531
67532
67533
67534
67536
67537
67543
67545
67547
67548
67549
67553
67554
67563
67565
67566
67567
67568
67574
67577
67578
67579
67583
67585
67586
67587
67589
67592
67594
67595
67596
67598
67599
67600
67602
67604
67605
67606
67607
67609
67610
67612
67618
67623
67624
67628
67630
67631
67632
67633
67635
67639
67642
67647
67648
67649
67650
67654
67657
67658
67664
67667
67668
67669
67670
67671
67672
67673
67674
67675
67676
67677
67678
67679
67680
67683
67684
67685
67686
67687
67689
67690
67691
67692
67694
67695
67696
67697
67699
67704
67705
67706
67708
67709
67710
67711
67713
67717
67719
67720
67721
67725
67727
67728
67730
67731
67732
67733
67734
67737
67739
67745
67746
67747
67748
67751
67753
67758
67760
67761
67762
67763
67765
67768
67769
67771
67772
67774
67775
67776
67777
67780
67781
67784
67787
67789
67791
67794
67796
67798
67800
67801
67804
67805
67809
67811
67812
67813
67814
67815
67816
67817
67819
67820
67827
67828
67832
67833
67835
67836
67839
67841
67843
67845
67848
67854
67856
67857
67860
67861
67867
67868
67869
67870
67871
67876
67880
67882
67885
67888
67889
67890
67892
67893
67896
67897
67898
67901
67902
67904
67906
67907
67911
67914
67915
67916
67917
67918
67921
67924
67925
67931
67934
67935
67939
67940
67941
67943
67944
67945
67948
67949
67950
67954
67955
67957
67960
67962
67963
67969
67973
67983
67984
67987
67989
67990
67991
67995
68002
68003
68004
68005
68006
68007
68008
68011
68015
68019
68021
68022
68026
68030
68031
68032
68033
68034
68035
68036
68037
68039
68040
68041
68042
68043
68044
68045
68046
68047
68048
68049
68050
68052
68055
68056
68057
68058
68064
68065
68066
68068
68071
68073
68074
68078
68079
68080
68082
68083
68090
68092
68093
68094
68099
68100
68102
68104
68107
68108
68109
68110
68111
68112
68116
68118
68119
68121
68123
68124
68129
68131
68133
68134
68137
68140
68141
68142
68146
68147
68148
68150
68151
68152
68153
68154
68156
68157
68161
68163
68165
68166
68167
68168
68170
68172
68174
68175
68177
68181
68183
68184
68185
68186
68189
68190
68192
68193
68194
68196
68198
68201
68202
68203
68204
68206
68209
68213
68214
68215
68217
68219
68220
68221
68226
68228
68230
68233
68234
68235
68236
68238
68240
68241
68243
68249
68250
68251
68253
68256
68257
68261
68265
68268
68269
68270
68271
68273
68278
68279
68280
68282
68283
68286
68287
68289
68291
68295
68296
68299
68301
68305
68308
68311
68312
68313
68314
68318
68323
68325
68328
68329
68330
68332
68334
68340
68341
68342
68343
68344
68345
68346
68347
68349
68354
68355
68356
68357
68360
68362
68364
68366
68368
68371
68373
68374
68376
68380
68383
68385
68387
68390
68393
68394
68396
68398
68399
68401
68403
68405
68406
68407
68408
68409
68411
68412
68414
68415
68416
68420
68425
68427
68428
68429
68430
68432
68434
68437
68438
68439
68443
68444
68445
68447
68448
68449
68450
68451
68454
68455
68458
68459
68461
68463
68464
68466
68468
68469
68470
68473
68475
68478
68479
68481
68484
68487
68489
68490
68492
68494
68495
68498
68501
68506
68507
68509
68510
68511
68512
68513
68517
68519
68521
68528
68530
68531
68532
68533
68539
68542
68545
68546
68548
68549
68550
68555
68557
68558
68559
68560
68563
68564
68565
68567
68568
68569
68572
68573
68574
68577
68579
68580
68583
68585
68586
68587
68591
68592
68596
68597
68600
68602
68603
68605
68606
68607
68608
68609
68613
68614
68617
68618
68621
68624
68626
68627
68628
68629
68630
68633
68634
68636
68637
68638
68639
68640
68641
68642
68646
68651
68652
68653
68655
68657
68658
68659
68663
68666
68668
68669
68670
68672
68673
68677
68678
68679
68680
68682
68688
68693
68694
68695
68696
68699
68700
68701
68702
68705
68706
68707
68711
68712
68714
68716
68718
68719
68720
68722
68724
68728
68729
68731
68740
68741
68742
68746
68747
68748
68749
68750
68751
68754
68759
68761
68762
68764
68765
68766
68769
68770
68772
68774
68775
68777
68778
68779
68782
68783
68785
68786
68789
68790
68791
68793
68798
68801
68803
68806
68807
68808
68810
68811
68815
68817
68820
68823
68824
68825
68827
68828
68829
68832
68834
68835
68843
68844
68845
68848
68849
68850
68852
68856
68858
68862
68864
68865
68867
68868
68871
68873
68876
68877
68881
68883
68884
68886
68889
68891
68892
68893
68897
68898
68899
68900
68902
68903
68905
68906
68908
68909
68910
68912
68913
68914
68916
68918
68920
68923
68924
68929
68934
68936
68942
68944
68946
68947
68949
68951
68955
68957
68959
68960
68961
68963
68967
68968
68970
68971
68972
68973
68980
68981
68982
68984
68985
68987
68989
68990
68999
69006
69007
69008
69011
69014
69016
69020
69021
69023
69024
69025
69026
69028
69029
69033
69035
69037
69040
69042
69044
69046
69047
69049
69050
69052
69053
69054
69058
69060
69061
69062
69064
69065
69067
69072
69074
69076
69077
69078
69080
69082
69084
69085
69086
69087
69089
69090
69093
69094
69096
69097
69098
69101
69102
69103
69104
69106
69108
69112
69114
69116
69117
69118
69119
69121
69123
69124
69125
69126
69127
69128
69129
69132
69136
69137
69139
69148
69153
69159
69160
69163
69166
69167
69169
69171
69172
69173
69176
69180
69182
69183
69184
69186
69188
69190
69191
69193
69194
69195
69197
69198
69199
69200
69203
69205
69208
69210
69211
69212
69213
69214
69216
69220
69222
69227
69229
69230
69233
69235
69236
69238
69240
69242
69245
69247
69251
69253
69256
69257
69258
69259
69261
69264
69265
69266
69267
69268
69272
69276
69277
69279
69281
69282
69285
69286
69288
69289
69292
69297
69299
69300
69304
69305
69306
69307
69309
69311
69313
69315
69317
69320
69324
69325
69328
69329
69330
69331
69333
69334
69335
69336
69341
69342
69343
69345
69347
69348
69350
69351
69353
69358
69359
69360
69361
69362
69363
69365
69369
69370
69371
69372
69374
69378
69383
69384
69386
69388
69390
69392
69397
69398
69399
69400
69403
69404
69407
69410
69411
69412
69413
69414
69415
69416
69417
69419
69420
69421
69423
69424
69425
69426
69427
69428
69430
69432
69436
69439
69441
69442
69443
69444
69445
69449
69450
69458
69459
69462
69465
69466
69467
69468
69471
69472
69473
69474
69478
69482
69485
69488
69491
69493
69497
69500
69504
69505
69507
69508
69510
69512
69513
69516
69517
69521
69525
69526
69527
69528
69530
69532
69534
69535
69538
69541
69544
69546
69547
69548
69549
69550
69553
69554
69555
69556
69557
69558
69562
69563
69566
69568
69571
69572
69573
69576
69577
69578
69579
69582
69584
69587
69588
69591
69595
69596
69597
69598
69599
69600
69601
69602
69603
69605
69607
69608
69610
69611
69612
69614
69615
69616
69621
69622
69626
69628
69630
69631
69632
69633
69636
69637
69638
69642
69645
69647
69648
69651
69653
69655
69661
69662
69663
69664
69665
69667
69668
69670
69673
69679
69680
69681
69682
69687
69689
69690
69692
69693
69694
69699
69702
69703
69704
69707
69708
69709
69710
69714
69715
69717
69718
69719
69720
69721
69722
69723
69724
69727
69729
69730
69731
69734
69736
69737
69738
69740
69743
69747
69750
69751
69753
69754
69755
69756
69762
69765
69770
69774
69781
69784
69785
69790
69792
69793
69797
69798
69802
69803
69805
69806
69808
69815
69819
69820
69821
69823
69824
69826
69828
69830
69834
69836
69837
69839
69842
69843
69847
69848
69850
69852
69855
69856
69857
69858
69859
69860
69862
69864
69867
69868
69871
69872
69874
69875
69878
69879
69880
69881
69883
69887
69889
69892
69894
69895
69896
69897
69900
69901
69902
69904
69905
69906
69907
69908
69911
69912
69914
69916
69917
69918
69919
69920
69922
69923
69924
69925
69927
69928
69932
69934
69938
69939
69940
69943
69945
69947
69948
69950
69958
69963
69966
69967
69969
69970
69971
69972
69973
69975
69976
69977
69978
69980
69981
69982
69983
69985
69986
69987
69991
69993
69994
69996
69997
69998
69999
70000
70001
70004
70006
70007
70008
70009
70010
70011
70012
70018
70020
70022
70023
70025
70026
70028
70031
70032
70033
70034
70036
70038
70041
70049
70050
70053
70054
70057
70060
70062
70063
70064
70066
70070
70072
70073
70074
70076
70077
70078
70079
70080
70084
70086
70088
70090
70091
70092
70094
70099
70102
70103
70107
70110
70112
70113
70114
70116
70117
70119
70125
70126
70127
70131
70132
70133
70140
70141
70144
70145
70147
70150
70151
70155
70157
70158
70159
70160
70163
70164
70167
70168
70170
70171
70173
70174
70176
70177
70178
70180
70182
70183
70185
70187
70189
70191
70192
70193
70194
70195
70198
70199
70200
70201
70205
70208
70209
70212
70215
70216
70217
70218
70219
70220
70221
70222
70223
70226
70227
70228
70231
70233
70234
70235
70236
70237
70241
70242
70243
70245
70247
70248
70249
70251
70252
70253
70254
70261
70262
70266
70267
70271
70272
70276
70279
70281
70283
70284
70285
70286
70288
70289
70290
70295
70296
70297
70298
70300
70301
70303
70304
70305
70307
70312
70313
70315
70316
70318
70319
70321
70324
70325
70331
70334
70338
70342
70346
70348
70349
70353
70356
70359
70360
70361
70362
70363
70365
70367
70369
70372
70373
70377
70382
70383
70385
70387
70388
70391
70392
70394
70396
70398
70399
70400
70401
70403
70404
70407
70411
70412
70414
70417
70418
70419
70421
70422
70424
70425
70427
70428
70429
70431
70434
70438
70440
70441
70442
70447
70449
70451
70452
70453
70455
70456
70457
70460
70461
70462
70464
70467
70468
70471
70475
70477
70478
70480
70482
70483
70484
70486
70487
70488
70489
70491
70493
70494
70497
70498
70499
70500
70501
70502
70504
70510
70511
70512
70513
70515
70519
70521
70522
70523
70524
70527
70532
70534
70535
70536
70537
70539
70540
70544
70546
70549
70550
70551
70552
70553
70559
70563
70565
70566
70567
70570
70571
70572
70573
70575
70579
70584
70585
70587
70588
70592
70599
70603
70606
70607
70609
70611
70612
70613
70615
70616
70617
70618
70619
70620
70621
70623
70625
70626
70628
70629
70630
70632
70634
70638
70640
70643
70647
70651
70652
70653
70654
70657
70660
70662
70663
70664
70665
70666
70667
70671
70672
70673
70675
70677
70679
70683
70684
70690
70695
70696
70701
70702
70703
70704
70705
70707
70709
70710
70711
70713
70715
70717
70718
70719
70720
70726
70729
70730
70731
70734
70737
70738
70739
70741
70742
70745
70748
70749
70752
70754
70758
70763
70765
70766
70767
70768
70770
70773
70774
70775
70776
70778
70783
70785
70787
70789
70790
70793
70796
70800
70801
70802
70803
70805
70807
70810
70812
70813
70814
70815
70817
70818
70820
70821
70822
70823
70834
70838
70839
70845
70847
70848
70849
70853
70854
70855
70857
70858
70859
70860
70861
70862
70863
70864
70865
70866
70867
70870
70871
70872
70874
70875
70876
70877
70878
70879
70880
70881
70884
70885
70889
70890
70892
70893
70895
70896
70901
70903
70904
70905
70906
70907
70911
70912
70916
70920
70921
70922
70926
70927
70930
70931
70932
70935
70936
70939
70940
70941
70942
70950
70952
70954
70955
70956
70957
70960
70961
70962
70971
70972
70974
70975
70976
70977
70984
70987
70991
70992
70994
70996
70999
71000
71003
71004
71005
71006
71010
71011
71013
71015
71016
71017
71021
71026
71028
71034
71035
71036
71037
71038
71039
71041
71042
71043
71044
71046
71047
71049
71053
71055
71057
71059
71061
71063
71064
71066
71067
71068
71070
71072
71073
71074
71075
71078
71079
71083
71087
71088
71092
71096
71097
71098
71100
71102
71103
71105
71108
71110
71113
71114
71116
71117
71118
71119
71120
71121
71122
71124
71125
71126
71127
71128
71132
71136
71137
71139
71140
71141
71145
71147
71148
71149
71150
71152
71153
71154
71155
71157
71158
71159
71160
71161
71162
71164
71168
71169
71174
71175
71176
71177
71181
71182
71183
71184
71185
71187
71189
71190
71191
71192
71194
71195
71197
71199
71200
71204
71211
71215
71217
71218
71219
71220
71221
71222
71223
71228
71231
71232
71234
71235
71236
71240
71241
71242
71243
71248
71251
71252
71254
71255
71256
71257
71258
71259
71260
71261
71262
71264
71265
71266
71268
71269
71270
71272
71273
71276
71279
71287
71288
71289
71296
71297
71300
71301
71302
71303
71305
71307
71308
71309
71315
71319
71323
71326
71327
71329
71330
71331
71332
71335
71338
71339
71341
71343
71345
71346
71347
71348
71349
71351
71354
71355
71358
71359
71361
71362
71364
71366
71368
71371
71375
71378
71380
71384
71388
71389
71390
71392
71394
71396
71397
71398
71400
71403
71404
71405
71407
71408
71412
71413
71416
71417
71421
71422
71423
71424
71425
71426
71429
71432
71434
71435
71436
71442
71443
71446
71447
71449
71451
71453
71454
71455
71456
71457
71458
71459
71460
71464
71467
71468
71471
71474
71476
71477
71479
71480
71481
71484
71485
71487
71489
71492
71496
71497
71498
71499
71500
71501
71503
71509
71511
71514
71515
71522
71525
71526
71527
71528
71531
71532
71533
71534
71536
71537
71538
71539
71541
71544
71545
71547
71550
71551
71552
71555
71556
71557
71562
71563
71566
71567
71569
71576
71577
71578
71583
71584
71588
71592
71594
71597
71602
71605
71607
71608
71609
71611
71613
71617
71618
71619
71620
71622
71624
71625
71627
71628
71629
71630
71632
71633
71644
71647
71649
71650
71654
71655
71658
71659
71660
71661
71663
71664
71665
71668
71669
71670
71673
71674
71675
71680
71681
71684
71685
71688
71689
71690
71691
71697
71698
71700
71702
71704
71710
71711
71712
71713
71719
71720
71723
71725
71726
71730
71732
71736
71743
71745
71746
71748
71749
71753
71755
71757
71758
71759
71760
71761
71762
71765
71769
71770
71773
71775
71776
71778
71779
71780
71782
71783
71785
71787
71788
71789
71790
71793
71795
71796
71798
71799
71800
71802
71803
71804
71805
71806
71807
71810
71812
71813
71814
71818
71819
71820
71821
71822
71825
71831
71832
71835
71837
71840
71841
71846
71848
71849
71851
71852
71853
71855
71856
71859
71860
71861
71862
71863
71865
71870
71871
71873
71874
71875
71876
71877
71878
71879
71881
71882
71884
71885
71887
71890
71895
71896
71897
71899
71903
71904
71905
71906
71907
71913
71914
71915
71918
71921
71925
71927
71928
71930
71933
71937
71938
71939
71941
71942
71943
71944
71945
71946
71948
71949
71950
71951
71955
71957
71959
71961
71962
71964
71966
71967
71968
71970
71972
71977
71978
71979
71980
71981
71983
71987
71988
71990
71991
71994
71998
71999
72000
72004
72005
72006
72009
72010
72012
72016
72017
72018
72021
72023
72024
72025
72029
72032
72034
72035
72036
72040
72042
72044
72046
72047
72049
72050
72052
72053
72056
72057
72059
72060
72066
72068
72069
72071
72072
72073
72074
72076
72078
72081
72082
72085
72087
72088
72089
72091
72095
72096
72097
72098
72099
72103
72104
72105
72108
72109
72114
72115
72117
72118
72120
72121
72122
72123
72125
72129
72130
72132
72135
72136
72137
72141
72142
72144
72145
72148
72150
72151
72152
72153
72155
72157
72158
72159
72163
72165
72166
72167
72172
72173
72178
72180
72183
72184
72186
72190
72191
72193
72194
72196
72197
72198
72201
72202
72203
72204
72208
72210
72211
72213
72216
72218
72219
72221
72222
72227
72229
72231
72232
72244
72245
72247
72249
72254
72256
72257
72258
72259
72261
72262
72263
72268
72273
72277
72279
72281
72282
72285
72289
72290
72291
72292
72293
72298
72299
72301
72302
72306
72307
72310
72312
72314
72316
72318
72320
72324
72326
72327
72330
72331
72333
72335
72336
72339
72343
72345
72347
72348
72349
72353
72354
72356
72359
72360
72361
72362
72363
72364
72368
72370
72372
72373
72374
72375
72377
72378
72379
72383
72386
72387
72389
72391
72393
72394
72398
72399
72402
72405
72407
72409
72411
72413
72417
72418
72423
72425
72426
72428
72429
72431
72435
72436
72437
72442
72443
72445
72446
72458
72461
72464
72465
72466
72467
72468
72469
72472
72473
72474
72475
72477
72478
72482
72483
72484
72485
72486
72487
72488
72489
72492
72496
72497
72500
72501
72502
72503
72509
72512
72514
72516
72519
72521
72522
72525
72526
72528
72530
72531
72533
72534
72535
72536
72539
72542
72543
72544
72547
72550
72552
72554
72558
72560
72561
72562
72564
72565
72566
72577
72581
72582
72588
72593
72600
72602
72603
72604
72608
72610
72613
72615
72616
72618
72619
72620
72621
72623
72624
72625
72626
72632
72634
72637
72638
72641
72642
72644
72647
72648
72651
72652
72653
72654
72655
72656
72660
72662
72670
72671
72672
72674
72675
72678
72679
72683
72685
72686
72687
72688
72689
72694
72697
72698
72699
72701
72702
72703
72704
72708
72709
72710
72714
72718
72721
72724
72726
72728
72729
72730
72732
72733
72736
72737
72741
72743
72747
72750
72751
72752
72753
72755
72757
72758
72759
72760
72762
72764
72767
72769
72777
72779
72780
72782
72783
72785
72786
72787
72788
72791
72792
72795
72799
72801
72802
72804
72805
72806
72809
72811
72812
72813
72817
72825
72829
72831
72832
72833
72835
72838
72843
72845
72846
72847
72849
72850
72852
72853
72854
72855
72859
72861
72863
72865
72868
72869
72870
72872
72874
72875
72876
72877
72881
72883
72884
72885
72886
72888
72889
72892
72896
72899
72900
72902
72903
72906
72907
72909
72911
72912
72914
72918
72919
72921
72922
72926
72927
72929
72930
72931
72932
72938
72940
72943
72944
72945
72946
72952
72954
72955
72956
72957
72958
72960
72961
72963
72964
72968
72969
72970
72975
72978
72980
72982
72983
72986
72989
72990
72993
72994
72995
72996
72999
73005
73006
73007
73013
73015
73016
73018
73020
73021
73022
73023
73025
73026
73027
73029
73031
73032
73034
73035
73036
73041
73047
73048
73049
73054
73055
73056
73058
73059
73060
73061
73065
73067
73069
73070
73071
73072
73075
73079
73080
73082
73083
73085
73086
73089
73092
73093
73095
73097
73100
73102
73105
73106
73108
73109
73111
73112
73117
73119
73122
73131
73132
73136
73140
73143
73149
73150
73152
73155
73156
73158
73159
73162
73163
73165
73166
73167
73172
73173
73175
73176
73177
73179
73180
73181
73190
73193
73198
73199
73201
73203
73204
73206
73208
73209
73210
73212
73214
73215
73216
73217
73220
73221
73224
73226
73228
73230
73233
73241
73243
73244
73245
73249
73250
73251
73253
73254
73255
73257
73258
73259
73260
73262
73266
73268
73270
73272
73278
73280
73281
73283
73285
73286
73291
73292
73294
73296
73297
73303
73305
73306
73307
73308
73309
73310
73311
73313
73314
73315
73317
73319
73321
73322
73323
73324
73326
73327
73329
73330
73333
73334
73336
73337
73338
73339
73341
73342
73348
73350
73351
73353
73354
73355
73357
73359
73363
73364
73365
73369
73370
73374
73378
73380
73382
73384
73385
73386
73388
73389
73390
73392
73395
73396
73397
73401
73403
73404
73405
73407
73411
73412
73413
73414
73419
73420
73421
73423
73425
73427
73430
73433
73434
73437
73439
73441
73442
73443
73444
73445
73449
73451
73453
73455
73456
73457
73459
73462
73465
73467
73468
73470
73471
73472
73477
73478
73483
73485
73486
73487
73488
73492
73494
73495
73496
73502
73504
73505
73510
73514
73515
73516
73517
73518
73524
73528
73530
73531
73533
73534
73536
73538
73541
73544
73545
73547
73548
73549
73550
73552
73555
73559
73561
73563
73564
73565
73571
73572
73573
73574
73577
73579
73580
73582
73583
73585
73586
73587
73588
73590
73594
73595
73597
73600
73601
73602
73603
73605
73606
73607
73610
73612
73614
73619
73620
73621
73623
73625
73628
73630
73631
73633
73634
73635
73637
73639
73643
73644
73645
73646
73653
73654
73655
73657
73660
73664
73665
73668
73672
73673
73674
73675
73677
73679
73686
73688
73690
73694
73695
73696
73697
73699
73700
73701
73702
73707
73712
73713
73715
73720
73721
73722
73724
73725
73726
73730
73735
73736
73737
73741
73743
73745
73746
73752
73754
73755
73758
73759
73762
73765
73766
73768
73769
73771
73773
73777
73778
73779
73780
73781
73783
73785
73786
73787
73791
73792
73795
73797
73798
73799
73802
73806
73808
73811
73812
73813
73814
73815
73816
73818
73822
73823
73826
73828
73833
73835
73837
73843
73845
73846
73847
73849
73850
73851
73852
73854
73855
73857
73858
73859
73860
73867
73868
73869
73873
73874
73875
73877
73878
73879
73880
73881
73882
73883
73884
73887
73888
73891
73892
73893
73901
73902
73905
73908
73911
73912
73914
73915
73917
73918
73920
73923
73925
73926
73930
73931
73934
73935
73936
73937
73938
73941
73945
73946
73948
73950
73955
73957
73958
73960
73962
73964
73967
73968
73970
73976
73982
73984
73985
73987
73989
73990
73991
73992
73994
73999
74000
74001
74002
74003
74005
74006
74007
74010
74013
74014
74016
74017
74021
74023
74025
74027
74030
74033
74034
74035
74036
74038
74041
74044
74046
74047
74048
74049
74053
74056
74058
74059
74061
74062
74067
74068
74069
74070
74072
74075
74076
74077
74081
74082
74084
74085
74087
74090
74095
74097
74098
74101
74102
74103
74104
74105
74106
74112
74114
74116
74118
74119
74120
74121
74122
74123
74124
74131
74134
74136
74138
74139
74141
74142
74146
74149
74150
74151
74152
74153
74155
74157
74158
74159
74164
74165
74166
74167
74168
74169
74170
74172
74175
74180
74185
74186
74187
74189
74193
74194
74195
74198
74201
74202
74203
74205
74207
74208
74213
74214
74216
74217
74218
74220
74221
74223
74225
74227
74229
74230
74231
74232
74234
74237
74238
74239
74242
74244
74245
74246
74248
74250
74252
74253
74256
74257
74261
74264
74265
74266
74267
74268
74272
74273
74274
74275
74276
74277
74278
74279
74280
74283
74284
74286
74287
74291
74292
74296
74297
74300
74304
74306
74307
74309
74310
74311
74312
74313
74316
74318
74319
74320
74321
74323
74324
74326
74328
74329
74330
74331
74332
74338
74339
74341
74342
74346
74347
74349
74351
74352
74353
74355
74358
74359
74360
74361
74362
74364
74366
74367
74368
74371
74372
74373
74375
74376
74379
74382
74383
74384
74385
74386
74388
74389
74390
74391
74392
74393
74394
74397
74401
74403
74404
74405
74408
74409
74410
74411
74414
74415
74416
74422
74424
74427
74428
74429
74430
74431
74433
74435
74437
74438
74441
74442
74444
74445
74452
74455
74456
74459
74461
74463
74464
74465
74468
74471
74472
74474
74478
74484
74485
74488
74489
74492
74494
74495
74496
74497
74502
74503
74504
74505
74506
74512
74514
74516
74517
74518
74519
74521
74522
74528
74530
74532
74536
74538
74541
74543
74544
74546
74547
74549
74550
74552
74555
74557
74559
74560
74562
74566
74568
74569
74572
74573
74574
74575
74577
74578
74581
74582
74583
74587
74588
74589
74590
74591
74592
74594
74597
74599
74608
74609
74610
74613
74614
74615
74616
74617
74618
74619
74620
74626
74629
74631
74632
74633
74634
74635
74636
74637
74639
74641
74642
74643
74644
74645
74649
74651
74652
74659
74661
74663
74665
74666
74669
74671
74674
74675
74677
74678
74680
74681
74682
74683
74684
74685
74686
74687
74688
74689
74690
74698
74700
74701
74702
74706
74708
74709
74710
74711
74712
74715
74717
74720
74722
74723
74724
74726
74727
74728
74729
74732
74733
74734
74735
74736
74737
74740
74741
74742
74743
74744
74748
74750
74753
74756
74757
74758
74759
74761
74764
74765
74767
74768
74769
74771
74773
74775
74778
74779
74780
74781
74782
74785
74786
74790
74791
74793
74795
74799
74800
74801
74803
74804
74805
74807
74810
74811
74813
74814
74817
74818
74819
74820
74821
74822
74823
74824
74826
74827
74828
74829
74830
74832
74833
74834
74835
74838
74839
74844
74846
74847
74856
74857
74858
74866
74867
74869
74870
74871
74875
74876
74877
74879
74881
74882
74884
74886
74887
74891
74892
74893
74894
74895
74896
74897
74898
74899
74900
74901
74902
74903
74904
74905
74912
74913
74914
74922
74926
74929
74931
74932
74933
74937
74940
74941
74942
74947
74949
74950
74951
74960
74964
74965
74970
74972
74973
74975
74977
74983
74984
74986
74987
74988
74990
74992
74995
75001
75008
75012
75013
75014
75016
75017
75019
75020
75023
75024
75025
75026
75027
75029
75030
75032
75033
75034
75036
75040
75041
75042
75043
75049
75052
75054
75057
75058
75060
75062
75063
75064
75065
75066
75069
75070
75073
75076
75077
75080
75082
75084
75087
75090
75091
75093
75095
75096
75097
75099
75100
75101
75103
75105
75106
75109
75110
75111
75113
75114
75117
75118
75119
75122
75123
75124
75127
75128
75134
75135
75136
75138
75139
75140
75142
75143
75144
75147
75149
75151
75152
75153
75160
75161
75163
75165
75166
75167
75168
75169
75170
75171
75175
75178
75181
75182
75183
75184
75185
75188
75190
75191
75193
75194
75195
75197
75201
75202
75203
75208
75209
75210
75211
75213
75214
75218
75219
75220
75221
75222
75226
75227
75228
75231
75233
75235
75236
75243
75245
75246
75247
75256
75258
75259
75260
75261
75263
75268
75269
75270
75271
75272
75273
75275
75278
75279
75280
75283
75284
75286
75293
75294
75298
75299
75303
75304
75305
75308
75312
75315
75317
75320
75322
75323
75324
75325
75331
75333
75338
75341
75344
75345
75347
75349
75350
75351
75359
75360
75361
75363
75366
75367
75368
75371
75372
75374
75376
75377
75379
75383
75384
75385
75386
75388
75390
75398
75400
75401
75402
75403
75406
75410
75414
75415
75418
75420
75422
75425
75428
75429
75430
75431
75432
75437
75439
75440
75441
75442
75444
75445
75448
75451
75452
75454
75455
75457
75460
75463
75464
75465
75466
75467
75468
75470
75472
75473
75474
75477
75478
75480
75481
75482
75484
75485
75486
75488
75489
75490
75491
75492
75493
75495
75496
75502
75503
75506
75508
75509
75510
75512
75513
75515
75523
75524
75525
75527
75528
75530
75531
75532
75534
75535
75536
75537
75538
75539
75541
75544
75545
75546
75549
75551
75556
75558
75561
75563
75567
75569
75570
75572
75575
75577
75578
75584
75587
75588
75589
75590
75597
75601
75604
75605
75607
75608
75614
75615
75616
75617
75619
75621
75627
75631
75633
75634
75635
75637
75638
75639
75641
75642
75643
75644
75647
75649
75651
75654
75656
75658
75660
75661
75662
75663
75668
75669
75671
75674
75676
75678
75679
75680
75681
75683
75685
75686
75687
75688
75690
75692
75694
75698
75699
75700
75703
75704
75710
75711
75712
75713
75714
75715
75716
75718
75719
75724
75728
75729
75730
75736
75737
75738
75740
75741
75742
75743
75744
75751
75752
75753
75754
75755
75757
75758
75762
75765
75767
75768
75772
75775
75778
75779
75783
75785
75786
75790
75791
75792
75793
75802
75803
75809
75811
75812
75813
75815
75820
75821
75827
75829
75831
75833
75834
75835
75836
75839
75840
75842
75843
75845
75846
75847
75848
75853
75854
75855
75856
75857
75858
75859
75860
75861
75862
75864
75866
75870
75871
75876
75877
75881
75882
75883
75884
75885
75886
75888
75892
75893
75894
75896
75898
75901
75903
75906
75909
75910
75911
75912
75914
75918
75923
75924
75926
75927
75928
75929
75930
75931
75932
75935
75939
75941
75942
75944
75948
75949
75950
75953
75957
75960
75966
75967
75972
75974
75975
75977
75979
75981
75985
75986
75987
75989
75990
75994
76000
76003
76007
76010
76013
76014
76015
76020
76021
76023
76029
76031
76032
76033
76035
76039
76040
76042
76043
76044
76045
76047
76048
76049
76051
76053
76056
76058
76060
76061
76063
76065
76066
76068
76069
76071
76072
76073
76075
76078
76079
76080
76081
76082
76083
76085
76086
76088
76090
76091
76095
76096
76097
76098
76099
76100
76101
76102
76103
76110
76112
76114
76115
76116
76117
76118
76121
76122
76124
76129
76131
76132
76134
76137
76139
76140
76144
76145
76147
76150
76151
76152
76154
76156
76157
76159
76160
76162
76169
76170
76172
76175
76177
76179
76180
76181
76182
76186
76188
76190
76191
76192
76193
76194
76195
76197
76199
76205
76208
76210
76211
76212
76215
76217
76218
76219
76223
76224
76225
76227
76228
76229
76232
76235
76237
76242
76243
76246
76248
76251
76252
76258
76259
76260
76261
76262
76263
76265
76268
76270
76272
76273
76274
76275
76278
76279
76281
76285
76286
76287
76289
76291
76294
76295
76296
76298
76300
76303
76304
76305
76307
76308
76309
76311
76313
76314
76315
76317
76318
76319
76320
76322
76324
76326
76327
76328
76332
76333
76339
76341
76345
76349
76351
76352
76353
76354
76358
76359
76364
76365
76368
76371
76374
76376
76377
76381
76383
76386
76387
76390
76391
76393
76394
76397
76399
76404
76406
76407
76408
76409
76410
76411
76415
76418
76421
76423
76425
76426
76432
76434
76435
76439
76441
76443
76444
76447
76449
76450
76451
76452
76457
76459
76460
76462
76463
76464
76465
76471
76472
76475
76478
76481
76482
76484
76485
76486
76487
76492
76496
76497
76498
76500
76501
76503
76505
76507
76511
76512
76513
76514
76516
76518
76521
76525
76528
76533
76534
76535
76536
76537
76540
76541
76542
76543
76544
76545
76548
76549
76550
76551
76559
76560
76561
76564
76566
76569
76571
76572
76574
76575
76578
76580
76581
76583
76586
76587
76590
76591
76592
76594
76596
76598
76599
76600
76604
76607
76609
76610
76611
76612
76617
76618
76619
76620
76621
76623
76625
76628
76629
76631
76633
76634
76636
76639
76641
76644
76645
76647
76648
76649
76650
76651
76653
76655
76657
76660
76661
76663
76666
76669
76670
76671
76673
76674
76675
76677
76680
76682
76683
76685
76686
76688
76689
76690
76691
76695
76696
76704
76705
76712
76718
76721
76722
76724
76725
76730
76731
76735
76736
76744
76745
76746
76747
76751
76753
76756
76757
76758
76760
76761
76762
76764
76765
76768
76770
76774
76775
76776
76777
76778
76779
76781
76782
76785
76788
76789
76790
76795
76797
76800
76802
76803
76806
76807
76809
76810
76811
76812
76815
76816
76817
76821
76823
76824
76825
76827
76828
76831
76836
76839
76842
76844
76846
76848
76850
76851
76853
76854
76859
76862
76863
76867
76868
76869
76870
76871
76875
76876
76880
76881
76882
76884
76885
76886
76888
76889
76890
76892
76893
76894
76896
76898
76900
76901
76903
76905
76906
76909
76910
76911
76912
76914
76915
76917
76920
76921
76923
76924
76926
76928
76929
76930
76931
76933
76934
76935
76937
76938
76939
76940
76941
76942
76943
76948
76949
76951
76953
76956
76962
76964
76966
76967
76971
76974
76977
76982
76984
76985
76987
76988
76992
76993
76995
76997
76998
76999
77000
77002
77003
77005
77006
77008
77010
77011
77012
77014
77015
77016
77017
77018
77019
77021
77024
77027
77031
77034
77037
77038
77039
77040
77044
77045
77046
77047
77048
77049
77056
77057
77059
77063
77065
77066
77067
77069
77077
77079
77085
77086
77089
77097
77098
77099
77100
77101
77107
77108
77111
77112
77114
77115
77118
77122
77126
77127
77128
77130
77133
77134
77135
77136
77139
77141
77143
77145
77146
77148
77149
77150
77155
77156
77158
77159
77160
77163
77167
77169
77171
77175
77177
77179
77181
77182
77185
77186
77188
77190
77192
77197
77198
77199
77204
77206
77208
77210
77213
77214
77215
77216
77218
77221
77222
77224
77225
77226
77228
77229
77230
77233
77234
77237
77242
77243
77248
77250
77251
77253
77254
77255
77259
77262
77263
77264
77265
77266
77267
77268
77273
77276
77278
77280
77282
77283
77284
77285
77287
77288
77290
77293
77294
77297
77303
77304
77305
77306
77309
77312
77313
77314
77315
77320
77321
77322
77324
77325
77327
77330
77331
77332
77335
77336
77337
77338
77339
77342
77344
77346
77348
77350
77351
77352
77357
77358
77359
77360
77363
77365
77366
77369
77371
77373
77375
77377
77378
77381
77382
77385
77386
77387
77389
77392
77394
77395
77398
77402
77403
77404
77409
77416
77417
77418
77423
77424
77425
77426
77427
77428
77432
77436
77437
77438
77439
77441
77443
77444
77446
77449
77452
77453
77456
77457
77460
77461
77465
77468
77469
77471
77472
77474
77476
77477
77479
77480
77484
77485
77490
77492
77493
77494
77496
77497
77499
77501
77502
77503
77508
77509
77510
77512
77513
77515
77516
77518
77520
77521
77522
77524
77526
77527
77529
77530
77531
77532
77533
77534
77535
77538
77539
77540
77542
77545
77546
77547
77552
77553
77554
77555
77556
77565
77566
77567
77570
77571
77572
77577
77579
77581
77586
77588
77589
77591
77593
77595
77598
77599
77601
77602
77603
77605
77606
77607
77608
77612
77615
77620
77622
77624
77627
77633
77634
77636
77638
77639
77640
77643
77644
77645
77647
77650
77654
77658
77663
77664
77667
77672
77673
77681
77682
77683
77692
77694
77695
77696
77699
77701
77702
77709
77710
77711
77713
77720
77722
77723
77724
77725
77726
77727
77728
77733
77735
77736
77737
77739
77742
77743
77744
77750
77754
77755
77758
77760
77762
77763
77764
77765
77766
77768
77769
77770
77771
77772
77774
77778
77780
77782
77784
77785
77786
77787
77789
77791
77792
77793
77794
77795
77796
77799
77800
77801
77803
77804
77811
77812
77815
77816
77819
77825
77829
77831
77833
77834
77835
77836
77841
77844
77845
77847
77852
77854
77855
77856
77860
77861
77862
77863
77865
77866
77872
77874
77875
77877
77879
77881
77882
77884
77885
77886
77887
77888
77890
77891
77892
77894
77895
77897
77898
77900
77901
77902
77903
77904
77905
77906
77910
77912
77917
77920
77925
77926
77928
77931
77933
77934
77935
77937
77938
77940
77941
77943
77946
77947
77953
77954
77960
77961
77964
77966
77971
77972
77973
77975
77976
77979
77981
77982
77983
77984
77985
77986
77989
77993
77994
77996
77997
78000
78001
78002
78011
78012
78013
78015
78017
78022
78024
78025
78027
78028
78030
78033
78036
78038
78040
78042
78045
78046
78048
78049
78054
78055
78056
78057
78061
78065
78066
78067
78069
78070
78073
78075
78076
78077
78078
78079
78080
78085
78086
78087
78088
78093
78094
78096
78097
78098
78099
78101
78102
78103
78104
78105
78109
78110
78112
78113
78116
78125
78128
78129
78130
78131
78133
78134
78136
78137
78138
78140
78141
78143
78145
78146
78147
78148
78149
78150
78154
78155
78158
78161
78163
78166
78168
78169
78171
78172
78174
78175
78176
78179
78183
78184
78185
78186
78187
78188
78190
78194
78195
78196
78197
78198
78205
78206
78207
78210
78212
78213
78215
78216
78217
78220
78221
78222
78223
78224
78225
78226
78229
78231
78232
78233
78234
78235
78239
78240
78242
78243
78244
78245
78247
78250
78252
78253
78254
78255
78256
78257
78258
78259
78260
78262
78263
78264
78266
78268
78271
78278
78279
78281
78283
78284
78287
78290
78292
78297
78302
78304
78309
78310
78311
78316
78317
78318
78320
78321
78323
78325
78327
78328
78330
78331
78332
78337
78338
78339
78341
78343
78345
78346
78350
78353
78355
78356
78357
78358
78363
78364
78365
78371
78372
78373
78375
78379
78380
78381
78383
78384
78385
78388
78391
78392
78393
78394
78395
78396
78397
78400
78403
78405
78406
78411
78413
78417
78418
78419
78420
78421
78423
78425
78426
78427
78431
78432
78434
78437
78438
78439
78440
78441
78443
78444
78446
78448
78450
78453
78454
78455
78458
78459
78460
78461
78462
78463
78465
78469
78470
78475
78476
78477
78478
78481
78484
78485
78487
78488
78489
78491
78493
78494
78495
78496
78499
78501
78505
78514
78515
78518
78523
78524
78525
78526
78527
78529
78530
78533
78536
78543
78547
78548
78551
78552
78553
78555
78557
78561
78563
78565
78568
78569
78570
78571
78573
78578
78581
78582
78583
78584
78585
78586
78587
78590
78591
78593
78597
78598
78599
78601
78603
78604
78606
78611
78614
78616
78618
78619
78620
78621
78623
78628
78629
78631
78634
78637
78642
78646
78648
78649
78650
78651
78654
78655
78657
78659
78663
78664
78665
78666
78667
78668
78669
78671
78673
78676
78677
78680
78681
78682
78683
78684
78685
78686
78687
78689
78690
78691
78693
78696
78697
78700
78703
78704
78707
78709
78710
78721
78725
78726
78727
78728
78734
78735
78736
78737
78738
78741
78742
78746
78747
78748
78749
78752
78756
78757
78758
78759
78760
78762
78763
78764
78765
78767
78768
78769
78771
78776
78777
78780
78781
78782
78783
78785
78787
78789
78792
78793
78794
78796
78798
78802
78803
78804
78805
78806
78811
78813
78814
78815
78816
78817
78820
78821
78823
78824
78825
78826
78829
78832
78833
78834
78836
78837
78838
78840
78841
78844
78845
78846
78850
78853
78856
78858
78859
78862
78863
78865
78866
78867
78868
78870
78871
78872
78874
78877
78878
78881
78882
78885
78889
78891
78893
78897
78898
78902
78904
78908
78909
78911
78916
78918
78919
78920
78926
78927
78930
78932
78933
78935
78938
78940
78943
78944
78945
78947
78950
78951
78952
78954
78955
78956
78959
78961
78962
78963
78964
78965
78967
78968
78971
78973
78974
78975
78978
78979
78980
78982
78985
78989
78991
78992
78993
78996
78997
78999
79000
79001
79005
79006
79007
79008
79012
79013
79014
79015
79016
79024
79025
79028
79031
79033
79035
79038
79040
79041
79042
79043
79045
79047
79049
79050
79051
79056
79057
79060
79061
79063
79067
79070
79071
79074
79078
79079
79080
79081
79085
79087
79091
79094
79095
79097
79098
79102
79103
79106
79111
79113
79116
79117
79118
79119
79122
79124
79131
79133
79134
79137
79138
79140
79142
79143
79144
79145
79146
79148
79149
79154
79159
79160
79161
79162
79163
79164
79165
79172
79176
79178
79179
79183
79184
79185
79187
79194
79196
79202
79203
79204
79206
79214
79215
79217
79218
79221
79222
79224
79229
79230
79231
79234
79235
79238
79239
79240
79243
79248
79251
79252
79253
79254
79255
79258
79259
79261
79262
79263
79267
79268
79274
79275
79279
79282
79284
79285
79287
79290
79292
79293
79294
79295
79297
79299
79300
79305
79306
79310
79312
79317
79318
79320
79321
79323
79325
79326
79327
79332
79333
79336
79337
79339
79340
79341
79345
79346
79349
79350
79352
79353
79354
79355
79357
79359
79360
79362
79363
79364
79366
79367
79368
79369
79370
79372
79375
79378
79385
79388
79389
79390
79391
79393
79394
79395
79396
79399
79401
79402
79403
79407
79408
79410
79411
79412
79414
79415
79416
79417
79418
79423
79424
79427
79431
79432
79433
79435
79439
79441
79445
79446
79449
79450
79455
79456
79459
79462
79466
79471
79474
79476
79478
79480
79483
79484
79485
79487
79492
79493
79495
79499
79500
79503
79505
79506
79507
79508
79511
79513
79514
79516
79518
79519
79520
79521
79522
79524
79528
79529
79531
79532
79533
79536
79537
79538
79542
79544
79547
79548
79550
79551
79552
79557
79560
79562
79564
79566
79568
79571
79572
79574
79575
79577
79580
79583
79597
79601
79602
79604
79605
79607
79609
79611
79612
79613
79614
79615
79617
79619
79620
79622
79623
79625
79626
79628
79629
79630
79632
79633
79635
79638
79643
79647
79649
79651
79652
79653
79654
79656
79661
79662
79663
79665
79666
79669
79671
79672
79673
79674
79677
79682
79685
79686
79687
79688
79689
79691
79692
79694
79695
79696
79697
79699
79700
79701
79702
79703
79707
79712
79716
79717
79718
79719
79721
79726
79730
79732
79733
79735
79736
79737
79738
79739
79741
79742
79743
79744
79745
79746
79749
79754
79757
79759
79763
79764
79766
79767
79768
79770
79772
79773
79774
79775
79776
79779
79788
79789
79790
79792
79796
79798
79799
79800
79801
79802
79804
79806
79807
79808
79814
79817
79819
79822
79825
79826
79829
79830
79832
79833
79835
79836
79838
79840
79842
79843
79844
79845
79846
79848
79849
79850
79851
79852
79853
79854
79857
79859
79860
79866
79868
79871
79872
79873
79874
79877
79878
79880
79881
79884
79886
79887
79888
79892
79893
79896
79898
79902
79906
79907
79908
79909
79910
79912
79913
79916
79918
79921
79922
79923
79926
79931
79932
79933
79936
79938
79941
79942
79946
79948
79951
79953
79954
79955
79956
79957
79958
79959
79961
79966
79969
79972
79973
79976
79977
79978
79980
79982
79985
79986
79987
79988
79989
79991
79992
79995
79996
79998
79999
80001
80002
80003
80004
80007
80008
80013
80014
80016
80021
80022
80026
80028
80029
80031
80035
80036
80037
80038
80041
80044
80045
80046
80048
80050
80051
80055
80058
80059
80060
80064
80065
80068
80071
80074
80076
80077
80081
80083
80084
80086
80090
80091
80092
80093
80096
80097
80098
80099
80102
80105
80110
80111
80112
80113
80114
80119
80120
80126
80128
80129
80131
80132
80134
80135
80136
80138
80139
80140
80141
80142
80143
80144
80147
80149
80150
80152
80154
80156
80157
80158
80161
80162
80163
80164
80165
80167
80170
80171
80175
80177
80178
80179
80180
80182
80183
80184
80186
80187
80189
80190
80191
80192
80193
80194
80196
80199
80200
80201
80202
80204
80205
80207
80210
80211
80212
80221
80223
80224
80226
80227
80228
80230
80232
80233
80234
80235
80236
80238
80240
80241
80246
80247
80248
80249
80250
80251
80254
80256
80258
80259
80260
80261
80263
80264
80265
80267
80268
80271
80273
80274
80276
80277
80281
80282
80283
80288
80291
80293
80297
80298
80302
80306
80307
80308
80309
80310
80312
80313
80315
80316
80319
80322
80324
80326
80327
80329
80331
80332
80337
80339
80340
80342
80344
80347
80351
80352
80355
80356
80357
80361
80362
80363
80364
80366
80368
80370
80374
80375
80376
80377
80379
80380
80381
80382
80384
80386
80388
80389
80391
80392
80395
80399
80403
80404
80408
80411
80412
80415
80416
80419
80420
80422
80425
80428
80430
80432
80433
80434
80435
80436
80438
80439
80444
80445
80446
80448
80450
80452
80453
80454
80455
80456
80457
80458
80459
80460
80462
80466
80469
80470
80473
80476
80482
80488
80489
80490
80491
80500
80502
80509
80511
80512
80513
80514
80515
80518
80520
80522
80523
80525
80526
80531
80532
80534
80535
80536
80537
80539
80541
80544
80545
80546
80551
80552
80554
80556
80558
80559
80560
80562
80563
80564
80565
80566
80567
80568
80570
80575
80576
80578
80579
80580
80581
80582
80583
80584
80586
80588
80591
80592
80593
80594
80595
80597
80598
80601
80602
80603
80604
80608
80609
80611
80612
80613
80616
80619
80622
80624
80626
80627
80628
80630
80631
80635
80637
80639
80642
80643
80646
80648
80649
80650
80652
80659
80666
80667
80669
80672
80673
80674
80677
80678
80689
80691
80692
80695
80697
80701
80702
80703
80705
80707
80708
80709
80711
80713
80714
80715
80716
80719
80720
80721
80723
80725
80726
80728
80729
80733
80734
80736
80739
80743
80744
80745
80746
80749
80750
80752
80755
80760
80763
80764
80772
80773
80775
80778
80780
80781
80785
80786
80787
80790
80791
80792
80793
80796
80798
80801
80802
80803
80806
80807
80809
80810
80812
80813
80815
80817
80819
80821
80822
80823
80826
80827
80828
80829
80830
80831
80832
80833
80837
80839
80840
80842
80847
80850
80851
80855
80856
80857
80859
80862
80863
80864
80865
80866
80868
80872
80873
80874
80876
80878
80879
80880
80881
80882
80884
80885
80886
80888
80889
80891
80893
80894
80895
80896
80897
80898
80899
80903
80908
80909
80910
80912
80918
80919
80920
80922
80923
80924
80925
80927
80929
80932
80935
80936
80939
80943
80947
80948
80949
80951
80959
80963
80966
80968
80971
80976
80977
80978
80980
80981
80983
80985
80986
80991
80995
80997
81002
81004
81005
81006
81007
81009
81010
81014
81019
81021
81023
81024
81025
81029
81030
81031
81033
81035
81036
81037
81039
81040
81046
81048
81049
81053
81054
81055
81057
81058
81059
81060
81062
81063
81064
81066
81069
81072
81075
81077
81079
81080
81083
81086
81088
81090
81091
81092
81094
81096
81100
81101
81103
81104
81105
81106
81107
81108
81109
81113
81114
81115
81117
81118
81120
81123
81125
81128
81130
81132
81133
81134
81136
81137
81138
81139
81140
81141
81143
81144
81146
81148
81149
81151
81152
81153
81154
81155
81156
81157
81158
81159
81160
81162
81163
81164
81167
81169
81173
81174
81175
81180
81183
81187
81188
81189
81190
81191
81192
81193
81197
81200
81201
81202
81204
81205
81207
81210
81212
81216
81218
81219
81226
81228
81229
81233
81234
81235
81236
81238
81242
81245
81246
81247
81248
81249
81250
81253
81256
81257
81260
81261
81262
81263
81265
81266
81270
81272
81273
81274
81275
81277
81280
81281
81282
81284
81285
81286
81289
81290
81291
81292
81293
81294
81295
81301
81307
81308
81311
81316
81319
81321
81323
81328
81330
81334
81337
81338
81340
81341
81342
81343
81344
81345
81348
81351
81352
81354
81357
81358
81359
81363
81364
81365
81366
81370
81371
81374
81375
81377
81378
81379
81385
81386
81388
81389
81390
81392
81393
81394
81395
81396
81397
81400
81405
81406
81408
81411
81413
81414
81416
81420
81421
81423
81425
81426
81427
81428
81431
81432
81433
81438
81439
81440
81441
81443
81449
81450
81451
81452
81456
81458
81461
81462
81463
81465
81467
81471
81472
81473
81474
81476
81477
81478
81479
81480
81481
81482
81483
81486
81487
81489
81490
81491
81492
81494
81499
81500
81501
81502
81505
81508
81509
81510
81512
81514
81516
81519
81520
81522
81524
81531
81533
81534
81537
81538
81539
81540
81542
81546
81548
81549
81552
81553
81554
81555
81556
81557
81562
81566
81568
81570
81572
81573
81574
81576
81578
81579
81583
81586
81593
81594
81595
81599
81600
81601
81604
81608
81611
81612
81615
81616
81620
81622
81623
81624
81625
81628
81629
81630
81632
81633
81635
81640
81641
81646
81648
81650
81652
81653
81656
81657
81658
81662
81669
81670
81671
81675
81677
81678
81682
81683
81685
81687
81691
81692
81694
81697
81698
81699
81705
81706
81709
81711
81713
81714
81715
81718
81719
81720
81722
81723
81724
81725
81726
81727
81729
81736
81739
81741
81743
81749
81751
81753
81754
81757
81758
81759
81760
81761
81762
81763
81771
81773
81775
81778
81779
81782
81783
81784
81785
81786
81787
81790
81791
81792
81793
81794
81796
81797
81798
81801
81802
81803
81805
81806
81809
81815
81816
81817
81818
81820
81821
81824
81826
81828
81829
81833
81834
81835
81837
81839
81840
81841
81842
81843
81844
81845
81846
81849
81851
81853
81855
81856
81858
81859
81860
81865
81866
81869
81872
81878
81879
81880
81885
81889
81890
81894
81895
81899
81901
81902
81904
81905
81909
81910
81911
81915
81916
81919
81923
81926
81931
81932
81941
81944
81945
81946
81948
81950
81951
81953
81954
81958
81962
81963
81964
81968
81969
81971
81976
81977
81978
81981
81984
81987
81991
81992
81994
81995
81997
81999
82000
82004
82008
82009
82010
82014
82015
82016
82017
82021
82023
82025
82026
82028
82031
82034
82036
82040
82041
82044
82046
82048
82050
82051
82053
82054
82055
82056
82060
82062
82063
82064
82065
82067
82068
82069
82070
82072
82075
82076
82079
82082
82085
82086
82089
82091
82092
82093
82095
82098
82100
82101
82103
82106
82107
82109
82110
82114
82119
82121
82122
82127
82131
82132
82133
82136
82138
82139
82140
82141
82142
82144
82147
82150
82151
82152
82155
82157
82160
82163
82164
82166
82168
82170
82175
82176
82181
82183
82185
82186
82187
82192
82195
82196
82197
82198
82199
82201
82202
82203
82204
82208
82210
82211
82212
82213
82216
82217
82219
82221
82223
82227
82229
82230
82231
82233
82235
82236
82237
82238
82240
82242
82246
82248
82249
82250
82252
82253
82254
82256
82259
82260
82263
82264
82275
82279
82281
82284
82286
82287
82288
82289
82296
82300
82301
82303
82305
82309
82311
82315
82316
82317
82319
82321
82322
82324
82328
82329
82330
82331
82332
82335
82336
82337
82340
82343
82350
82351
82359
82360
82364
82367
82369
82372
82374
82375
82377
82379
82380
82381
82382
82384
82385
82388
82392
82394
82397
82398
82400
82403
82405
82407
82409
82410
82413
82415
82416
82418
82420
82422
82425
82426
82429
82432
82433
82434
82436
82437
82438
82439
82441
82444
82446
82449
82453
82454
82456
82459
82461
82462
82466
82467
82468
82469
82473
82475
82476
82479
82481
82482
82484
82487
82489
82490
82492
82493
82494
82495
82497
82500
82505
82506
82508
82512
82516
82519
82520
82521
82522
82524
82525
82527
82528
82529
82531
82532
82534
82535
82539
82540
82541
82544
82546
82548
82549
82553
82555
82556
82559
82561
82563
82566
82573
82576
82577
82578
82579
82585
82587
82588
82590
82591
82593
82601
82602
82604
82605
82606
82607
82610
82612
82614
82615
82616
82621
82625
82626
82627
82628
82631
82635
82636
82640
82643
82645
82649
82651
82653
82654
82655
82660
82661
82663
82666
82668
82669
82671
82672
82673
82675
82676
82677
82679
82681
82684
82685
82686
82690
82691
82692
82693
82695
82698
82700
82702
82704
82708
82709
82712
82713
82715
82717
82718
82719
82721
82722
82723
82725
82726
82731
82732
82733
82737
82740
82741
82743
82744
82745
82746
82748
82750
82752
82753
82761
82763
82765
82766
82767
82769
82776
82778
82782
82785
82789
82792
82793
82797
82801
82806
82807
82808
82809
82813
82814
82816
82817
82819
82820
82822
82824
82826
82827
82828
82829
82831
82834
82835
82838
82839
82840
82841
82845
82849
82851
82853
82854
82855
82856
82857
82858
82859
82860
82861
82862
82863
82867
82869
82870
82873
82875
82877
82879
82883
82884
82885
82888
82889
82891
82892
82893
82895
82896
82899
82902
82904
82905
82907
82914
82916
82917
82920
82926
82927
82928
82930
82933
82939
82940
82945
82946
82949
82951
82954
82957
82958
82959
82963
82965
82966
82967
82968
82972
82973
82975
82976
82984
82988
82991
82992
82994
82995
82996
82997
83002
83003
83006
83009
83011
83012
83013
83014
83015
83020
83021
83023
83025
83027
83028
83029
83030
83032
83034
83035
83039
83041
83044
83045
83046
83047
83048
83049
83051
83053
83055
83056
83058
83059
83061
83063
83064
83065
83066
83070
83071
83073
83074
83077
83078
83080
83081
83082
83083
83084
83085
83090
83093
83094
83095
83097
83098
83099
83101
83102
83104
83106
83107
83114
83115
83116
83118
83119
83120
83121
83122
83123
83125
83126
83127
83129
83138
83141
83143
83145
83146
83148
83149
83150
83151
83153
83154
83157
83158
83160
83162
83164
83165
83167
83168
83169
83170
83176
83181
83184
83185
83186
83187
83188
83189
83190
83197
83198
83199
83200
83203
83207
83208
83211
83213
83214
83220
83221
83225
83227
83228
83230
83231
83232
83233
83235
83236
83237
83239
83241
83244
83246
83247
83249
83250
83251
83254
83256
83257
83258
83259
83260
83261
83263
83264
83266
83267
83269
83272
83273
83274
83277
83283
83284
83285
83286
83287
83293
83294
83296
83297
83299
83300
83304
83308
83309
83312
83316
83317
83320
83321
83322
83323
83326
83332
83334
83335
83340
83344
83347
83348
83349
83350
83352
83359
83362
83363
83371
83372
83374
83376
83378
83379
83382
83386
83387
83388
83389
83392
83393
83394
83397
83402
83405
83406
83413
83414
83417
83423
83424
83425
83427
83430
83432
83434
83435
83436
83438
83439
83442
83443
83444
83445
83447
83450
83452
83454
83455
83457
83458
83460
83461
83462
83463
83464
83465
83467
83469
83471
83472
83475
83476
83477
83478
83480
83484
83485
83486
83487
83492
83494
83496
83498
83501
83505
83507
83508
83509
83510
83512
83513
83518
83519
83520
83522
83523
83526
83527
83529
83530
83534
83536
83538
83540
83541
83542
83547
83549
83552
83554
83556
83557
83558
83559
83561
83562
83563
83566
83567
83569
83576
83577
83578
83584
83586
83588
83593
83594
83596
83597
83598
83599
83600
83601
83604
83607
83608
83610
83615
83617
83618
83619
83620
83621
83623
83629
83630
83632
83633
83634
83635
83636
83640
83644
83645
83646
83648
83649
83650
83651
83654
83655
83656
83657
83659
83660
83661
83662
83665
83668
83670
83671
83673
83674
83676
83677
83678
83680
83684
83686
83689
83690
83692
83693
83694
83696
83699
83701
83702
83705
83706
83707
83708
83712
83713
83714
83721
83722
83723
83724
83727
83728
83730
83734
83736
83737
83741
83744
83745
83748
83750
83751
83752
83753
83754
83756
83757
83759
83760
83761
83762
83764
83765
83767
83768
83769
83771
83774
83775
83778
83781
83783
83784
83785
83787
83788
83791
83792
83798
83799
83800
83801
83803
83804
83805
83808
83809
83810
83811
83812
83813
83814
83815
83817
83818
83819
83821
83822
83824
83825
83827
83829
83833
83834
83838
83840
83841
83843
83844
83845
83848
83849
83850
83854
83857
83858
83861
83862
83864
83865
83867
83869
83875
83876
83879
83881
83885
83887
83888
83891
83892
83893
83894
83895
83896
83897
83899
83900
83901
83903
83907
83908
83911
83913
83914
83919
83920
83921
83924
83926
83927
83928
83930
83932
83933
83934
83938
83939
83940
83942
83943
83944
83945
83946
83948
83950
83951
83955
83956
83957
83958
83959
83960
83961
83965
83966
83968
83970
83972
83974
83975
83976
83978
83979
83980
83986
83987
83990
83992
83994
83995
83996
84000
84002
84003
84005
84006
84008
84009
84010
84011
84012
84014
84015
84018
84021
84023
84024
84025
84026
84027
84029
84030
84031
84034
84040
84042
84048
84049
84050
84051
84052
84053
84054
84057
84058
84063
84064
84066
84067
84068
84071
84072
84073
84074
84075
84076
84080
84081
84082
84085
84086
84088
84089
84092
84093
84095
84097
84099
84101
84103
84105
84108
84112
84113
84114
84115
84116
84117
84119
84125
84126
84130
84131
84134
84135
84136
84137
84138
84139
84142
84143
84146
84147
84150
84154
84155
84156
84157
84163
84169
84171
84173
84174
84176
84178
84179
84181
84182
84183
84185
84186
84188
84192
84194
84195
84196
84202
84205
84206
84208
84209
84212
84213
84214
84218
84220
84223
84224
84225
84230
84231
84238
84242
84247
84249
84253
84255
84258
84260
84261
84265
84272
84273
84277
84278
84280
84281
84288
84289
84290
84291
84293
84294
84296
84299
84300
84302
84303
84305
84308
84310
84311
84312
84313
84315
84317
84318
84319
84322
84325
84328
84329
84330
84332
84337
84339
84340
84342
84345
84349
84351
84356
84358
84359
84360
84362
84366
84367
84369
84370
84371
84373
84376
84378
84383
84384
84386
84388
84391
84392
84393
84394
84395
84397
84401
84404
84409
84410
84413
84417
84420
84422
84423
84424
84425
84426
84430
84431
84432
84433
84435
84438
84440
84441
84443
84444
84448
84449
84450
84451
84455
84456
84457
84459
84461
84462
84463
84464
84465
84467
84468
84469
84470
84472
84473
84474
84476
84478
84479
84481
84483
84486
84488
84489
84491
84497
84502
84503
84504
84507
84508
84509
84510
84513
84515
84519
84520
84522
84527
84528
84535
84538
84539
84543
84545
84546
84548
84550
84559
84561
84562
84564
84565
84566
84569
84570
84571
84573
84574
84579
84581
84585
84586
84587
84588
84589
84590
84592
84594
84596
84597
84598
84599
84602
84605
84607
84609
84612
84617
84620
84621
84622
84627
84628
84629
84632
84634
84635
84638
84642
84643
84645
84646
84647
84648
84649
84652
84653
84656
84657
84658
84660
84661
84662
84663
84665
84670
84672
84676
84678
84680
84681
84683
84686
84692
84693
84696
84698
84700
84702
84703
84704
84705
84706
84707
84708
84710
84711
84714
84715
84718
84719
84722
84723
84725
84727
84729
84732
84733
84735
84740
84742
84743
84745
84747
84748
84750
84751
84755
84756
84757
84759
84760
84761
84764
84767
84769
84771
84772
84773
84777
84778
84787
84788
84789
84791
84792
84794
84795
84796
84798
84799
84802
84805
84808
84811
84812
84813
84814
84817
84820
84823
84824
84825
84827
84829
84830
84831
84832
84833
84834
84835
84837
84841
84842
84843
84844
84845
84847
84848
84850
84852
84857
84862
84864
84868
84869
84871
84872
84874
84875
84881
84883
84885
84886
84888
84891
84893
84896
84897
84904
84910
84913
84915
84916
84917
84920
84922
84925
84926
84927
84928
84929
84930
84932
84933
84934
84936
84937
84940
84943
84944
84946
84947
84948
84956
84960
84962
84965
84970
84971
84974
84976
84977
84980
84981
84982
84983
84985
84986
84987
84988
84989
84991
84994
84999
85000
85001
85004
85007
85008
85012
85013
85014
85015
85017
85019
85020
85029
85032
85033
85034
85036
85037
85038
85039
85040
85041
85043
85044
85046
85047
85050
85051
85052
85053
85054
85056
85061
85064
85066
85069
85070
85071
85074
85075
85076
85077
85078
85081
85084
85085
85086
85087
85090
85091
85095
85097
85098
85099
85100
85102
85104
85107
85113
85116
85119
85123
85124
85127
85129
85130
85131
85132
85141
85147
85149
85153
85155
85156
85158
85159
85161
85164
85165
85166
85168
85169
85170
85171
85172
85175
85177
85182
85183
85188
85190
85192
85193
85194
85197
85199
85200
85202
85203
85205
85208
85210
85216
85222
85223
85225
85227
85229
85231
85232
85233
85235
85236
85241
85242
85244
85245
85246
85247
85249
85250
85251
85252
85253
85257
85260
85261
85262
85263
85265
85267
85268
85269
85272
85273
85275
85277
85278
85279
85284
85285
85286
85288
85289
85290
85294
85295
85298
85299
85303
85308
85309
85310
85311
85313
85315
85317
85318
85319
85325
85327
85328
85331
85333
85337
85339
85340
85341
85342
85344
85345
85347
85348
85349
85350
85351
85353
85354
85355
85357
85358
85359
85361
85363
85368
85369
85371
85375
85376
85377
85378
85379
85381
85383
85385
85387
85388
85390
85393
85396
85397
85400
85402
85404
85405
85406
85407
85410
85412
85414
85416
85417
85419
85420
85421
85422
85423
85425
85426
85427
85429
85431
85433
85435
85439
85441
85445
85448
85449
85450
85451
85452
85453
85455
85456
85457
85458
85459
85461
85462
85463
85466
85468
85469
85471
85472
85474
85475
85476
85477
85479
85482
85484
85486
85487
85491
85496
85497
85499
85503
85504
85508
85509
85512
85513
85515
85516
85517
85518
85521
85522
85523
85527
85529
85530
85532
85534
85536
85537
85538
85540
85543
85547
85549
85551
85552
85554
85555
85557
85559
85563
85569
85572
85573
85574
85575
85580
85581
85584
85587
85590
85593
85594
85595
85597
85598
85600
85601
85602
85604
85606
85607
85609
85610
85612
85617
85620
85624
85625
85626
85627
85628
85630
85632
85635
85638
85641
85643
85644
85648
85649
85650
85651
85652
85653
85656
85657
85658
85659
85663
85664
85665
85667
85669
85672
85673
85676
85679
85681
85683
85685
85687
85688
85692
85693
85694
85702
85704
85707
85713
85715
85717
85718
85722
85726
85728
85729
85730
85735
85736
85737
85738
85741
85743
85744
85745
85746
85747
85749
85758
85759
85760
85763
85764
85768
85771
85773
85775
85776
85779
85780
85783
85784
85785
85787
85789
85790
85791
85793
85794
85797
85798
85799
85800
85801
85803
85805
85806
85808
85810
85811
85814
85815
85816
85818
85819
85820
85821
85823
85824
85825
85826
85827
85830
85831
85839
85840
85843
85845
85849
85850
85852
85853
85854
85858
85859
85860
85864
85865
85871
85873
85874
85877
85879
85880
85881
85885
85886
85888
85890
85893
85894
85895
85897
85898
85899
85901
85902
85903
85904
85905
85910
85912
85915
85916
85918
85919
85920
85921
85922
85923
85924
85925
85926
85928
85931
85934
85936
85938
85939
85942
85944
85945
85946
85948
85949
85951
85953
85954
85956
85957
85959
85960
85961
85964
85968
85970
85976
85977
85980
85984
85987
85990
85994
85996
85997
85999
86001
86005
86010
86011
86015
86018
86019
86020
86025
86027
86028
86029
86030
86032
86033
86034
86037
86038
86040
86043
86044
86050
86051
86053
86058
86059
86060
86061
86062
86064
86066
86070
86071
86073
86076
86077
86079
86082
86083
86084
86086
86088
86089
86091
86093
86097
86099
86103
86107
86108
86110
86111
86112
86116
86118
86120
86122
86126
86127
86128
86129
86130
86131
86132
86137
86140
86141
86142
86143
86145
86146
86147
86148
86150
86151
86152
86153
86158
86159
86160
86162
86165
86166
86168
86173
86176
86177
86179
86180
86183
86184
86185
86187
86188
86192
86193
86194
86195
86200
86201
86204
86207
86209
86210
86211
86213
86214
86219
86226
86228
86229
86230
86232
86233
86234
86235
86236
86238
86239
86240
86247
86251
86253
86254
86256
86262
86263
86264
86265
86267
86268
86270
86275
86278
86281
86282
86284
86286
86291
86296
86297
86305
86307
86308
86309
86310
86311
86312
86315
86316
86317
86319
86320
86324
86326
86327
86328
86330
86332
86333
86334
86335
86338
86341
86344
86345
86346
86347
86351
86355
86356
86357
86358
86363
86367
86368
86370
86377
86378
86380
86382
86383
86384
86386
86390
86394
86398
86404
86405
86406
86407
86408
86409
86410
86411
86412
86414
86415
86417
86418
86420
86421
86423
86428
86429
86431
86432
86433
86435
86436
86437
86438
86439
86441
86442
86443
86445
86446
86447
86448
86450
86452
86455
86458
86459
86462
86463
86467
86468
86470
86472
86477
86479
86480
86481
86485
86486
86489
86491
86492
86493
86496
86497
86499
86500
86501
86506
86509
86510
86512
86513
86515
86520
86526
86527
86530
86531
86532
86536
86538
86543
86546
86547
86552
86553
86557
86559
86560
86561
86562
86566
86568
86569
86570
86573
86574
86575
86581
86582
86583
86584
86587
86590
86591
86593
86595
86596
86597
86599
86601
86603
86604
86608
86610
86612
86617
86619
86622
86623
86624
86625
86626
86627
86628
86630
86631
86633
86636
86637
86638
86639
86640
86641
86642
86646
86648
86652
86653
86654
86655
86661
86662
86663
86665
86667
86674
86675
86676
86677
86681
86682
86683
86684
86686
86688
86690
86691
86692
86695
86696
86699
86701
86702
86704
86710
86711
86716
86719
86722
86723
86726
86729
86730
86741
86744
86746
86748
86751
86752
86758
86761
86762
86763
86766
86768
86773
86777
86778
86779
86780
86782
86783
86787
86788
86790
86793
86796
86797
86800
86804
86805
86808
86809
86811
86812
86813
86815
86817
86818
86822
86823
86824
86825
86826
86827
86828
86829
86831
86840
86841
86842
86844
86845
86847
86849
86852
86855
86857
86860
86863
86864
86865
86868
86869
86872
86874
86875
86877
86878
86879
86881
86888
86891
86893
86896
86897
86898
86899
86900
86901
86902
86903
86904
86907
86912
86913
86914
86915
86916
86919
86923
86926
86930
86932
86933
86934
86935
86937
86939
86942
86943
86944
86948
86949
86951
86960
86962
86963
86964
86966
86967
86968
86971
86973
86974
86979
86981
86982
86983
86985
86990
86991
86992
86993
86994
86995
86998
87000
87002
87003
87006
87008
87012
87014
87015
87016
87017
87018
87019
87020
87022
87024
87028
87030
87031
87036
87037
87040
87045
87046
87051
87052
87053
87054
87056
87057
87059
87060
87061
87066
87067
87068
87071
87077
87078
87081
87084
87087
87092
87093
87094
87095
87096
87097
87098
87101
87102
87107
87108
87113
87115
87116
87117
87118
87119
87120
87122
87123
87128
87129
87130
87131
87132
87133
87135
87136
87137
87138
87139
87140
87141
87144
87146
87149
87151
87153
87154
87155
87156
87157
87158
87159
87161
87166
87167
87169
87170
87177
87180
87181
87184
87190
87191
87192
87194
87196
87199
87201
87203
87204
87205
87207
87209
87210
87212
87214
87215
87216
87219
87222
87223
87225
87230
87231
87232
87233
87234
87241
87244
87245
87247
87248
87249
87250
87251
87252
87253
87256
87258
87260
87262
87263
87265
87266
87267
87269
87270
87272
87274
87275
87277
87278
87279
87280
87283
87284
87285
87286
87289
87292
87293
87295
87299
87300
87301
87304
87305
87307
87308
87312
87313
87314
87315
87316
87318
87320
87321
87324
87327
87328
87330
87332
87333
87334
87336
87337
87341
87345
87346
87352
87353
87355
87358
87359
87360
87361
87363
87366
87367
87369
87370
87372
87375
87379
87380
87381
87383
87389
87390
87399
87400
87404
87405
87408
87410
87413
87414
87415
87416
87419
87422
87423
87424
87425
87426
87431
87433
87435
87436
87437
87438
87440
87441
87443
87444
87446
87447
87451
87452
87453
87454
87456
87460
87462
87464
87465
87467
87469
87470
87471
87475
87477
87479
87482
87484
87485
87488
87489
87491
87492
87493
87494
87499
87501
87503
87504
87505
87507
87508
87509
87510
87512
87513
87515
87516
87522
87523
87525
87527
87528
87534
87536
87539
87541
87543
87545
87546
87549
87550
87551
87552
87554
87556
87558
87560
87562
87563
87564
87565
87566
87568
87573
87574
87575
87576
87577
87579
87580
87581
87582
87583
87586
87587
87594
87596
87599
87604
87605
87607
87612
87613
87614
87616
87617
87618
87619
87620
87621
87622
87627
87628
87629
87630
87634
87635
87636
87637
87640
87642
87643
87646
87647
87648
87649
87650
87651
87652
87653
87654
87656
87658
87663
87664
87665
87668
87671
87673
87677
87678
87680
87682
87686
87687
87688
87691
87693
87694
87695
87700
87701
87704
87706
87708
87711
87714
87715
87716
87717
87720
87721
87722
87723
87725
87726
87728
87730
87732
87733
87736
87737
87738
87739
87742
87745
87746
87747
87748
87749
87752
87756
87757
87758
87760
87762
87763
87767
87776
87778
87780
87782
87783
87785
87787
87788
87791
87792
87794
87796
87801
87802
87803
87804
87806
87807
87808
87809
87810
87811
87812
87815
87820
87821
87822
87827
87828
87830
87832
87833
87835
87839
87845
87848
87850
87851
87853
87854
87857
87858
87863
87864
87865
87868
87870
87871
87873
87874
87878
87880
87881
87885
87886
87888
87889
87891
87893
87895
87896
87897
87901
87904
87905
87908
87909
87912
87914
87918
87919
87920
87927
87928
87929
87931
87932
87934
87935
87939
87940
87945
87946
87947
87949
87953
87954
87957
87958
87961
87966
87967
87968
87969
87970
87972
87975
87976
87977
87982
87984
87986
87987
87988
87993
87995
87997
87998
88003
88005
88011
88013
88014
88015
88018
88019
88020
88021
88022
88026
88027
88028
88029
88032
88035
88038
88041
88043
88045
88047
88053
88054
88055
88056
88058
88059
88060
88067
88069
88071
88073
88074
88079
88081
88082
88083
88087
88088
88091
88093
88096
88098
88100
88101
88103
88104
88107
88108
88112
88113
88115
88116
88120
88122
88128
88129
88130
88132
88133
88134
88135
88136
88137
88138
88140
88141
88142
88144
88145
88146
88149
88152
88153
88154
88155
88157
88158
88162
88165
88166
88167
88169
88170
88173
88174
88175
88176
88178
88179
88180
88182
88183
88186
88187
88189
88190
88191
88192
88193
88194
88197
88198
88199
88202
88203
88205
88206
88207
88209
88210
88211
88213
88215
88216
88217
88221
88222
88226
88228
88230
88231
88232
88235
88236
88239
88240
88241
88244
88245
88246
88247
88249
88251
88254
88255
88256
88257
88258
88261
88269
88273
88274
88276
88277
88278
88279
88280
88281
88282
88286
88287
88288
88289
88290
88293
88294
88295
88296
88297
88298
88301
88302
88303
88311
88312
88313
88314
88316
88318
88319
88322
88327
88331
88334
88341
88343
88344
88346
88347
88349
88350
88352
88355
88358
88359
88360
88361
88362
88364
88365
88366
88368
88371
88372
88376
88377
88379
88380
88383
88384
88386
88387
88388
88390
88391
88393
88397
88399
88403
88405
88406
88410
88413
88415
88416
88418
88419
88420
88421
88423
88424
88425
88427
88429
88431
88433
88434
88436
88443
88444
88447
88448
88449
88452
88454
88456
88458
88459
88461
88462
88463
88465
88468
88471
88473
88474
88475
88476
88477
88481
88483
88484
88485
88487
88488
88489
88491
88498
88499
88500
88501
88503
88504
88506
88508
88509
88511
88516
88517
88519
88524
88527
88528
88532
88539
88544
88549
88556
88558
88560
88562
88564
88565
88566
88569
88572
88574
88580
88583
88584
88585
88586
88587
88588
88589
88592
88594
88595
88596
88597
88599
88603
88605
88606
88607
88610
88612
88613
88614
88615
88616
88617
88619
88621
88623
88625
88626
88629
88630
88632
88636
88637
88638
88639
88640
88641
88643
88644
88645
88646
88647
88648
88656
88659
88660
88661
88662
88664
88666
88668
88670
88673
88675
88677
88678
88679
88680
88681
88682
88684
88686
88688
88689
88690
88691
88693
88695
88702
88703
88704
88705
88707
88710
88711
88714
88716
88717
88718
88720
88721
88722
88723
88724
88726
88729
88736
88738
88742
88743
88747
88750
88752
88754
88757
88758
88761
88764
88768
88769
88772
88777
88779
88780
88783
88786
88787
88789
88790
88791
88793
88794
88796
88797
88798
88799
88802
88803
88804
88808
88809
88811
88816
88819
88821
88823
88824
88825
88826
88829
88830
88831
88833
88837
88839
88842
88844
88845
88848
88850
88853
88854
88856
88857
88858
88862
88864
88866
88867
88872
88874
88880
88881
88885
88886
88887
88888
88891
88893
88895
88897
88900
88901
88903
88904
88906
88908
88910
88911
88917
88918
88919
88920
88922
88923
88924
88930
88931
88933
88935
88937
88942
88943
88945
88946
88948
88951
88954
88959
88960
88961
88967
88968
88970
88972
88976
88977
88978
88979
88980
88982
88984
88986
88987
88988
88990
88991
88992
88993
88995
88997
88999
89000
89004
89006
89008
89009
89010
89011
89013
89014
89016
89019
89020
89024
89025
89026
89030
89032
89033
89037
89038
89039
89041
89042
89043
89044
89045
89051
89052
89054
89056
89057
89058
89060
89061
89062
89064
89065
89067
89069
89072
89074
89077
89079
89081
89082
89084
89091
89092
89094
89095
89096
89097
89098
89101
89102
89103
89106
89107
89110
89112
89113
89116
89118
89120
89121
89124
89125
89126
89128
89132
89134
89135
89137
89140
89142
89144
89146
89152
89156
89157
89160
89162
89163
89164
89169
89176
89177
89180
89182
89184
89185
89186
89187
89190
89193
89196
89197
89198
89199
89201
89203
89206
89210
89211
89214
89215
89216
89219
89224
89225
89226
89227
89229
89230
89234
89235
89236
89238
89241
89244
89248
89249
89250
89251
89252
89254
89255
89256
89260
89262
89263
89264
89265
89269
89271
89273
89275
89276
89278
89284
89287
89289
89290
89292
89293
89294
89295
89296
89297
89299
89300
89302
89305
89306
89308
89310
89311
89313
89314
89315
89321
89325
89328
89330
89331
89334
89337
89338
89342
89343
89344
89345
89348
89350
89352
89355
89357
89359
89360
89361
89362
89366
89369
89372
89375
89376
89377
89378
89379
89380
89382
89383
89386
89388
89389
89391
89393
89395
89397
89404
89408
89410
89411
89412
89417
89418
89422
89423
89425
89426
89433
89434
89435
89436
89437
89441
89443
89447
89450
89451
89452
89453
89454
89457
89461
89462
89463
89465
89466
89471
89477
89480
89487
89488
89489
89490
89493
89494
89495
89496
89497
89499
89500
89501
89504
89507
89509
89511
89512
89514
89517
89518
89520
89521
89522
89527
89529
89530
89532
89533
89534
89535
89537
89539
89540
89542
89543
89544
89546
89547
89548
89549
89550
89552
89553
89554
89556
89557
89559
89561
89562
89564
89565
89567
89570
89572
89573
89578
89579
89581
89585
89586
89592
89596
89601
89602
89605
89606
89608
89609
89610
89612
89614
89617
89619
89621
89622
89625
89631
89632
89633
89634
89637
89640
89641
89644
89646
89649
89654
89655
89658
89659
89660
89661
89663
89667
89668
89670
89671
89673
89674
89675
89679
89681
89685
89690
89692
89694
89696
89697
89699
89701
89703
89707
89708
89709
89710
89711
89712
89716
89720
89722
89723
89725
89726
89728
89729
89731
89732
89734
89738
89746
89747
89748
89752
89754
89758
89759
89762
89764
89766
89768
89769
89772
89776
89778
89781
89782
89783
89784
89785
89787
89788
89789
89790
89791
89792
89797
89798
89799
89805
89810
89811
89812
89813
89815
89817
89820
89821
89823
89824
89827
89828
89830
89832
89833
89836
89838
89840
89841
89843
89846
89848
89849
89850
89852
89854
89858
89859
89860
89861
89862
89870
89871
89875
89876
89877
89878
89880
89881
89884
89886
89893
89896
89900
89901
89902
89903
89906
89908
89909
89910
89913
89920
89921
89925
89928
89930
89933
89939
89940
89942
89943
89944
89947
89948
89951
89954
89956
89962
89964
89969
89970
89972
89973
89975
89976
89977
89978
89980
89983
89985
89986
89987
89990
89991
89992
89993
89995
89997
90001
90003
90004
90008
90009
90010
90011
90012
90013
90015
90018
90021
90023
90024
90025
90028
90031
90032
90038
90039
90041
90043
90045
90046
90047
90048
90049
90050
90051
90053
90055
90056
90058
90060
90062
90066
90069
90070
90072
90073
90074
90079
90081
90082
90084
90086
90087
90088
90089
90091
90092
90094
90102
90106
90108
90111
90117
90119
90121
90122
90124
90125
90126
90127
90129
90130
90131
90134
90136
90141
90143
90148
90154
90155
90158
90160
90161
90163
90166
90169
90170
90171
90173
90174
90175
90180
90182
90185
90186
90187
90194
90195
90196
90200
90204
90205
90206
90207
90208
90210
90211
90212
90213
90214
90217
90218
90219
90222
90223
90225
90230
90231
90233
90234
90235
90239
90240
90241
90246
90247
90248
90249
90250
90251
90254
90255
90257
90258
90259
90261
90265
90268
90269
90270
90274
90275
90276
90277
90279
90280
90281
90282
90283
90286
90289
90290
90292
90294
90295
90297
90299
90300
90301
90303
90304
90308
90310
90311
90312
90313
90315
90317
90319
90321
90322
90324
90326
90327
90329
90330
90335
90338
90340
90342
90343
90345
90348
90350
90351
90354
90355
90356
90358
90359
90361
90364
90366
90367
90368
90371
90375
90379
90382
90383
90384
90387
90388
90389
90391
90393
90396
90397
90398
90399
90400
90401
90402
90403
90405
90406
90407
90410
90412
90415
90416
90420
90421
90422
90424
90426
90427
90428
90429
90430
90432
90434
90438
90439
90440
90441
90444
90445
90448
90449
90452
90453
90454
90462
90463
90464
90465
90470
90472
90475
90479
90481
90482
90484
90487
90489
90490
90492
90493
90495
90499
90500
90501
90505
90507
90508
90509
90514
90515
90516
90518
90521
90523
90524
90525
90526
90527
90532
90533
90534
90535
90536
90538
90541
90543
90544
90545
90546
90551
90556
90557
90560
90565
90568
90570
90571
90572
90575
90577
90578
90580
90581
90584
90586
90587
90588
90592
90593
90596
90600
90601
90603
90604
90605
90608
90612
90613
90614
90616
90617
90618
90619
90621
90628
90629
90631
90635
90638
90640
90642
90643
90645
90647
90648
90649
90650
90655
90656
90659
90665
90666
90667
90668
90672
90675
90676
90679
90680
90681
90685
90686
90692
90697
90701
90704
90711
90713
90716
90717
90723
90725
90728
90730
90731
90734
90738
90740
90742
90743
90745
90746
90749
90752
90753
90756
90757
90758
90759
90763
90765
90767
90769
90771
90773
90774
90775
90778
90779
90784
90786
90788
90792
90793
90794
90797
90799
90801
90804
90805
90806
90807
90809
90811
90813
90814
90816
90817
90819
90822
90823
90824
90825
90829
90833
90835
90836
90837
90838
90839
90841
90844
90845
90850
90851
90853
90854
90856
90857
90858
90860
90863
90864
90866
90868
90870
90872
90876
90877
90878
90879
90881
90886
90889
90890
90892
90894
90896
90899
90900
90903
90906
90910
90912
90914
90915
90916
90918
90919
90920
90921
90922
90923
90924
90925
90927
90936
90937
90939
90944
90945
90948
90950
90951
90952
90953
90954
90957
90960
90963
90964
90965
90966
90968
90969
90971
90972
90974
90975
90977
90978
90980
90982
90983
90985
90986
90987
90989
90992
90994
90995
90996
91000
91001
91004
91005
91006
91007
91008
91009
91014
91018
91019
91020
91021
91027
91031
91032
91035
91036
91040
91042
91048
91051
91052
91056
91058
91059
91060
91062
91063
91066
91067
91068
91069
91072
91073
91075
91076
91077
91078
91081
91083
91084
91086
91087
91088
91090
91094
91096
91097
91101
91102
91106
91107
91108
91110
91118
91119
91121
91122
91123
91124
91126
91128
91130
91131
91132
91133
91135
91136
91137
91138
91140
91142
91143
91145
91146
91147
91149
91152
91154
91155
91156
91157
91158
91163
91164
91167
91168
91169
91170
91171
91172
91175
91177
91179
91181
91183
91188
91190
91191
91193
91194
91195
91198
91201
91202
91203
91204
91205
91206
91208
91209
91211
91213
91215
91216
91220
91221
91222
91223
91224
91225
91230
91233
91235
91240
91241
91242
91244
91245
91247
91248
91251
91253
91254
91255
91261
91263
91265
91266
91267
91268
91272
91273
91277
91278
91280
91282
91283
91287
91288
91289
91291
91292
91293
91294
91295
91298
91299
91300
91302
91304
91306
91309
91315
91317
91318
91319
91320
91323
91326
91327
91328
91330
91332
91336
91338
91340
91342
91343
91344
91346
91350
91355
91357
91358
91361
91363
91365
91367
91371
91372
91373
91375
91379
91381
91383
91384
91386
91388
91391
91392
91396
91397
91398
91399
91400
91404
91405
91407
91408
91411
91412
91418
91424
91425
91430
91432
91433
91435
91437
91438
91439
91444
91448
91449
91454
91455
91456
91458
91459
91463
91465
91468
91471
91472
91475
91476
91477
91481
91485
91486
91487
91490
91494
91495
91496
91498
91499
91500
91501
91502
91503
91507
91508
91511
91513
91516
91517
91518
91520
91526
91528
91530
91534
91535
91536
91540
91542
91546
91547
91548
91549
91550
91551
91553
91554
91555
91556
91558
91560
91562
91565
91566
91569
91571
91572
91574
91575
91576
91577
91580
91582
91583
91585
91586
91588
91589
91590
91592
91594
91598
91599
91600
91601
91602
91603
91605
91607
91610
91611
91612
91613
91616
91618
91621
91622
91623
91624
91627
91629
91630
91631
91632
91635
91637
91638
91640
91645
91646
91647
91648
91652
91658
91660
91664
91666
91669
91670
91671
91672
91673
91675
91682
91683
91684
91686
91692
91694
91696
91698
91700
91701
91702
91703
91704
91707
91708
91710
91714
91715
91720
91723
91725
91728
91730
91733
91734
91735
91738
91740
91743
91748
91749
91752
91754
91756
91757
91760
91762
91763
91764
91765
91766
91768
91769
91771
91772
91774
91775
91776
91779
91781
91782
91783
91784
91786
91787
91788
91789
91790
91792
91793
91794
91795
91797
91798
91800
91801
91802
91804
91805
91806
91807
91811
91815
91816
91818
91820
91821
91822
91823
91825
91826
91829
91831
91832
91835
91836
91839
91840
91841
91846
91848
91849
91850
91851
91854
91855
91856
91857
91860
91861
91863
91864
91867
91868
91870
91871
91872
91876
91877
91879
91881
91882
91885
91886
91887
91888
91889
91890
91891
91892
91901
91905
91908
91909
91910
91912
91914
91916
91919
91920
91923
91925
91928
91931
91934
91935
91936
91938
91939
91942
91943
91944
91945
91946
91947
91949
91952
91953
91954
91958
91959
91963
91964
91968
91971
91972
91975
91976
91977
91978
91980
91981
91983
91986
91988
91989
91991
91992
91994
91999
92000
92001
92002
92005
92007
92009
92010
92011
92012
92013
92014
92016
92017
92019
92021
92022
92024
92025
92027
92028
92029
92031
92032
92033
92035
92036
92037
92038
92039
92040
92041
92042
92043
92044
92051
92054
92055
92056
92058
92059
92062
92063
92066
92068
92069
92070
92072
92074
92075
92077
92079
92080
92083
92084
92085
92086
92089
92092
92094
92096
92099
92101
92103
92104
92106
92107
92112
92114
92115
92117
92119
92122
92123
92125
92127
92128
92130
92132
92133
92139
92141
92142
92149
92151
92153
92154
92155
92157
92159
92160
92161
92162
92163
92168
92170
92171
92172
92174
92176
92177
92179
92181
92187
92188
92189
92191
92194
92195
92196
92197
92198
92200
92202
92205
92206
92207
92208
92211
92212
92214
92215
92220
92222
92226
92231
92233
92237
92241
92242
92243
92244
92245
92248
92249
92251
92255
92260
92262
92264
92266
92267
92270
92271
92273
92275
92280
92287
92290
92292
92296
92300
92303
92304
92305
92306
92308
92312
92315
92319
92321
92323
92325
92326
92327
92330
92332
92333
92336
92338
92340
92343
92346
92347
92348
92351
92352
92354
92355
92357
92358
92363
92365
92366
92368
92370
92376
92378
92379
92380
92383
92386
92389
92391
92394
92395
92396
92397
92400
92405
92407
92412
92413
92415
92416
92417
92418
92421
92422
92423
92425
92428
92430
92431
92432
92437
92438
92440
92442
92443
92444
92447
92454
92458
92466
92469
92471
92475
92480
92481
92482
92483
92485
92486
92492
92496
92497
92499
92501
92502
92503
92505
92511
92512
92513
92519
92520
92521
92524
92525
92528
92530
92534
92539
92540
92546
92547
92550
92551
92553
92556
92557
92558
92562
92563
92569
92570
92571
92574
92576
92577
92580
92582
92585
92587
92588
92589
92591
92593
92594
92598
92602
92604
92605
92606
92609
92612
92614
92615
92616
92618
92623
92626
92627
92628
92632
92634
92636
92637
92641
92644
92645
92646
92647
92648
92649
92651
92653
92655
92659
92660
92663
92665
92667
92672
92673
92676
92678
92679
92680
92681
92682
92683
92684
92686
92689
92690
92691
92694
92697
92703
92704
92705
92706
92708
92711
92713
92716
92717
92722
92724
92727
92729
92730
92733
92734
92735
92739
92740
92741
92742
92743
92744
92745
92747
92750
92751
92757
92758
92759
92760
92761
92764
92765
92767
92768
92770
92771
92772
92773
92777
92782
92785
92786
92787
92788
92789
92792
92793
92794
92797
92800
92804
92808
92809
92811
92812
92813
92814
92816
92818
92819
92821
92824
92825
92826
92829
92830
92832
92834
92836
92838
92839
92842
92844
92845
92846
92855
92856
92857
92858
92860
92864
92865
92868
92872
92873
92874
92875
92876
92877
92879
92881
92882
92883
92886
92887
92888
92889
92890
92891
92893
92894
92896
92897
92898
92899
92900
92903
92905
92907
92908
92909
92912
92916
92919
92922
92923
92926
92933
92937
92938
92940
92944
92945
92950
92953
92955
92957
92958
92961
92962
92963
92965
92966
92967
92968
92969
92970
92971
92974
92978
92980
92981
92986
92987
92990
92993
92994
92998
93001
93002
93003
93005
93007
93009
93010
93011
93012
93014
93015
93016
93018
93020
93021
93022
93024
93025
93028
93029
93031
93032
93033
93037
93038
93040
93042
93043
93044
93046
93047
93048
93049
93051
93052
93053
93056
93060
93061
93063
93064
93069
93070
93072
93076
93078
93080
93081
93082
93083
93084
93087
93091
93094
93095
93096
93099
93100
93102
93104
93108
93112
93114
93118
93120
93121
93122
93124
93125
93126
93127
93130
93132
93133
93134
93136
93138
93144
93145
93147
93150
93151
93152
93155
93156
93157
93160
93163
93165
93166
93168
93169
93170
93174
93175
93176
93177
93181
93182
93183
93184
93186
93187
93188
93190
93191
93195
93196
93197
93198
93202
93204
93205
93209
93210
93212
93213
93215
93216
93219
93221
93222
93223
93225
93226
93230
93234
93236
93241
93242
93244
93248
93250
93251
93252
93253
93254
93255
93261
93266
93270
93271
93274
93275
93276
93277
93280
93281
93284
93286
93291
93296
93298
93302
93308
93309
93314
93315
93317
93318
93319
93320
93322
93323
93325
93327
93328
93329
93331
93333
93335
93336
93339
93341
93342
93343
93348
93351
93353
93355
93357
93358
93359
93362
93363
93365
93366
93367
93370
93371
93373
93376
93378
93381
93382
93383
93385
93386
93387
93388
93391
93393
93394
93395
93396
93398
93400
93401
93402
93407
93409
93413
93415
93417
93418
93419
93421
93422
93425
93427
93429
93431
93432
93433
93436
93437
93441
93443
93444
93445
93447
93452
93453
93456
93457
93459
93460
93461
93463
93464
93465
93466
93470
93475
93482
93485
93486
93487
93488
93490
93492
93493
93494
93498
93499
93501
93503
93504
93507
93514
93516
93517
93523
93524
93526
93528
93529
93530
93532
93534
93536
93541
93543
93546
93552
93554
93555
93558
93561
93563
93565
93568
93569
93571
93572
93576
93577
93579
93586
93590
93596
93598
93599
93603
93604
93606
93607
93608
93612
93614
93617
93620
93623
93627
93628
93631
93633
93634
93636
93637
93638
93642
93644
93645
93647
93648
93649
93650
93652
93657
93658
93659
93660
93661
93662
93663
93665
93667
93669
93671
93672
93674
93676
93678
93679
93681
93682
93684
93685
93690
93691
93692
93693
93694
93695
93697
93699
93700
93701
93703
93704
93705
93706
93708
93709
93710
93711
93713
93714
93716
93720
93721
93722
93724
93725
93726
93727
93733
93734
93735
93737
93738
93739
93740
93742
93743
93745
93747
93748
93752
93753
93756
93757
93759
93761
93762
93763
93764
93765
93767
93770
93771
93772
93774
93775
93777
93779
93782
93783
93787
93791
93792
93794
93796
93798
93801
93803
93806
93807
93809
93814
93815
93819
93820
93825
93827
93831
93832
93833
93834
93835
93837
93838
93839
93841
93842
93843
93845
93846
93847
93849
93850
93853
93854
93855
93858
93859
93860
93862
93867
93868
93869
93871
93872
93874
93875
93876
93877
93879
93880
93881
93882
93885
93886
93887
93888
93889
93890
93894
93895
93896
93897
93900
93904
93907
93909
93912
93915
93916
93917
93919
93920
93921
93923
93924
93926
93927
93930
93931
93933
93934
93937
93938
93939
93942
93945
93950
93953
93954
93957
93959
93961
93965
93966
93968
93969
93970
93972
93974
93976
93977
93978
93981
93983
93984
93985
93987
93992
93997
93998
94000
94001
94003
94008
94011
94015
94017
94021
94022
94025
94026
94027
94028
94031
94033
94034
94036
94042
94045
94046
94049
94050
94052
94053
94054
94056
94058
94060
94061
94064
94066
94070
94072
94074
94077
94078
94079
94080
94081
94082
94085
94086
94087
94088
94091
94092
94094
94095
94098
94100
94101
94103
94104
94105
94107
94108
94110
94112
94113
94114
94115
94118
94119
94120
94121
94123
94127
94130
94132
94134
94136
94137
94141
94143
94144
94146
94149
94150
94153
94155
94156
94157
94162
94169
94179
94184
94189
94190
94191
94192
94196
94198
94199
94200
94201
94204
94206
94207
94208
94210
94212
94214
94215
94217
94219
94220
94221
94225
94227
94229
94230
94233
94234
94235
94236
94237
94243
94246
94248
94251
94252
94255
94256
94257
94259
94263
94265
94268
94269
94270
94273
94275
94277
94278
94281
94282
94285
94287
94289
94291
94293
94294
94295
94296
94302
94305
94306
94307
94308
94311
94312
94313
94314
94315
94316
94317
94319
94321
94322
94323
94325
94326
94327
94328
94329
94330
94331
94333
94337
94339
94340
94341
94344
94345
94346
94347
94348
94350
94351
94354
94355
94356
94358
94359
94360
94361
94362
94365
94366
94368
94371
94372
94377
94379
94380
94384
94385
94386
94387
94388
94389
94391
94392
94393
94394
94395
94401
94402
94403
94404
94405
94406
94408
94409
94411
94413
94414
94416
94418
94419
94420
94422
94424
94425
94426
94429
94430
94431
94435
94436
94437
94442
94443
94445
94446
94447
94448
94449
94452
94456
94457
94464
94465
94466
94467
94470
94471
94472
94476
94477
94479
94480
94481
94482
94488
94489
94490
94491
94492
94493
94494
94496
94497
94501
94502
94508
94509
94510
94511
94513
94514
94515
94516
94517
94518
94519
94520
94521
94523
94525
94526
94527
94533
94534
94535
94537
94538
94541
94546
94548
94551
94552
94553
94554
94556
94557
94558
94560
94562
94564
94565
94566
94568
94569
94571
94572
94573
94575
94577
94579
94581
94585
94587
94588
94589
94590
94593
94594
94595
94596
94599
94600
94602
94603
94604
94607
94610
94611
94613
94615
94619
94620
94624
94627
94628
94635
94637
94638
94640
94641
94642
94645
94649
94656
94660
94661
94662
94663
94664
94668
94670
94671
94674
94675
94676
94677
94680
94682
94684
94685
94686
94689
94690
94691
94692
94693
94698
94699
94700
94705
94707
94711
94712
94714
94715
94716
94717
94720
94723
94724
94726
94728
94729
94732
94736
94738
94740
94741
94742
94746
94747
94748
94750
94753
94754
94755
94758
94759
94761
94762
94763
94764
94765
94767
94768
94770
94772
94773
94774
94775
94777
94778
94781
94786
94790
94791
94792
94793
94795
94796
94797
94800
94802
94803
94805
94807
94808
94809
94810
94813
94814
94815
94816
94818
94825
94827
94828
94835
94837
94839
94840
94845
94846
94847
94848
94853
94855
94856
94858
94860
94866
94867
94868
94870
94871
94873
94879
94880
94881
94882
94887
94888
94889
94890
94893
94894
94896
94897
94899
94900
94903
94904
94905
94906
94907
94908
94909
94910
94911
94912
94913
94914
94919
94922
94924
94925
94926
94927
94928
94931
94934
94935
94939
94940
94942
94945
94946
94947
94950
94951
94953
94954
94956
94958
94959
94961
94964
94965
94967
94969
94971
94972
94973
94974
94975
94976
94980
94982
94984
94985
94987
94990
94991
94993
94994
94995
94997
95000
95002
95004
95006
95007
95008
95009
95011
95012
95015
95018
95019
95020
95021
95022
95023
95027
95029
95030
95032
95033
95037
95038
95040
95044
95045
95047
95050
95053
95054
95061
95063
95064
95067
95068
95069
95072
95075
95083
95084
95085
95087
95089
95090
95093
95094
95096
95098
95102
95103
95104
95106
95107
95108
95109
95110
95111
95114
95120
95125
95128
95131
95132
95134
95136
95139
95144
95152
95159
95162
95165
95166
95167
95168
95169
95170
95173
95175
95176
95177
95178
95179
95180
95185
95186
95190
95191
95194
95196
95202
95203
95204
95206
95207
95208
95209
95212
95214
95217
95218
95221
95222
95225
95226
95228
95229
95230
95231
95232
95238
95241
95242
95244
95245
95246
95249
95251
95254
95256
95257
95259
95260
95263
95264
95268
95270
95271
95272
95274
95275
95276
95277
95278
95281
95283
95284
95286
95287
95288
95289
95290
95291
95292
95293
95297
95300
95304
95305
95307
95308
95309
95310
95312
95313
95318
95319
95320
95321
95323
95327
95330
95331
95332
95333
95336
95337
95339
95343
95347
95348
95351
95353
95354
95356
95358
95359
95362
95365
95366
95367
95369
95371
95372
95373
95375
95376
95377
95379
95383
95384
95387
95388
95389
95390
95394
95398
95399
95400
95401
95406
95407
95408
95409
95410
95412
95413
95416
95417
95420
95424
95425
95427
95428
95429
95430
95431
95433
95434
95435
95436
95438
95439
95444
95447
95449
95452
95453
95455
95456
95457
95458
95460
95463
95465
95466
95467
95468
95469
95471
95472
95474
95475
95476
95484
95488
95491
95496
95497
95498
95500
95501
95502
95504
95506
95507
95510
95511
95512
95514
95515
95523
95525
95526
95527
95528
95529
95530
95531
95533
95535
95536
95538
95540
95541
95542
95543
95544
95546
95549
95550
95552
95553
95554
95559
95561
95563
95564
95566
95567
95568
95569
95570
95571
95574
95576
95577
95585
95587
95588
95590
95591
95592
95593
95595
95597
95598
95599
95603
95604
95606
95608
95609
95613
95614
95615
95618
95619
95620
95621
95625
95626
95627
95628
95629
95630
95631
95633
95634
95635
95639
95640
95641
95642
95643
95646
95647
95651
95653
95655
95657
95661
95664
95667
95668
95673
95676
95677
95678
95679
95683
95684
95686
95689
95690
95694
95695
95697
95699
95700
95703
95704
95710
95711
95712
95713
95715
95716
95717
95718
95722
95723
95725
95726
95727
95729
95730
95732
95736
95737
95739
95740
95741
95742
95743
95744
95747
95751
95755
95756
95758
95760
95761
95764
95767
95768
95769
95771
95772
95773
95775
95778
95779
95780
95785
95786
95791
95793
95794
95795
95797
95798
95800
95802
95804
95806
95807
95812
95813
95814
95817
95819
95820
95823
95825
95829
95831
95832
95834
95836
95837
95838
95839
95842
95845
95848
95849
95850
95851
95855
95856
95858
95859
95860
95863
95864
95865
95867
95868
95870
95871
95872
95873
95874
95875
95876
95877
95878
95879
95880
95884
95885
95889
95892
95893
95894
95895
95896
95897
95899
95902
95903
95904
95906
95916
95917
95919
95920
95921
95930
95931
95936
95937
95938
95939
95940
95945
95947
95948
95950
95951
95952
95953
95956
95958
95959
95961
95962
95963
95965
95968
95971
95972
95973
95974
95976
95978
95979
95980
95981
95984
95985
95986
95990
95992
95993
95996
95998
95999
96000
96001
96002
96003
96006
96009
96013
96014
96015
96017
96018
96030
96031
96032
96035
96036
96038
96040
96042
96046
96047
96048
96051
96055
96057
96058
96059
96062
96064
96066
96067
96070
96074
96076
96077
96081
96087
96095
96096
96097
96098
96104
96105
96107
96112
96113
96118
96120
96122
96124
96126
96128
96129
96132
96133
96134
96135
96136
96137
96139
96151
96152
96153
96156
96159
96160
96162
96164
96165
96172
96177
96180
96181
96185
96187
96194
96195
96197
96198
96199
96200
96201
96204
96205
96209
96210
96211
96212
96213
96214
96215
96219
96222
96223
96227
96228
96229
96230
96231
96235
96240
96241
96242
96244
96247
96248
96249
96250
96252
96255
96256
96260
96261
96262
96263
96264
96265
96268
96277
96278
96280
96282
96283
96290
96291
96293
96294
96299
96305
96307
96308
96314
96317
96322
96323
96324
96325
96326
96331
96332
96334
96337
96338
96339
96343
96344
96348
96351
96352
96353
96357
96358
96360
96362
96364
96365
96366
96367
96368
96373
96374
96375
96376
96377
96382
96384
96385
96387
96388
96389
96390
96392
96394
96396
96400
96401
96402
96405
96406
96407
96408
96409
96412
96414
96415
96420
96421
96423
96425
96428
96429
96430
96431
96432
96437
96438
96439
96440
96445
96447
96448
96449
96451
96452
96454
96456
96457
96461
96462
96463
96465
96468
96469
96472
96473
96475
96479
96480
96482
96483
96484
96490
96491
96492
96494
96497
96502
96503
96504
96506
96507
96508
96509
96510
96516
96517
96522
96524
96525
96527
96531
96535
96538
96539
96542
96543
96544
96545
96547
96548
96551
96552
96553
96554
96555
96558
96561
96562
96563
96564
96566
96567
96568
96571
96572
96573
96575
96576
96578
96580
96581
96587
96591
96593
96597
96600
96601
96602
96603
96604
96606
96607
96612
96614
96615
96616
96619
96620
96621
96622
96623
96624
96626
96627
96628
96630
96637
96639
96641
96644
96646
96647
96648
96652
96653
96654
96656
96657
96659
96664
96668
96669
96670
96673
96674
96676
96678
96680
96681
96687
96688
96689
96692
96693
96694
96697
96701
96702
96705
96706
96710
96711
96713
96714
96716
96717
96719
96721
96722
96723
96725
96726
96729
96735
96741
96742
96744
96745
96749
96750
96751
96752
96754
96755
96757
96758
96760
96763
96765
96768
96769
96770
96771
96775
96777
96778
96780
96781
96784
96788
96790
96791
96792
96795
96797
96798
96804
96809
96810
96813
96815
96816
96818
96819
96822
96824
96825
96826
96829
96830
96831
96833
96836
96838
96840
96842
96844
96847
96848
96849
96850
96854
96855
96858
96859
96860
96862
96863
96864
96867
96868
96869
96870
96871
96875
96877
96878
96881
96882
96884
96886
96889
96890
96892
96893
96894
96896
96897
96899
96900
96903
96905
96906
96908
96909
96912
96915
96917
96919
96921
96923
96924
96925
96927
96929
96931
96932
96934
96935
96936
96938
96939
96940
96946
96949
96953
96954
96955
96956
96958
96959
96960
96961
96962
96963
96964
96965
96968
96969
96970
96971
96972
96976
96977
96979
96984
96985
96986
96987
96991
96996
97000
97001
97002
97005
97007
97009
97012
97017
97020
97021
97023
97027
97030
97031
97034
97035
97037
97039
97045
97046
97049
97050
97051
97053
97055
97059
97060
97061
97063
97064
97066
97069
97071
97072
97074
97076
97078
97082
97088
97090
97096
97097
97098
97100
97106
97108
97111
97112
97114
97116
97117
97123
97124
97125
97126
97129
97130
97132
97134
97135
97138
97139
97143
97144
97145
97146
97150
97151
97152
97153
97154
97155
97156
97159
97160
97161
97165
97169
97172
97176
97178
97180
97183
97184
97186
97189
97192
97195
97196
97197
97198
97199
97200
97208
97210
97211
97212
97217
97218
97219
97221
97228
97229
97232
97233
97234
97235
97236
97238
97240
97241
97243
97244
97247
97248
97249
97251
97252
97253
97254
97256
97260
97262
97267
97269
97272
97273
97274
97277
97281
97283
97286
97288
97290
97293
97294
97295
97296
97297
97300
97301
97302
97303
97305
97309
97312
97314
97315
97319
97320
97322
97325
97327
97328
97335
97336
97337
97338
97339
97343
97347
97351
97354
97358
97360
97361
97363
97364
97365
97366
97367
97368
97369
97370
97371
97373
97377
97378
97380
97381
97382
97384
97388
97392
97393
97394
97395
97396
97401
97403
97405
97407
97408
97411
97413
97416
97418
97419
97425
97427
97428
97430
97431
97434
97436
97437
97438
97442
97443
97447
97450
97455
97456
97459
97460
97462
97465
97466
97471
97472
97475
97476
97477
97479
97480
97484
97485
97486
97487
97495
97496
97497
97498
97503
97504
97505
97511
97512
97515
97516
97519
97520
97521
97522
97525
97526
97527
97528
97529
97531
97532
97533
97537
97538
97540
97542
97544
97547
97551
97552
97553
97556
97557
97558
97559
97565
97566
97569
97571
97575
97576
97577
97584
97586
97588
97589
97591
97592
97593
97594
97595
97596
97600
97601
97602
97604
97605
97607
97609
97610
97614
97616
97618
97621
97624
97626
97627
97631
97632
97633
97634
97636
97638
97640
97641
97642
97644
97647
97649
97651
97653
97656
97660
97662
97663
97667
97668
97669
97670
97675
97678
97679
97680
97681
97685
97690
97695
97696
97702
97704
97705
97706
97712
97713
97716
97718
97720
97727
97728
97729
97730
97731
97732
97733
97735
97736
97738
97739
97740
97741
97742
97743
97744
97746
97747
97748
97749
97750
97755
97760
97762
97764
97768
97769
97770
97771
97772
97773
97776
97777
97779
97780
97781
97782
97784
97786
97789
97791
97792
97794
97798
97799
97800
97805
97808
97810
97812
97814
97816
97820
97821
97823
97825
97826
97830
97833
97834
97836
97840
97841
97842
97843
97845
97846
97847
97849
97850
97851
97853
97854
97857
97859
97861
97863
97864
97869
97870
97876
97879
97880
97882
97883
97884
97886
97888
97892
97893
97896
97897
97898
97900
97902
97904
97905
97909
97911
97915
97916
97920
97921
97922
97923
97927
97928
97929
97931
97932
97934
97936
97939
97940
97942
97944
97945
97946
97948
97949
97952
97953
97954
97955
97956
97957
97958
97959
97960
97963
97964
97965
97966
97968
97970
97971
97973
97974
97976
97978
97979
97981
97985
97986
97987
97988
97990
97991
97992
97993
97994
97997
97998
98001
98005
98006
98011
98012
98015
98017
98018
98020
98022
98024
98028
98029
98031
98033
98035
98036
98040
98041
98042
98044
98046
98048
98050
98053
98054
98056
98057
98058
98059
98060
98063
98066
98067
98068
98071
98075
98076
98077
98079
98082
98083
98086
98087
98090
98092
98093
98094
98096
98097
98098
98100
98103
98104
98110
98111
98115
98116
98121
98122
98126
98127
98128
98129
98130
98132
98136
98138
98139
98140
98142
98145
98146
98147
98148
98149
98154
98155
98158
98161
98166
98167
98168
98170
98171
98172
98174
98176
98179
98185
98186
98189
98194
98195
98196
98197
98198
98200
98206
98208
98210
98213
98214
98217
98222
98226
98227
98228
98229
98232
98233
98235
98236
98237
98240
98243
98244
98246
98247
98251
98252
98254
98260
98261
98267
98269
98270
98271
98274
98275
98277
98279
98284
98285
98290
98292
98295
98296
98297
98298
98299
98301
98303
98304
98308
98312
98313
98317
98319
98320
98321
98322
98323
98324
98325
98326
98330
98331
98332
98334
98340
98342
98346
98347
98353
98354
98355
98358
98366
98370
98371
98375
98381
98383
98386
98387
98388
98389
98391
98392
98393
98394
98395
98398
98400
98402
98403
98404
98405
98407
98409
98415
98416
98417
98419
98420
98423
98426
98427
98428
98431
98432
98434
98435
98437
98444
98445
98450
98452
98453
98454
98455
98457
98459
98462
98463
98467
98468
98469
98474
98475
98478
98480
98482
98485
98486
98488
98489
98491
98498
98499
98500
98501
98502
98503
98504
98509
98511
98513
98515
98517
98518
98520
98521
98522
98523
98524
98525
98527
98528
98529
98531
98532
98533
98535
98537
98538
98539
98541
98543
98544
98545
98546
98549
98550
98552
98553
98555
98556
98560
98561
98562
98563
98566
98570
98571
98572
98573
98574
98575
98577
98578
98579
98580
98581
98585
98586
98587
98591
98592
98596
98597
98602
98604
98605
98606
98607
98608
98609
98613
98618
98620
98621
98623
98624
98630
98631
98635
98637
98639
98640
98645
98646
98648
98650
98651
98652
98658
98660
98663
98664
98668
98670
98671
98672
98677
98680
98682
98683
98685
98686
98688
98691
98694
98698
98701
98705
98708
98711
98714
98715
98716
98719
98722
98723
98724
98727
98729
98730
98732
98735
98736
98737
98738
98739
98741
98742
98743
98744
98751
98754
98755
98756
98757
98761
98762
98763
98765
98768
98770
98771
98772
98773
98776
98780
98781
98783
98784
98785
98787
98789
98790
98796
98797
98799
98800
98802
98809
98814
98816
98818
98820
98822
98824
98825
98827
98829
98830
98831
98832
98833
98834
98836
98838
98844
98846
98850
98855
98856
98857
98859
98860
98862
98863
98864
98865
98866
98867
98868
98870
98871
98876
98877
98878
98879
98883
98885
98888
98894
98896
98897
98901
98902
98903
98904
98905
98906
98908
98911
98913
98914
98915
98916
98917
98921
98925
98928
98929
98931
98934
98937
98938
98940
98941
98942
98944
98951
98952
98954
98957
98961
98964
98968
98970
98971
98972
98973
98975
98976
98977
98978
98980
98982
98983
98984
98988
98989
98990
98992
98993
98995
98997
98998
99000
99001
99002
99003
99009
99010
99014
99015
99016
99019
99022
99023
99024
99028
99030
99031
99032
99033
99035
99037
99038
99042
99043
99044
99045
99046
99048
99050
99051
99052
99053
99054
99055
99057
99059
99060
99064
99065
99066
99067
99070
99071
99073
99074
99075
99079
99080
99082
99084
99085
99090
99091
99093
99095
99096
99097
99099
99101
99103
99104
99105
99108
99109
99112
99113
99114
99115
99122
99128
99129
99133
99135
99137
99139
99143
99144
99146
99147
99149
99153
99154
99165
99167
99168
99170
99177
99179
99180
99184
99185
99186
99191
99192
99195
99199
99201
99202
99203
99207
99210
99211
99212
99215
99218
99219
99221
99222
99223
99226
99228
99229
99230
99232
99233
99234
99238
99240
99243
99245
99246
99247
99248
99250
99251
99252
99257
99261
99264
99265
99270
99271
99272
99273
99274
99276
99277
99278
99280
99282
99283
99284
99285
99286
99287
99289
99290
99291
99292
99296
99297
99300
99301
99306
99308
99313
99314
99315
99316
99320
99323
99324
99325
99326
99327
99328
99330
99331
99333
99335
99339
99340
99341
99346
99347
99350
99354
99355
99356
99357
99358
99363
99364
99368
99369
99370
99371
99373
99374
99376
99377
99378
99382
99384
99387
99389
99394
99395
99399
99404
99406
99411
99412
99413
99414
99415
99416
99417
99418
99423
99424
99426
99428
99430
99431
99432
99433
99434
99436
99440
99442
99444
99445
99449
99452
99453
99454
99457
99461
99466
99467
99470
99471
99473
99481
99483
99485
99491
99492
99494
99495
99497
99502
99503
99504
99507
99509
99510
99511
99512
99514
99516
99517
99521
99524
99527
99530
99531
99532
99533
99536
99538
99540
99542
99543
99545
99546
99547
99548
99549
99550
99551
99553
99554
99555
99556
99558
99559
99560
99561
99563
99566
99568
99570
99571
99572
99573
99574
99576
99578
99580
99582
99585
99586
99589
99590
99594
99596
99598
99599
99600
99605
99606
99609
99610
99611
99612
99614
99615
99616
99618
99619
99620
99621
99622
99625
99627
99628
99629
99630
99634
99640
99641
99644
99645
99647
99649
99652
99654
99655
99656
99657
99659
99661
99662
99665
99668
99669
99672
99673
99675
99679
99682
99683
99684
99686
99687
99690
99691
99694
99696
99699
99702
99703
99704
99705
99707
99709
99710
99711
99713
99714
99716
99717
99718
99720
99722
99723
99724
99725
99727
99728
99729
99730
99732
99735
99746
99748
99750
99751
99753
99754
99755
99756
99757
99758
99759
99760
99762
99764
99766
99767
99772
99774
99776
99777
99779
99780
99782
99783
99784
99785
99787
99788
99793
99794
99795
99798
99800
99802
99804
99805
99806
99811
99812
99814
99816
99817
99819
99823
99825
99826
99827
99828
99829
99830
99832
99833
99835
99836
99838
99840
99842
99844
99846
99848
99849
99850
99852
99855
99860
99863
99864
99867
99869
99871
99872
99873
99874
99875
99882
99883
99884
99885
99886
99891
99892
99894
99899
99900
99901
99902
99903
99906
99911
99912
99914
99915
99917
99918
99921
99926
99928
99930
99931
99932
99934
99936
99937
99940
99942
99945
99947
99948
99949
99950
99951
99952
99954
99957
99962
99964
99965
99967
99970
99976
99978
99979
99980
99986
99987
99990
99991
99992
99994
99997
99998
100001
100006
100011
100013
100014
100015
100018
100019
100021
100024
100025
100026
100027
100028
100029
100030
100031
100035
100038
100039
100043
100046
100050
100055
100057
100061
100062
100065
100071
100074
100076
100078
100080
100082
100084
100086
100089
100091
100093
100094
100095
100096
100098
100101
100102
100103
100107
100109
100110
100112
100113
100120
100122
100124
100125
100126
100127
100128
100129
100130
100131
100134
100135
100137
100138
100139
100140
100141
100142
100143
100146
100148
100149
100151
100152
100159
100160
100163
100166
100167
100168
100169
100171
100176
100177
100178
100180
100181
100182
100184
100185
100187
100188
100189
100190
100193
100196
100199
100200
100202
100205
100208
100213
100221
100222
100225
100227
100228
100232
100238
100239
100241
100243
100245
100247
100249
100250
100255
100256
100263
100264
100267
100270
100272
100276
100278
100279
100280
100281
100282
100283
100284
100288
100289
100300
100301
100302
100303
100308
100309
100310
100311
100314
100315
100316
100317
100320
100321
100327
100328
100335
100336
100340
100343
100348
100350
100351
100352
100357
100359
100363
100364
100365
100366
100368
100370
100372
100373
100376
100377
100378
100380
100381
100385
100386
100389
100390
100393
100395
100399
100403
100404
100405
100406
100407
100408
100409
100412
100415
100416
100418
100419
100420
100421
100422
100424
100426
100427
100429
100434
100437
100438
100441
100444
100448
100449
100450
100451
100455
100456
100457
100458
100462
100463
100466
100467
100468
100469
100470
100471
100473
100474
100475
100476
100480
100483
100484
100485
100486
100487
100488
100491
100492
100493
100496
100498
100499
100501
100505
100507
100508
100509
100510
100515
100516
100518
100519
100520
100522
100524
100527
100528
100529
100530
100531
100532
100540
100541
100544
100545
100548
100549
100550
100552
100555
100556
100558
100564
100568
100569
100571
100573
100574
100579
100582
100583
100584
100585
100586
100588
100589
100590
100592
100595
100598
100601
100602
100607
100612
100613
100614
100618
100619
100620
100621
100624
100626
100627
100631
100633
100634
100635
100637
100640
100643
100644
100645
100647
100650
100652
100656
100658
100659
100660
100661
100662
100663
100666
100669
100672
100674
100675
100676
100678
100684
100685
100687
100688
100689
100695
100698
100701
100704
100706
100708
100709
100710
100711
100716
100717
100718
100720
100721
100728
100730
100732
100735
100736
100738
100741
100742
100744
100745
100747
100748
100749
100751
100754
100756
100757
100758
100763
100764
100767
100768
100769
100775
100776
100778
100779
100780
100782
100783
100786
100787
100788
100790
100791
100793
100794
100795
100796
100798
100801
100802
100808
100810
100813
100814
100815
100816
100817
100818
100819
100820
100821
100825
100828
100832
100833
100839
100843
100850
100851
100853
100854
100855
100858
100860
100864
100865
100868
100870
100872
100873
100874
100878
100880
100881
100882
100884
100885
100887
100889
100890
100892
100893
100894
100895
100896
100897
100899
100901
100904
100906
100907
100909
100910
100911
100913
100915
100917
100918
100919
100922
100924
100925
100928
100931
100933
100934
100936
100939
100940
100943
100948
100949
100952
100954
100955
100958
100960
100965
100967
100969
100970
100971
100972
100973
100974
100975
100978
100979
100980
100981
100982
100985
100987
100989
100992
100993
100995
100996
100998
100999
101002
101005
101006
101008
101009
101010
101014
101015
101016
101018
101020
101021
101022
101023
101024
101025
101026
101027
101031
101032
101033
101034
101035
101038
101042
101043
101044
101049
101050
101054
101055
101058
101059
101063
101064
101066
101067
101069
101071
101072
101074
101076
101078
101079
101081
101083
101084
101087
101088
101091
101092
101093
101094
101096
101099
101102
101103
101104
101106
101108
101109
101110
101111
101113
101118
101120
101121
101123
101124
101127
101129
101130
101136
101138
101142
101144
101145
101146
101147
101149
101151
101153
101154
101155
101156
101162
101163
101165
101166
101169
101170
101173
101174
101179
101182
101184
101186
101188
101189
101193
101195
101198
101204
101206
101207
101208
101210
101212
101213
101215
101216
101217
101224
101225
101227
101229
101230
101231
101232
101234
101236
101237
101238
101240
101241
101244
101248
101249
101250
101251
101254
101255
101259
101260
101261
101263
101264
101265
101268
101271
101272
101273
101275
101276
101280
101282
101283
101286
101287
101290
101292
101295
101297
101304
101309
101311
101315
101316
101317
101318
101322
101323
101324
101326
101327
101328
101332
101336
101338
101340
101341
101343
101344
101345
101346
101347
101348
101349
101350
101352
101353
101356
101358
101359
101361
101362
101366
101368
101369
101372
101373
101375
101377
101378
101379
101380
101381
101382
101384
101385
101387
101389
101392
101394
101396
101398
101402
101403
101407
101408
101412
101414
101416
101418
101420
101421
101422
101423
101424
101435
101437
101438
101440
101441
101446
101448
101449
101450
101451
101452
101454
101458
101459
101460
101461
101462
101466
101467
101469
101471
101474
101475
101476
101477
101478
101480
101481
101482
101486
101488
101493
101496
101499
101500
101501
101503
101504
101508
101509
101513
101514
101516
101521
101522
101523
101525
101526
101528
101530
101531
101532
101533
101535
101538
101539
101542
101544
101546
101548
101549
101550
101553
101554
101559
101561
101564
101566
101568
101571
101574
101577
101579
101580
101582
101583
101584
101585
101588
101589
101591
101592
101594
101595
101597
101598
101599
101606
101608
101614
101616
101617
101619
101621
101622
101624
101628
101629
101630
101632
101634
101635
101636
101639
101640
101643
101645
101646
101652
101653
101654
101657
101660
101661
101662
101664
101668
101676
101677
101679
101681
101683
101684
101686
101687
101689
101690
101691
101692
101693
101695
101697
101698
101701
101702
101703
101704
101709
101711
101712
101714
101715
101717
101719
101720
101721
101725
101726
101727
101729
101731
101732
101734
101736
101738
101739
101740
101742
101744
101745
101747
101748
101749
101754
101755
101756
101761
101763
101766
101767
101769
101770
101772
101773
101774
101775
101776
101779
101782
101783
101785
101787
101789
101790
101791
101792
101793
101794
101795
101797
101798
101799
101801
101804
101806
101807
101808
101811
101814
101815
101816
101817
101818
101819
101825
101831
101832
101834
101837
101841
101842
101844
101845
101846
101852
101854
101855
101859
101860
101861
101862
101863
101864
101869
101870
101871
101872
101874
101878
101880
101881
101882
101883
101884
101885
101889
101890
101894
101901
101902
101905
101907
101909
101911
101914
101915
101919
101921
101922
101923
101927
101929
101931
101932
101933
101935
101937
101938
101939
101940
101941
101942
101944
101945
101947
101948
101950
101952
101953
101955
101957
101958
101960
101961
101962
101964
101966
101968
101970
101971
101972
101973
101978
101981
101982
101987
101988
101989
101990
101993
101994
101996
101998
102000
102004
102005
102008
102009
102011
102014
102015
102017
102023
102024
102025
102026
102027
102030
102033
102035
102036
102041
102042
102043
102046
102050
102051
102053
102055
102057
102059
102063
102066
102067
102068
102071
102072
102073
102074
102075
102076
102081
102084
102086
102089
102090
102094
102096
102097
102098
102100
102101
102103
102107
102108
102110
102113
102114
102117
102120
102121
102124
102128
102130
102132
102134
102135
102138
102139
102140
102144
102153
102159
102161
102162
102163
102164
102165
102166
102168
102169
102170
102172
102173
102175
102177
102179
102180
102182
102184
102185
102190
102192
102194
102197
102198
102199
102200
102201
102203
102204
102205
102206
102209
102216
102218
102219
102220
102222
102223
102224
102225
102229
102232
102233
102235
102237
102239
102241
102242
102245
102247
102248
102250
102254
102257
102258
102261
102265
102267
102271
102273
102275
102276
102277
102278
102280
102281
102284
102286
102287
102293
102295
102296
102297
102298
102300
102303
102304
102305
102306
102308
102309
102314
102315
102317
102319
102320
102321
102324
102325
102326
102327
102330
102332
102334
102335
102336
102337
102339
102341
102344
102345
102348
102349
102350
102352
102354
102357
102358
102359
102360
102361
102362
102363
102365
102371
102372
102373
102374
102375
102376
102377
102378
102380
102384
102385
102387
102388
102390
102391
102392
102394
102400
102403
102410
102413
102416
102417
102419
102421
102422
102424
102427
102429
102430
102431
102438
102440
102442
102443
102445
102447
102449
102452
102455
102456
102457
102458
102460
102462
102465
102469
102474
102481
102483
102484
102485
102486
102488
102490
102491
102493
102494
102495
102498
102499
102500
102502
102505
102507
102508
102509
102510
102512
102515
102519
102521
102522
102523
102527
102528
102529
102530
102531
102532
102535
102537
102538
102546
102548
102549
102552
102553
102556
102559
102560
102561
102562
102563
102564
102566
102569
102571
102574
102575
102576
102577
102578
102579
102581
102584
102585
102586
102587
102588
102590
102591
102593
102595
102596
102597
102605
102607
102608
102609
102611
102612
102616
102617
102623
102624
102627
102628
102629
102630
102631
102632
102633
102636
102638
102639
102641
102645
102649
102652
102653
102654
102658
102660
102661
102662
102664
102665
102667
102672
102674
102676
102678
102680
102682
102683
102684
102688
102689
102692
102695
102696
102698
102699
102703
102704
102706
102707
102709
102710
102711
102712
102718
102719
102720
102724
102726
102727
102729
102730
102732
102735
102741
102743
102744
102746
102749
102750
102753
102754
102755
102759
102764
102765
102766
102767
102768
102770
102775
102776
102777
102778
102781
102787
102789
102791
102793
102795
102797
102798
102799
102802
102804
102805
102806
102809
102812
102814
102815
102816
102818
102820
102825
102826
102827
102828
102833
102834
102837
102838
102839
102840
102841
102843
102845
102846
102847
102848
102849
102851
102852
102855
102856
102857
102858
102859
102860
102862
102863
102868
102869
102870
102871
102872
102874
102875
102878
102881
102882
102883
102885
102886
102888
102889
102890
102901
102902
102903
102905
102906
102907
102908
102909
102910
102913
102914
102916
102917
102918
102926
102927
102930
102931
102934
102935
102937
102940
102942
102944
102945
102948
102951
102954
102955
102958
102959
102960
102961
102962
102963
102966
102969
102973
102975
102978
102980
102982
102983
102985
102986
102988
102990
102992
102995
102996
102999
103000
103001
103003
103004
103005
103006
103008
103009
103011
103015
103016
103017
103018
103021
103022
103027
103029
103030
103031
103032
103035
103036
103037
103039
103043
103046
103048
103049
103050
103053
103054
103055
103057
103059
103060
103063
103067
103068
103069
103070
103071
103073
103074
103075
103080
103082
103083
103084
103086
103087
103089
103090
103092
103093
103096
103097
103099
103100
103101
103102
103105
103106
103107
103110
103112
103113
103114
103115
103116
103117
103120
103121
103123
103124
103127
103129
103131
103132
103133
103134
103135
103137
103140
103141
103143
103144
103148
103154
103155
103156
103158
103160
103161
103163
103164
103165
103166
103168
103171
103173
103174
103175
103176
103177
103181
103182
103184
103193
103194
103196
103197
103201
103203
103208
103209
103210
103215
103216
103219
103220
103221
103223
103224
103225
103227
103230
103234
103235
103236
103237
103243
103246
103247
103249
103251
103252
103254
103255
103257
103258
103259
103260
103261
103262
103263
103265
103270
103271
103275
103279
103280
103281
103284
103294
103296
103297
103301
103303
103304
103305
103306
103308
103309
103316
103318
103319
103320
103321
103322
103323
103324
103325
103326
103338
103345
103347
103348
103349
103353
103354
103355
103358
103361
103362
103367
103370
103373
103377
103378
103380
103382
103383
103390
103393
103394
103396
103397
103398
103404
103405
103406
103408
103409
103411
103412
103416
103418
103420
103422
103423
103424
103425
103427
103429
103433
103434
103435
103436
103437
103439
103441
103442
103443
103444
103446
103447
103450
103454
103456
103457
103458
103459
103460
103463
103465
103466
103467
103470
103471
103473
103476
103477
103480
103481
103484
103486
103490
103492
103494
103496
103497
103498
103499
103500
103502
103503
103505
103506
103508
103510
103515
103517
103518
103519
103521
103523
103527
103528
103530
103532
103533
103535
103538
103541
103542
103544
103546
103550
103552
103553
103554
103557
103562
103564
103565
103567
103569
103570
103571
103572
103573
103574
103575
103576
103577
103578
103580
103581
103582
103583
103585
103589
103590
103591
103592
103595
103596
103601
103602
103603
103604
103605
103606
103607
103609
103611
103612
103613
103614
103617
103618
103619
103620
103621
103622
103623
103624
103628
103637
103644
103646
103647
103650
103652
103654
103656
103658
103659
103660
103662
103664
103665
103668
103669
103670
103671
103678
103681
103682
103683
103688
103689
103690
103693
103694
103695
103697
103703
103704
103705
103706
103707
103709
103711
103713
103714
103716
103717
103719
103721
103724
103725
103727
103730
103732
103735
103736
103737
103738
103739
103744
103747
103752
103753
103754
103756
103758
103759
103760
103764
103765
103771
103774
103777
103778
103779
103780
103783
103788
103789
103790
103792
103794
103795
103796
103800
103803
103804
103807
103808
103809
103812
103813
103819
103821
103822
103823
103824
103830
103831
103832
103833
103834
103836
103839
103841
103842
103843
103844
103850
103851
103852
103854
103855
103862
103863
103865
103867
103869
103870
103872
103876
103878
103881
103883
103886
103887
103888
103889
103890
103891
103892
103894
103895
103898
103901
103904
103906
103908
103909
103912
103913
103919
103921
103922
103926
103927
103928
103931
103933
103934
103935
103937
103939
103941
103943
103945
103946
103947
103948
103950
103952
103953
103954
103955
103956
103957
103958
103960
103963
103964
103966
103968
103973
103976
103977
103978
103979
103981
103989
103995
103997
103998
103999
104001
104002
104003
104005
104008
104010
104011
104013
104014
104017
104021
104024
104025
104027
104028
104030
104031
104032
104034
104035
104036
104039
104041
104043
104045
104046
104047
104048
104049
104050
104051
104052
104059
104060
104062
104065
104068
104069
104071
104073
104075
104076
104077
104082
104084
104089
104091
104092
104094
104095
104096
104098
104100
104101
104102
104104
104105
104106
104107
104108
104109
104113
104116
104117
104124
104126
104127
104128
104129
104130
104131
104133
104134
104135
104136
104137
104138
104139
104140
104141
104142
104143
104144
104148
104149
104150
104151
104154
104155
104157
104159
104161
104162
104164
104166
104167
104168
104171
104177
104178
104180
104183
104184
104188
104190
104191
104197
104201
104202
104203
104204
104208
104210
104212
104214
104217
104218
104219
104223
104224
104225
104226
104229
104231
104233
104236
104237
104238
104240
104245
104248
104249
104251
104253
104257
104259
104261
104264
104266
104267
104269
104270
104272
104279
104281
104282
104284
104286
104288
104289
104290
104296
104297
104298
104299
104300
104304
104305
104306
104311
104312
104313
104314
104316
104317
104319
104323
104324
104325
104326
104327
104329
104331
104332
104333
104336
104337
104343
104345
104346
104347
104348
104351
104354
104358
104360
104363
104366
104367
104368
104370
104372
104375
104378
104383
104385
104388
104390
104391
104392
104393
104394
104395
104397
104401
104406
104407
104410
104411
104415
104416
104417
104418
104419
104421
104424
104425
104426
104427
104428
104429
104431
104432
104433
104436
104439
104442
104443
104445
104446
104447
104448
104449
104451
104455
104456
104457
104458
104459
104460
104464
104466
104467
104468
104473
104474
104475
104477
104479
104481
104486
104489
104490
104491
104492
104493
104495
104496
104500
104502
104504
104510
104511
104514
104518
104522
104523
104524
104525
104526
104528
104529
104530
104532
104534
104538
104539
104540
104542
104545
104548
104550
104553
104556
104557
104559
104563
104565
104569
104570
104571
104572
104573
104574
104576
104578
104579
104580
104581
104582
104584
104586
104587
104588
104589
104590
104592
104596
104597
104598
104600
104602
104606
104607
104609
104610
104611
104613
104614
104615
104616
104619
104622
104623
104624
104626
104627
104628
104630
104631
104633
104636
104639
104644
104652
104654
104655
104656
104658
104659
104664
104666
104667
104669
104670
104671
104672
104673
104674
104676
104682
104683
104687
104689
104690
104691
104692
104695
104696
104697
104698
104699
104700
104703
104707
104709
104710
104711
104713
104714
104715
104716
104718
104725
104726
104727
104729
104735
104738
104739
104743
104745
104746
104749
104752
104756
104757
104762
104766
104767
104768
104770
104774
104776
104777
104781
104782
104783
104785
104786
104787
104788
104790
104791
104792
104793
104794
104795
104796
104797
104799
104800
104802
104803
104804
104805
104806
104807
104812
104813
104815
104816
104817
104820
104821
104826
104827
104830
104834
104835
104840
104842
104846
104848
104849
104850
104852
104854
104855
104856
104858
104859
104863
104864
104865
104870
104871
104873
104874
104876
104877
104882
104883
104885
104888
104889
104890
104893
104897
104898
104900
104901
104903
104904
104910
104912
104913
104914
104915
104917
104919
104921
104922
104924
104925
104926
104928
104930
104932
104938
104939
104942
104944
104945
104947
104948
104949
104951
104952
104956
104957
104958
104959
104960
104965
104966
104970
104973
104974
104976
104977
104978
104983
104984
104987
104989
104990
104992
104993
104995
104999
105000
105001
105002
105004
105006
105008
105010
105013
105016
105017
105018
105020
105024
105026
105028
105031
105032
105033
105035
105036
105037
105040
105041
105042
105043
105044
105045
105046
105048
105049
105051
105052
105056
105058
105062
105063
105065
105066
105069
105070
105071
105075
105077
105081
105082
105083
105085
105087
105089
105090
105091
105093
105094
105095
105097
105102
105103
105107
105110
105112
105119
105121
105123
105124
105125
105126
105127
105131
105132
105133
105134
105137
105139
105141
105144
105147
105148
105149
105153
105155
105156
105159
105161
105164
105167
105168
105170
105175
105179
105180
105182
105183
105185
105189
105190
105192
105193
105194
105195
105196
105197
105198
105205
105207
105208
105209
105211
105212
105215
105218
105219
105220
105222
105224
105229
105232
105233
105235
105236
105237
105238
105239
105240
105241
105244
105247
105249
105250
105253
105255
105258
105260
105261
105262
105265
105266
105267
105268
105270
105271
105272
105273
105274
105277
105279
105280
105283
105284
105290
105293
105297
105300
105303
105304
105305
105306
105309
105316
105320
105321
105323
105327
105328
105330
105334
105337
105338
105340
105341
105342
105343
105346
105347
105350
105351
105353
105354
105355
105356
105357
105359
105361
105364
105365
105367
105369
105371
105372
105373
105378
105379
105380
105382
105384
105386
105387
105388
105391
105392
105395
105398
105399
105400
105402
105403
105405
105407
105408
105409
105410
105412
105413
105415
105416
105420
105422
105425
105426
105428
105429
105435
105437
105438
105444
105447
105448
105457
105458
105459
105460
105461
105463
105464
105465
105470
105471
105472
105474
105475
105476
105478
105479
105480
105482
105484
105486
105488
105491
105492
105493
105494
105495
105498
105500
105501
105505
105508
105509
105511
105512
105515
105516
105517
105518
105520
105521
105524
105525
105530
105532
105533
105535
105537
105538
105541
105542
105544
105548
105549
105550
105551
105553
105554
105555
105558
105559
105560
105561
105562
105563
105566
105567
105568
105569
105571
105573
105575
105578
105580
105581
105582
105583
105584
105585
105588
105591
105592
105593
105594
105595
105598
105599
105603
105604
105605
105607
105610
105611
105612
105614
105615
105617
105619
105621
105622
105624
105625
105626
105629
105630
105632
105635
105638
105639
105640
105641
105649
105651
105653
105657
105662
105665
105669
105670
105672
105673
105674
105675
105677
105680
105681
105682
105683
105686
105687
105688
105689
105690
105691
105696
105698
105700
105701
105703
105704
105707
105708
105709
105710
105714
105715
105716
105719
105723
105726
105727
105728
105729
105732
105734
105738
105739
105740
105742
105744
105745
105749
105750
105751
105752
105755
105757
105758
105759
105761
105762
105764
105766
105767
105768
105769
105770
105771
105772
105774
105776
105778
105779
105781
105782
105784
105786
105789
105790
105792
105793
105796
105797
105799
105802
105803
105809
105812
105816
105818
105819
105821
105822
105827
105828
105830
105831
105838
105840
105841
105843
105844
105845
105847
105848
105851
105852
105855
105857
105858
105861
105863
105865
105866
105868
105870
105871
105873
105874
105878
105882
105886
105890
105891
105892
105895
105896
105897
105898
105899
105900
105901
105903
105905
105909
105910
105912
105913
105914
105915
105917
105919
105920
105925
105929
105935
105936
105937
105940
105941
105942
105943
105944
105945
105947
105949
105952
105953
105954
105955
105956
105957
105958
105959
105960
105961
105963
105970
105971
105972
105973
105974
105975
105976
105980
105981
105983
105984
105988
105990
105992
105993
105994
105995
105996
105997
105998
106002
106004
106005
106006
106009
106011
106012
106013
106016
106017
106018
106022
106024
106026
106027
106032
106033
106034
106035
106036
106037
106040
106042
106043
106044
106046
106048
106053
106055
106059
106060
106061
106063
106064
106067
106068
106069
106070
106071
106073
106074
106079
106080
106081
106084
106087
106088
106089
106093
106094
106096
106097
106100
106101
106103
106104
106105
106106
106112
106114
106115
106119
106120
106121
106129
106130
106131
106133
106135
106136
106137
106138
106140
106145
106146
106147
106149
106150
106154
106160
106161
106165
106169
106171
106172
106174
106177
106181
106182
106184
106185
106186
106188
106192
106194
106195
106198
106199
106200
106202
106210
106214
106216
106217
106220
106222
106223
106224
106226
106227
106228
106230
106232
106233
106234
106235
106236
106239
106241
106242
106243
106244
106245
106246
106252
106254
106255
106256
106258
106261
106264
106266
106268
106269
106270
106272
106273
106276
106277
106278
106279
106281
106283
106284
106285
106287
106288
106289
106291
106293
106294
106295
106298
106299
106300
106301
106303
106305
106306
106307
106308
106309
106317
106321
106322
106325
106326
106327
106330
106331
106333
106337
106338
106339
106340
106341
106342
106343
106346
106349
106351
106352
106353
106355
106362
106364
106365
106366
106368
106369
106372
106375
106376
106379
106380
106381
106382
106388
106389
106395
106396
106397
106400
106401
106402
106403
106404
106406
106408
106411
106412
106414
106415
106416
106418
106419
106422
106423
106427
106428
106430
106432
106434
106436
106438
106441
106442
106443
106445
106448
106451
106453
106454
106456
106457
106461
106465
106466
106475
106476
106477
106480
106482
106483
106485
106486
106487
106488
106489
106491
106492
106493
106494
106497
106498
106500
106504
106505
106506
106508
106509
106512
106514
106516
106517
106519
106520
106521
106522
106523
106525
106527
106528
106530
106531
106532
106534
106535
106540
106541
106542
106543
106545
106546
106547
106548
106549
106551
106552
106554
106555
106559
106566
106568
106571
106572
106573
106577
106579
106582
106583
106585
106587
106590
106597
106599
106603
106604
106605
106606
106607
106608
106609
106613
106616
106617
106618
106619
106620
106622
106629
106631
106632
106634
106637
106639
106648
106651
106653
106657
106659
106665
106668
106669
106670
106671
106673
106676
106679
106681
106682
106683
106685
106687
106688
106689
106691
106693
106696
106699
106701
106705
106706
106709
106710
106712
106713
106714
106718
106721
106722
106723
106724
106728
106730
106731
106732
106733
106734
106736
106738
106739
106740
106741
106743
106745
106746
106749
106750
106752
106753
106756
106757
106761
106762
106763
106769
106771
106775
106778
106779
106784
106786
106789
106790
106793
106794
106795
106796
106798
106800
106801
106802
106804
106809
106812
106813
106815
106816
106817
106818
106824
106825
106826
106828
106830
106832
106836
106837
106838
106839
106840
106844
106846
106850
106852
106853
106854
106857
106858
106859
106860
106861
106867
106868
106869
106870
106871
106874
106876
106877
106878
106881
106882
106883
106886
106887
106888
106891
106893
106895
106896
106897
106899
106901
106902
106906
106909
106912
106913
106914
106916
106919
106920
106922
106924
106925
106928
106931
106932
106933
106936
106937
106939
106940
106941
106947
106948
106950
106951
106952
106953
106954
106955
106956
106958
106960
106962
106963
106964
106966
106970
106971
106974
106975
106976
106977
106978
106980
106981
106983
106985
106987
106991
106993
106995
106996
106998
107002
107003
107005
107008
107009
107010
107014
107016
107018
107020
107021
107025
107028
107029
107030
107034
107036
107040
107043
107045
107046
107047
107049
107051
107053
107054
107056
107058
107059
107062
107063
107064
107065
107070
107075
107076
107077
107078
107079
107080
107083
107086
107087
107088
107089
107090
107092
107093
107096
107099
107103
107104
107106
107107
107108
107109
107117
107119
107120
107121
107124
107126
107127
107128
107134
107136
107138
107139
107141
107143
107145
107147
107149
107150
107151
107152
107154
107155
107156
107157
107160
107161
107162
107164
107166
107167
107170
107174
107176
107177
107178
107179
107182
107184
107185
107186
107189
107190
107192
107196
107198
107200
107201
107206
107214
107216
107219
107222
107223
107226
107227
107229
107232
107235
107242
107245
107246
107248
107249
107254
107256
107260
107262
107263
107264
107265
107268
107269
107271
107272
107274
107276
107278
107279
107280
107283
107285
107286
107290
107291
107292
107293
107295
107298
107299
107303
107304
107305
107307
107308
107310
107312
107314
107316
107317
107319
107320
107323
107327
107328
107329
107330
107332
107335
107336
107337
107341
107344
107345
107346
107347
107349
107351
107353
107354
107357
107358
107361
107365
107367
107368
107370
107371
107372
107374
107378
107379
107382
107384
107387
107389
107391
107392
107394
107397
107398
107402
107403
107406
107408
107411
107412
107413
107414
107415
107416
107417
107421
107422
107423
107424
107427
107429
107430
107435
107438
107439
107442
107444
107445
107449
107451
107454
107455
107456
107457
107459
107460
107463
107464
107465
107473
107476
107478
107479
107489
107490
107494
107497
107498
107500
107501
107502
107504
107505
107506
107507
107508
107509
107512
107515
107517
107520
107521
107522
107524
107526
107530
107534
107538
107539
107542
107543
107546
107549
107550
107553
107554
107557
107558
107560
107563
107566
107569
107572
107573
107577
107580
107583
107584
107586
107588
107589
107591
107593
107597
107598
107599
107603
107604
107605
107608
107612
107613
107614
107615
107616
107617
107619
107620
107621
107622
107623
107624
107630
107633
107636
107641
107644
107647
107650
107652
107654
107658
107664
107666
107667
107668
107669
107670
107671
107673
107677
107679
107680
107681
107682
107684
107686
107689
107690
107691
107693
107695
107696
107698
107699
107700
107701
107702
107704
107709
107710
107711
107712
107714
107715
107717
107718
107721
107723
107725
107726
107731
107732
107734
107736
107737
107738
107739
107740
107741
107742
107744
107747
107748
107750
107753
107754
107756
107759
107760
107761
107763
107764
107765
107767
107768
107771
107772
107773
107775
107780
107781
107782
107783
107784
107785
107786
107787
107791
107792
107794
107796
107797
107800
107802
107804
107806
107808
107809
107810
107812
107813
107815
107818
107821
107825
107826
107827
107831
107832
107833
107835
107837
107838
107839
107841
107843
107847
107848
107853
107855
107861
107863
107864
107866
107868
107869
107871
107873
107874
107885
107886
107888
107890
107893
107895
107896
107897
107898
107900
107901
107903
107904
107905
107907
107912
107913
107914
107915
107917
107918
107921
107923
107924
107926
107928
107930
107931
107932
107933
107934
107941
107942
107943
107944
107945
107946
107949
107951
107952
107953
107954
107955
107956
107957
107958
107960
107961
107964
107966
107967
107968
107970
107972
107976
107980
107981
107982
107983
107985
107986
107988
107989
107991
107994
107996
107998
108000
108006
108007
108008
108012
108014
108015
108016
108017
108018
108020
108021
108025
108028
108031
108033
108037
108038
108039
108044
108046
108047
108052
108057
108059
108061
108062
108066
108067
108069
108072
108073
108076
108077
108078
108082
108086
108087
108093
108096
108097
108100
108101
108102
108103
108105
108108
108110
108112
108113
108118
108119
108121
108122
108123
108125
108130
108132
108134
108135
108137
108138
108144
108148
108150
108151
108155
108156
108158
108161
108162
108164
108173
108174
108178
108182
108183
108184
108186
108188
108189
108192
108194
108195
108196
108197
108199
108201
108206
108213
108215
108217
108220
108221
108224
108225
108226
108227
108228
108229
108230
108231
108232
108235
108236
108240
108242
108243
108247
108248
108254
108258
108261
108266
108268
108269
108272
108273
108276
108277
108278
108279
108280
108282
108283
108285
108286
108288
108291
108293
108294
108298
108305
108306
108309
108312
108314
108316
108318
108320
108321
108323
108325
108326
108328
108330
108332
108336
108337
108339
108342
108346
108347
108348
108349
108350
108351
108352
108357
108358
108360
108362
108363
108369
108372
108373
108383
108386
108388
108389
108390
108400
108403
108404
108409
108410
108411
108412
108413
108414
108415
108416
108417
108419
108421
108423
108424
108425
108427
108428
108429
108430
108432
108433
108434
108437
108438
108439
108440
108441
108442
108445
108446
108449
108451
108457
108458
108461
108462
108465
108466
108469
108470
108471
108472
108480
108481
108482
108485
108488
108489
108491
108493
108497
108500
108502
108504
108505
108509
108510
108511
108516
108519
108524
108526
108527
108531
108534
108535
108537
108539
108540
108541
108542
108544
108546
108548
108549
108550
108555
108562
108564
108565
108566
108568
108570
108571
108573
108575
108577
108581
108582
108583
108588
108590
108592
108593
108595
108596
108597
108599
108601
108604
108605
108606
108610
108611
108612
108613
108618
108619
108622
108625
108626
108629
108631
108632
108633
108635
108636
108637
108639
108640
108641
108642
108645
108651
108653
108656
108657
108660
108661
108662
108664
108665
108666
108668
108669
108670
108671
108672
108673
108675
108677
108678
108680
108685
108687
108688
108693
108695
108696
108697
108700
108701
108703
108706
108709
108712
108713
108715
108719
108721
108722
108726
108727
108729
108731
108732
108733
108735
108737
108739
108740
108744
108746
108748
108749
108750
108751
108756
108759
108761
108763
108764
108765
108767
108770
108774
108776
108777
108778
108779
108783
108785
108792
108793
108795
108796
108797
108800
108803
108804
108807
108809
108810
108811
108816
108817
108818
108819
108820
108823
108829
108831
108832
108833
108835
108837
108838
108841
108842
108843
108844
108846
108847
108848
108853
108854
108856
108857
108858
108861
108862
108863
108867
108869
108870
108871
108872
108873
108874
108875
108877
108878
108882
108884
108885
108888
108890
108891
108892
108893
108894
108895
108896
108899
108904
108905
108907
108908
108909
108911
108912
108913
108914
108915
108916
108917
108921
108922
108927
108928
108932
108933
108937
108938
108940
108943
108944
108945
108947
108951
108952
108953
108954
108955
108957
108958
108960
108962
108965
108967
108968
108970
108972
108973
108976
108977
108978
108979
108981
108983
108984
108985
108987
108989
108990
108994
108996
109001
109002
109003
109004
109005
109008
109012
109014
109017
109020
109021
109023
109025
109029
109033
109034
109037
109038
109040
109043
109047
109048
109052
109053
109054
109055
109061
109062
109063
109064
109066
109067
109069
109071
109074
109075
109076
109077
109079
109090
109091
109096
109097
109098
109101
109103
109104
109105
109108
109109
109110
109111
109114
109118
109119
109122
109123
109124
109126
109127
109129
109130
109131
109132
109133
109134
109137
109138
109139
109140
109141
109143
109144
109149
109156
109158
109159
109160
109161
109163
109165
109168
109169
109170
109171
109172
109174
109176
109177
109178
109179
109180
109181
109185
109187
109188
109189
109190
109191
109195
109197
109202
109203
109204
109205
109207
109219
109221
109224
109227
109228
109229
109230
109232
109233
109235
109237
109240
109242
109243
109244
109245
109248
109257
109262
109264
109265
109268
109269
109270
109272
109273
109276
109277
109278
109281
109286
109291
109293
109295
109302
109303
109306
109307
109308
109309
109310
109311
109312
109316
109317
109321
109322
109325
109327
109328
109330
109333
109334
109335
109337
109338
109345
109349
109350
109351
109352
109355
109358
109360
109361
109364
109365
109368
109369
109370
109371
109373
109374
109375
109377
109380
109381
109383
109386
109387
109390
109392
109395
109397
109398
109404
109407
109410
109412
109416
109418
109419
109420
109423
109424
109427
109428
109431
109433
109434
109435
109436
109438
109440
109441
109444
109445
109446
109447
109448
109450
109452
109454
109457
109458
109459
109460
109463
109466
109470
109471
109472
109473
109474
109475
109476
109477
109478
109482
109483
109486
109487
109488
109489
109490
109491
109493
109494
109495
109498
109501
109502
109503
109505
109507
109508
109512
109513
109517
109518
109520
109521
109522
109526
109527
109529
109530
109531
109534
109538
109539
109540
109543
109544
109546
109547
109548
109549
109550
109553
109555
109560
109561
109562
109563
109566
109567
109568
109569
109572
109574
109575
109579
109580
109581
109589
109591
109592
109593
109594
109595
109597
109598
109599
109600
109601
109602
109605
109606
109607
109608
109609
109611
109613
109614
109615
109617
109618
109619
109620
109621
109622
109623
109627
109633
109636
109640
109642
109645
109646
109647
109648
109651
109654
109655
109657
109658
109660
109661
109662
109665
109667
109668
109673
109675
109678
109679
109680
109681
109682
109683
109686
109689
109690
109691
109693
109695
109696
109697
109698
109700
109702
109703
109704
109706
109709
109712
109715
109716
109718
109720
109721
109723
109724
109725
109726
109727
109729
109731
109732
109734
109735
109736
109739
109741
109742
109747
109753
109754
109755
109757
109762
109763
109766
109767
109769
109771
109772
109773
109775
109776
109777
109778
109779
109781
109785
109786
109787
109788
109789
109793
109794
109796
109803
109806
109808
109810
109813
109814
109815
109817
109820
109825
109828
109831
109832
109833
109834
109835
109836
109838
109841
109842
109845
109846
109847
109850
109851
109853
109860
109862
109863
109865
109873
109876
109877
109878
109880
109882
109883
109885
109886
109889
109891
109892
109895
109897
109902
109904
109905
109906
109907
109909
109910
109912
109914
109916
109917
109918
109919
109922
109923
109926
109927
109928
109930
109931
109932
109934
109935
109936
109937
109941
109942
109944
109945
109948
109949
109951
109954
109956
109957
109960
109962
109963
109966
109968
109971
109972
109974
109976
109977
109978
109980
109982
109983
109984
109985
109986
109987
109988
109990
109991
109992
109993
109997
109999
110001
110003
110004
110005
110006
110009
110011
110012
110015
110016
110017
110018
110019
110024
110025
110026
110030
110032
110033
110034
110035
110036
110037
110039
110041
110043
110044
110046
110048
110050
110055
110058
110060
110063
110065
110066
110069
110071
110072
110073
110076
110077
110079
110083
110084
110085
110086
110087
110090
110093
110094
110100
110106
110107
110108
110112
110115
110116
110117
110118
110120
110121
110122
110126
110127
110128
110129
110130
110132
110133
110137
110139
110140
110145
110147
110150
110151
110152
110153
110160
110161
110162
110163
110164
110165
110169
110174
110178
110179
110183
110185
110186
110190
110196
110197
110199
110207
110208
110211
110212
110213
110215
110216
110220
110221
110222
110224
110225
110230
110233
110236
110237
110238
110239
110242
110243
110245
110250
110251
110252
110253
110255
110256
110257
110259
110260
110261
110263
110264
110269
110272
110274
110275
110277
110282
110283
110284
110285
110287
110288
110289
110290
110300
110301
110303
110305
110312
110317
110318
110319
110321
110324
110326
110331
110333
110335
110337
110342
110343
110344
110345
110346
110350
110351
110352
110353
110355
110356
110357
110358
110359
110361
110362
110363
110364
110366
110367
110370
110372
110376
110378
110379
110380
110382
110384
110386
110387
110388
110389
110390
110391
110392
110394
110399
110400
110403
110404
110405
110407
110408
110410
110413
110415
110418
110419
110421
110423
110424
110426
110427
110428
110430
110431
110432
110433
110434
110436
110437
110447
110448
110449
110450
110453
110455
110457
110458
110459
110460
110461
110462
110464
110466
110469
110471
110473
110474
110475
110479
110480
110484
110486
110487
110489
110490
110493
110494
110496
110501
110502
110503
110504
110505
110507
110508
110509
110510
110514
110515
110517
110519
110522
110524
110530
110531
110532
110535
110537
110538
110539
110540
110543
110546
110547
110548
110549
110550
110557
110558
110560
110565
110569
110572
110574
110576
110580
110581
110583
110588
110590
110591
110594
110595
110596
110598
110600
110601
110603
110604
110605
110607
110611
110612
110613
110615
110616
110619
110620
110622
110625
110627
110628
110631
110632
110634
110636
110637
110638
110639
110640
110644
110646
110647
110648
110651
110655
110657
110658
110659
110660
110662
110665
110666
110667
110668
110670
110673
110674
110675
110677
110680
110684
110686
110687
110692
110693
110695
110696
110697
110700
110703
110706
110711
110712
110715
110717
110718
110721
110723
110724
110728
110730
110731
110735
110737
110738
110739
110742
110744
110745
110746
110747
110749
110751
110753
110754
110755
110757
110761
110764
110765
110767
110768
110772
110774
110776
110778
110779
110781
110784
110785
110786
110788
110790
110793
110795
110796
110799
110801
110804
110805
110806
110811
110812
110814
110815
110816
110817
110820
110821
110822
110823
110824
110825
110826
110828
110829
110831
110836
110837
110839
110840
110841
110842
110843
110846
110850
110851
110852
110853
110861
110865
110870
110871
110875
110876
110878
110881
110883
110884
110885
110889
110892
110895
110897
110899
110905
110906
110909
110910
110911
110912
110913
110915
110916
110918
110919
110921
110923
110924
110926
110927
110929
110930
110933
110938
110939
110940
110945
110946
110948
110949
110951
110953
110954
110955
110957
110958
110960
110961
110966
110969
110970
110971
110972
110975
110976
110977
110978
110979
110980
110984
110985
110987
110991
110992
110996
110997
110998
110999
111001
111003
111004
111006
111007
111009
111011
111012
111014
111015
111017
111022
111023
111024
111025
111026
111028
111031
111033
111035
111036
111040
111041
111042
111043
111045
111046
111047
111048
111052
111053
111054
111062
111064
111065
111067
111070
111071
111074
111077
111081
111083
111086
111087
111090
111091
111092
111094
111095
111096
111097
111100
111101
111102
111104
111107
111108
111109
111111
111112
111116
111117
111121
111122
111123
111124
111125
111127
111128
111131
111134
111135
111137
111139
111142
111143
111145
111146
111147
111151
111152
111153
111155
111156
111158
111159
111162
111167
111170
111172
111175
111176
111178
111179
111180
111182
111183
111185
111188
111189
111190
111194
111195
111196
111200
111204
111205
111206
111208
111211
111213
111214
111216
111217
111221
111225
111226
111227
111228
111229
111230
111231
111232
111233
111235
111239
111240
111241
111242
111244
111245
111246
111248
111250
111251
111254
111255
111257
111258
111259
111263
111267
111269
111271
111272
111274
111278
111280
111285
111286
111288
111290
111291
111293
111295
111298
111304
111305
111306
111309
111311
111312
111316
111317
111319
111324
111326
111327
111328
111329
111331
111337
111339
111343
111344
111345
111346
111350
111352
111356
111362
111366
111368
111370
111372
111373
111378
111380
111384
111387
111388
111391
111392
111394
111396
111397
111398
111403
111404
111405
111406
111407
111408
111409
111410
111411
111417
111419
111424
111425
111427
111434
111438
111441
111448
111449
111451
111453
111458
111462
111466
111470
111471
111472
111473
111476
111477
111479
111481
111482
111485
111487
111489
111492
111495
111496
111497
111501
111504
111507
111509
111510
111513
111516
111519
111523
111525
111529
111530
111531
111532
111533
111534
111535
111536
111541
111542
111544
111547
111549
111551
111552
111554
111557
111559
111560
111561
111565
111567
111568
111570
111572
111575
111576
111578
111579
111581
111582
111583
111584
111586
111587
111588
111589
111590
111591
111592
111593
111594
111596
111601
111602
111603
111604
111606
111612
111614
111617
111618
111620
111621
111623
111629
111630
111633
111635
111636
111637
111641
111643
111646
111648
111649
111652
111653
111656
111657
111660
111661
111669
111671
111673
111674
111675
111676
111677
111678
111679
111681
111682
111684
111687
111688
111690
111692
111694
111695
111697
111698
111699
111700
111702
111703
111704
111707
111709
111714
111717
111721
111722
111723
111725
111726
111728
111729
111732
111733
111735
111737
111738
111739
111740
111741
111743
111744
111745
111746
111753
111754
111756
111757
111761
111762
111763
111764
111765
111766
111768
111770
111771
111772
111773
111774
111775
111776
111777
111781
111782
111786
111787
111790
111793
111794
111796
111798
111799
111800
111801
111804
111805
111807
111810
111811
111812
111814
111816
111818
111821
111823
111827
111828
111831
111832
111833
111835
111836
111837
111839
111841
111842
111845
111846
111849
111850
111852
111853
111854
111856
111858
111861
111862
111863
111864
111871
111872
111874
111875
111876
111878
111883
111887
111888
111889
111890
111893
111894
111897
111903
111906
111907
111908
111909
111910
111914
111915
111917
111919
111922
111927
111929
111930
111932
111933
111936
111939
111942
111944
111946
111947
111949
111952
111953
111957
111959
111960
111961
111962
111964
111965
111967
111971
111972
111974
111975
111977
111978
111979
111981
111982
111983
111986
111987
111990
111993
111995
111998
111999
112000
112005
112007
112015
112018
112019
112021
112023
112024
112025
112028
112030
112032
112035
112040
112041
112042
112043
112045
112046
112049
112050
112051
112057
112058
112059
112060
112061
112063
112064
112065
112066
112067
112071
112072
112073
112074
112077
112078
112081
112082
112083
112085
112086
112087
112089
112091
112093
112094
112095
112096
112097
112098
112103
112105
112111
112112
112114
112115
112117
112127
112128
112130
112131
112133
112134
112136
112138
112141
112142
112144
112145
112146
112147
112148
112149
112150
112151
112152
112153
112156
112157
112159
112160
112161
112162
112163
112165
112166
112167
112169
112171
112172
112173
112174
112177
112180
112183
112186
112189
112190
112194
112195
112196
112198
112199
112200
112201
112202
112203
112204
112205
112207
112208
112210
112211
112212
112223
112224
112225
112229
112238
112239
112241
112243
112244
112245
112248
112249
112250
112251
112252
112253
112254
112256
112257
112259
112261
112267
112268
112269
112271
112274
112283
112288
112292
112293
112294
112296
112298
112299
112301
112302
112303
112304
112305
112307
112308
112312
112314
112317
112318
112319
112320
112321
112325
112327
112329
112332
112334
112335
112336
112338
112339
112340
112341
112343
112344
112346
112347
112348
112351
112353
112357
112361
112362
112364
112366
112367
112371
112373
112374
112376
112377
112379
112381
112382
112383
112386
112390
112391
112392
112395
112401
112404
112405
112406
112407
112408
112409
112412
112414
112415
112417
112425
112427
112428
112430
112431
112433
112434
112436
112437
112438
112440
112441
112442
112443
112444
112446
112447
112449
112450
112454
112456
112457
112458
112461
112463
112465
112466
112468
112469
112470
112472
112474
112477
112478
112481
112482
112483
112485
112488
112492
112493
112495
112496
112498
112499
112501
112502
112503
112504
112505
112506
112507
112509
112510
112511
112513
112515
112516
112517
112520
112521
112522
112523
112524
112526
112528
112529
112531
112532
112533
112534
112536
112537
112541
112542
112544
112545
112547
112548
112550
112553
112554
112555
112557
112558
112559
112561
112564
112565
112566
112568
112569
112570
112571
112572
112573
112576
112584
112587
112590
112591
112594
112598
112599
112602
112607
112608
112609
112613
112614
112615
112616
112619
112621
112622
112623
112626
112628
112629
112630
112631
112634
112635
112636
112639
112640
112643
112645
112647
112650
112653
112654
112656
112658
112662
112663
112664
112669
112671
112672
112673
112674
112676
112679
112680
112681
112684
112687
112688
112690
112691
112693
112695
112700
112702
112707
112710
112711
112713
112715
112717
112718
112719
112721
112730
112732
112734
112736
112737
112742
112744
112745
112747
112748
112751
112753
112755
112756
112757
112758
112760
112763
112764
112765
112766
112767
112769
112772
112775
112777
112778
112780
112782
112785
112787
112788
112791
112794
112797
112798
112799
112802
112803
112806
112809
112814
112818
112819
112820
112822
112827
112828
112829
112830
112831
112832
112833
112834
112838
112839
112840
112842
112843
112846
112848
112854
112856
112859
112860
112865
112868
112871
112872
112873
112874
112877
112878
112880
112883
112885
112886
112887
112888
112890
112893
112898
112899
112912
112913
112915
112916
112917
112918
112920
112922
112923
112924
112926
112929
112932
112933
112937
112939
112940
112941
112942
112943
112944
112945
112949
112954
112958
112959
112960
112961
112964
112965
112966
112968
112969
112971
112974
112977
112980
112982
112985
112989
112992
112993
112994
112995
112997
112998
113000
113002
113004
113005
113007
113008
113009
113011
113012
113013
113014
113016
113017
113018
113020
113026
113028
113029
113030
113032
113033
113036
113039
113040
113044
113045
113046
113049
113054
113056
113058
113060
113061
113065
113067
113068
113069
113074
113075
113076
113077
113078
113079
113083
113084
113086
113090
113091
113092
113096
113102
113103
113109
113111
113112
113113
113114
113115
113117
113118
113119
113121
113122
113123
113124
113125
113128
113130
113132
113136
113138
113140
113141
113142
113143
113144
113145
113147
113151
113153
113154
113156
113158
113160
113165
113175
113177
113181
113184
113186
113188
113189
113190
113191
113192
113193
113194
113197
113199
113201
113203
113204
113208
113210
113213
113215
113217
113218
113220
113222
113224
113227
113228
113229
113230
113232
113233
113235
113239
113240
113242
113243
113247
113251
113253
113257
113258
113265
113266
113267
113268
113272
113273
113274
113275
113276
113278
113279
113281
113282
113284
113287
113288
113289
113290
113292
113297
113298
113299
113300
113302
113304
113306
113307
113309
113313
113314
113315
113316
113317
113318
113319
113321
113322
113327
113328
113331
113332
113333
113337
113338
113339
113344
113345
113347
113348
113349
113350
113352
113355
113356
113357
113362
113364
113366
113367
113369
113371
113372
113374
113376
113379
113381
113383
113385
113386
113387
113388
113389
113390
113391
113392
113394
113397
113400
113401
113405
113406
113409
113410
113411
113412
113413
113415
113416
113417
113421
113424
113425
113426
113431
113432
113433
113434
113435
113438
113439
113441
113442
113443
113445
113446
113447
113450
113451
113452
113453
113454
113455
113456
113457
113465
113468
113471
113472
113473
113476
113477
113478
113479
113481
113482
113485
113487
113492
113496
113497
113498
113500
113501
113502
113504
113507
113509
113510
113511
113512
113513
113514
113515
113518
113520
113522
113523
113525
113526
113530
113531
113534
113536
113537
113540
113542
113543
113544
113546
113547
113548
113549
113550
113552
113553
113556
113557
113558
113559
113560
113561
113564
113565
113566
113568
113571
113573
113575
113577
113578
113579
113583
113587
113589
113590
113591
113593
113595
113597
113598
113599
113601
113603
113605
113606
113607
113608
113610
113611
113612
113613
113614
113615
113616
113619
113620
113626
113627
113628
113629
113630
113631
113634
113636
113637
113639
113640
113641
113642
113645
113647
113650
113652
113654
113655
113656
113657
113658
113659
113660
113661
113663
113668
113670
113673
113674
113675
113676
113678
113680
113686
113687
113689
113691
113692
113694
113697
113699
113704
113706
113708
113712
113717
113719
113721
113722
113725
113726
113727
113730
113732
113734
113737
113738
113740
113741
113743
113745
113748
113749
113752
113754
113757
113759
113764
113767
113769
113770
113771
113774
113775
113776
113777
113779
113781
113783
113784
113786
113787
113788
113792
113793
113795
113797
113798
113799
113800
113804
113805
113806
113807
113812
113814
113815
113816
113822
113823
113825
113826
113828
113834
113836
113841
113842
113843
113844
113845
113849
113850
113851
113852
113854
113856
113857
113858
113860
113862
113863
113867
113868
113869
113871
113872
113873
113875
113877
113878
113879
113882
113884
113890
113891
113892
113894
113895
113896
113897
113898
113901
113902
113904
113906
113911
113912
113913
113914
113916
113917
113919
113921
113925
113928
113930
113932
113933
113935
113936
113939
113941
113942
113943
113945
113947
113948
113949
113950
113953
113954
113955
113956
113958
113960
113962
113963
113964
113967
113969
113970
113971
113972
113973
113974
113975
113976
113977
113978
113984
113985
113987
113988
113990
113992
113997
113999
114002
114008
114009
114010
114013
114014
114016
114018
114022
114023
114027
114030
114032
114034
114037
114042
114046
114048
114049
114052
114054
114061
114063
114064
114066
114069
114071
114072
114073
114074
114076
114077
114079
114081
114083
114086
114089
114090
114091
114092
114093
114094
114096
114097
114103
114104
114105
114106
114109
114114
114116
114118
114119
114124
114125
114126
114127
114128
114129
114130
114131
114132
114133
114135
114136
114137
114138
114139
114141
114143
114144
114146
114148
114149
114150
114151
114153
114154
114155
114157
114158
114159
114160
114161
114165
114166
114168
114169
114170
114171
114175
114178
114179
114180
114183
114184
114185
114186
114187
114188
114190
114192
114193
114197
114198
114199
114200
114203
114205
114206
114212
114213
114218
114219
114222
114224
114225
114228
114229
114232
114235
114236
114239
114240
114241
114243
114244
114245
114247
114249
114250
114251
114252
114253
114257
114259
114262
114265
114266
114267
114271
114274
114275
114276
114277
114279
114282
114286
114288
114292
114293
114294
114296
114297
114298
114299
114301
114303
114304
114308
114310
114312
114313
114315
114319
114320
114323
114326
114328
114329
114331
114336
114337
114338
114339
114341
114344
114345
114346
114347
114350
114353
114355
114357
114358
114362
114364
114365
114366
114370
114372
114374
114377
114379
114383
114384
114387
114388
114389
114390
114391
114392
114393
114395
114397
114399
114404
114405
114417
114420
114421
114424
114425
114427
114428
114430
114433
114437
114441
114443
114448
114449
114454
114457
114458
114459
114462
114465
114466
114467
114468
114469
114471
114473
114474
114475
114478
114481
114484
114485
114486
114487
114488
114489
114490
114492
114493
114497
114498
114499
114501
114502
114504
114507
114508
114509
114510
114512
114513
114517
114518
114521
114522
114524
114527
114528
114529
114531
114532
114535
114536
114538
114541
114542
114543
114544
114545
114548
114550
114551
114552
114553
114555
114558
114561
114562
114564
114567
114568
114570
114571
114572
114573
114574
114578
114579
114580
114581
114584
114586
114587
114588
114590
114591
114592
114593
114594
114599
114602
114603
114606
114611
114612
114614
114618
114620
114621
114626
114627
114629
114630
114633
114635
114641
114647
114649
114651
114652
114653
114656
114657
114658
114665
114666
114672
114675
114676
114678
114680
114691
114692
114694
114695
114697
114700
114706
114707
114708
114710
114711
114714
114715
114717
114718
114720
114722
114724
114726
114728
114729
114730
114732
114733
114735
114736
114737
114741
114744
114745
114748
114750
114751
114752
114757
114758
114761
114762
114765
114766
114767
114768
114770
114771
114774
114775
114776
114778
114779
114780
114782
114783
114786
114787
114790
114791
114794
114795
114798
114799
114801
114802
114804
114805
114806
114807
114808
114810
114811
114812
114813
114816
114819
114821
114822
114824
114826
114828
114829
114831
114834
114839
114843
114847
114848
114852
114856
114858
114859
114860
114862
114867
114868
114871
114872
114873
114878
114879
114880
114881
114885
114886
114890
114891
114892
114895
114896
114898
114899
114900
114902
114904
114905
114908
114912
114913
114914
114918
114920
114922
114924
114926
114933
114935
114946
114947
114950
114951
114953
114955
114956
114957
114960
114962
114963
114964
114965
114972
114973
114974
114976
114978
114981
114982
114983
114984
114985
114986
114987
114991
114994
114995
114997
114998
114999
115000
115004
115005
115008
115009
115011
115018
115022
115023
115025
115031
115032
115034
115035
115036
115037
115039
115040
115042
115045
115047
115048
115049
115051
115052
115053
115056
115058
115060
115061
115064
115065
115066
115067
115071
115072
115073
115074
115075
115077
115078
115079
115080
115082
115088
115089
115090
115092
115094
115095
115100
115101
115102
115103
115104
115108
115111
115112
115113
115114
115117
115118
115119
115122
115123
115124
115126
115127
115128
115131
115132
115135
115136
115137
115138
115141
115142
115143
115145
115147
115149
115151
115152
115153
115154
115156
115159
115160
115163
115164
115165
115168
115170
115172
115174
115176
115180
115181
115183
115186
115187
115189
115191
115192
115196
115197
115198
115201
115203
115204
115205
115210
115211
115213
115214
115215
115218
115219
115221
115228
115229
115233
115234
115238
115240
115244
115246
115247
115249
115250
115251
115252
115261
115262
115266
115269
115272
115273
115274
115276
115278
115284
115287
115288
115293
115294
115296
115297
115298
115302
115303
115307
115309
115310
115314
115315
115316
115318
115323
115324
115325
115330
115332
115333
115335
115336
115337
115338
115339
115340
115341
115345
115347
115348
115349
115353
115355
115357
115362
115363
115364
115366
115369
115371
115372
115373
115374
115376
115379
115384
115387
115388
115390
115391
115393
115396
115399
115400
115405
115411
115415
115417
115422
115424
115425
115426
115428
115430
115431
115435
115437
115438
115439
115441
115443
115445
115447
115451
115453
115455
115457
115459
115461
115462
115464
115465
115467
115469
115471
115472
115473
115474
115475
115476
115477
115480
115482
115490
115493
115494
115498
115500
115502
115503
115505
115506
115509
115511
115512
115513
115514
115515
115516
115518
115519
115520
115521
115522
115523
115526
115528
115529
115530
115531
115532
115534
115539
115540
115542
115543
115548
115549
115551
115554
115555
115556
115557
115561
115562
115566
115569
115572
115573
115574
115576
115577
115580
115582
115586
115588
115591
115592
115597
115599
115600
115601
115603
115604
115608
115609
115610
115611
115612
115615
115616
115617
115620
115621
115623
115625
115626
115629
115632
115633
115635
115636
115638
115639
115641
115642
115643
115644
115646
115649
115651
115652
115653
115654
115655
115656
115659
115662
115663
115664
115665
115666
115667
115673
115674
115678
115680
115681
115683
115684
115686
115687
115688
115689
115690
115692
115696
115699
115701
115703
115704
115705
115709
115710
115714
115715
115719
115721
115722
115726
115727
115728
115729
115730
115733
115734
115735
115741
115744
115747
115751
115752
115753
115754
115755
115756
115759
115760
115761
115762
115763
115766
115767
115768
115770
115771
115773
115775
115776
115778
115779
115784
115785
115787
115788
115789
115793
115794
115797
115801
115802
115806
115809
115811
115812
115813
115814
115816
115820
115821
115822
115824
115826
115832
115837
115839
115840
115841
115842
115846
115847
115848
115849
115851
115853
115855
115858
115862
115871
115873
115874
115875
115876
115877
115878
115881
115883
115884
115886
115887
115888
115889
115890
115893
115894
115897
115900
115902
115907
115908
115909
115912
115913
115915
115916
115919
115922
115924
115926
115927
115928
115930
115933
115934
115935
115936
115937
115938
115939
115943
115944
115945
115946
115949
115950
115952
115953
115956
115957
115959
115960
115961
115962
115963
115964
115965
115966
115967
115971
115973
115975
115977
115978
115979
115980
115981
115983
115984
115985
115986
115991
115994
115995
115999
116000
116001
116002
116004
116005
116006
116008
116009
116011
116017
116018
116019
116021
116022
116023
116027
116029
116030
116031
116033
116034
116035
116036
116037
116038
116040
116041
116043
116046
116047
116048
116049
116050
116051
116052
116053
116055
116058
116060
116064
116067
116068
116070
116071
116072
116074
116076
116080
116082
116083
116086
116087
116088
116092
116094
116095
116096
116097
116098
116101
116103
116104
116106
116107
116108
116110
116112
116114
116117
116120
116121
116123
116124
116128
116131
116133
116135
116137
116138
116139
116140
116141
116142
116143
116144
116145
116146
116147
116149
116150
116153
116155
116156
116158
116159
116161
116163
116164
116166
116167
116168
116170
116172
116178
116180
116185
116188
116192
116198
116199
116200
116202
116204
116205
116206
116208
116209
116212
116220
116222
116223
116225
116226
116229
116231
116235
116238
116241
116244
116246
116251
116252
116256
116259
116263
116264
116268
116269
116271
116272
116273
116274
116276
116277
116278
116280
116281
116282
116283
116285
116286
116287
116288
116290
116291
116292
116293
116294
116295
116297
116298
116300
116305
116306
116307
116310
116313
116317
116318
116319
116324
116325
116326
116328
116329
116332
116335
116336
116338
116339
116341
116342
116346
116347
116350
116352
116353
116355
116356
116362
116363
116365
116367
116368
116370
116371
116373
116374
116375
116376
116378
116380
116381
116383
116385
116386
116392
116393
116397
116399
116402
116405
116407
116409
116411
116414
116416
116421
116423
116424
116425
116428
116431
116433
116435
116436
116440
116443
116444
116446
116447
116448
116449
116450
116452
116454
116455
116456
116459
116460
116464
116465
116466
116467
116468
116469
116471
116479
116483
116486
116487
116490
116491
116492
116493
116495
116497
116500
116501
116505
116506
116507
116509
116510
116515
116516
116517
116519
116520
116521
116522
116524
116527
116528
116529
116531
116533
116534
116535
116536
116538
116539
116542
116543
116545
116546
116550
116552
116553
116556
116557
116558
116559
116560
116561
116562
116563
116564
116565
116568
116569
116571
116572
116575
116577
116579
116581
116582
116583
116585
116597
116598
116603
116604
116605
116607
116611
116612
116618
116619
116620
116622
116623
116624
116625
116626
116627
116628
116629
116631
116632
116633
116635
116636
116637
116638
116639
116640
116642
116643
116647
116649
116650
116651
116652
116654
116658
116659
116661
116664
116668
116669
116672
116673
116674
116676
116679
116681
116682
116684
116686
116687
116688
116690
116691
116693
116697
116698
116702
116704
116706
116709
116712
116715
116719
116720
116722
116723
116724
116728
116732
116733
116736
116738
116741
116743
116747
116749
116753
116755
116756
116758
116759
116760
116762
116764
116767
116768
116770
116771
116774
116779
116782
116784
116785
116786
116788
116791
116794
116796
116800
116802
116803
116804
116811
116813
116814
116815
116817
116819
116821
116823
116825
116826
116830
116831
116836
116837
116838
116844
116847
116849
116851
116852
116855
116856
116857
116858
116862
116863
116864
116866
116870
116871
116873
116876
116877
116878
116879
116880
116882
116883
116888
116889
116890
116891
116894
116897
116898
116900
116901
116902
116908
116909
116910
116913
116914
116917
116919
116924
116926
116929
116930
116933
116934
116935
116936
116938
116940
116942
116943
116944
116947
116949
116952
116953
116954
116957
116960
116970
116973
116975
116977
116979
116981
116988
116989
116990
116991
116996
116997
117003
117007
117009
117011
117012
117013
117014
117016
117019
117022
117023
117024
117026
117030
117031
117035
117036
117037
117039
117040
117041
117043
117047
117052
117054
117056
117060
117064
117068
117069
117071
117073
117074
117076
117078
117079
117081
117083
117086
117088
117089
117090
117092
117093
117096
117098
117099
117105
117108
117109
117111
117112
117113
117114
117116
117119
117120
117121
117123
117125
117127
117128
117129
117131
117132
117133
117135
117137
117138
117140
117144
117148
117150
117151
117153
117155
117156
117159
117164
117166
117168
117169
117170
117172
117174
117176
117177
117181
117182
117183
117184
117185
117186
117187
117193
117196
117197
117200
117201
117202
117205
117206
117208
117209
117213
117218
117219
117226
117227
117229
117232
117233
117235
117236
117237
117238
117239
117240
117243
117244
117247
117248
117250
117252
117254
117256
117259
117261
117263
117266
117267
117269
117270
117271
117272
117273
117276
117277
117278
117279
117280
117281
117283
117286
117287
117290
117291
117292
117293
117294
117295
117297
117300
117301
117306
117308
117309
117310
117311
117316
117317
117319
117320
117321
117323
117325
117327
117331
117332
117333
117335
117338
117339
117340
117345
117346
117347
117350
117351
117353
117354
117356
117357
117358
117359
117360
117362
117363
117366
117369
117370
117372
117373
117374
117375
117377
117379
117380
117382
117384
117385
117386
117387
117388
117389
117390
117392
117393
117396
117399
117400
117403
117404
117405
117406
117407
117408
117409
117414
117415
117416
117421
117422
117423
117426
117427
117432
117433
117435
117439
117440
117441
117443
117444
117445
117447
117448
117450
117451
117452
117453
117455
117459
117466
117467
117472
117473
117476
117477
117483
117485
117487
117489
117490
117491
117492
117494
117496
117497
117498
117501
117506
117507
117508
117509
117515
117516
117517
117518
117519
117521
117524
117525
117527
117532
117534
117536
117538
117541
117543
117544
117545
117548
117552
117553
117554
117556
117557
117560
117561
117563
117564
117566
117567
117568
117569
117571
117572
117578
117582
117585
117586
117588
117590
117591
117592
117593
117594
117596
117597
117599
117601
117603
117604
117606
117608
117609
117617
117618
117619
117625
117626
117627
117630
117635
117640
117641
117644
117645
117649
117652
117653
117654
117655
117656
117659
117660
117665
117667
117669
117670
117672
117675
117676
117677
117680
117686
117687
117688
117689
117690
117691
117693
117694
117695
117703
117704
117707
117708
117710
117712
117713
117714
117715
117717
117718
117719
117722
117723
117727
117728
117732
117733
117737
117738
117739
117741
117745
117748
117752
117755
117758
117759
117760
117764
117765
117766
117768
117769
117772
117774
117776
117778
117779
117780
117782
117783
117785
117787
117790
117795
117797
117802
117803
117804
117806
117807
117808
117812
117814
117815
117817
117818
117820
117822
117824
117832
117833
117835
117836
117839
117841
117842
117849
117851
117853
117854
117855
117856
117857
117859
117860
117862
117863
117864
117865
117866
117867
117868
117870
117871
117872
117873
117874
117877
117881
117882
117883
117887
117889
117890
117894
117895
117897
117898
117902
117903
117905
117906
117907
117909
117910
117911
117912
117913
117917
117919
117922
117924
117925
117928
117930
117931
117932
117933
117936
117937
117939
117941
117943
117944
117945
117950
117952
117954
117955
117957
117961
117967
117969
117970
117972
117974
117976
117979
117980
117985
117988
117989
117991
117992
117996
117999
118000
118002
118004
118008
118010
118011
118012
118013
118016
118018
118021
118023
118027
118032
118035
118038
118039
118040
118042
118044
118045
118046
118047
118049
118051
118052
118054
118056
118063
118065
118067
118069
118070
118072
118074
118075
118076
118079
118080
118081
118082
118083
118084
118085
118086
118087
118088
118089
118090
118091
118092
118093
118094
118095
118096
118100
118101
118102
118104
118106
118109
118110
118113
118117
118118
118119
118120
118126
118129
118131
118132
118137
118139
118140
118142
118143
118144
118145
118146
118150
118153
118155
118157
118159
118160
118166
118167
118168
118169
118171
118175
118180
118182
118183
118184
118186
118192
118194
118197
118198
118199
118200
118206
118210
118211
118212
118213
118215
118216
118217
118218
118222
118223
118225
118227
118228
118229
118230
118231
118232
118234
118236
118237
118239
118240
118242
118243
118244
118245
118247
118252
118254
118256
118260
118265
118267
118268
118269
118270
118271
118276
118278
118279
118280
118284
118285
118287
118288
118289
118292
118294
118295
118297
118298
118301
118305
118306
118307
118308
118309
118310
118316
118319
118320
118321
118322
118325
118326
118329
118330
118332
118335
118336
118337
118338
118340
118341
118342
118348
118349
118350
118351
118353
118356
118357
118359
118361
118364
118366
118370
118371
118373
118378
118381
118382
118384
118385
118386
118389
118390
118391
118398
118399
118400
118401
118402
118406
118407
118408
118410
118411
118414
118419
118422
118423
118425
118428
118429
118430
118431
118435
118438
118439
118440
118443
118444
118445
118449
118450
118453
118454
118455
118458
118461
118462
118463
118465
118466
118467
118468
118469
118472
118474
118477
118484
118486
118487
118488
118489
118491
118493
118495
118498
118499
118502
118504
118505
118507
118508
118509
118511
118512
118513
118515
118517
118519
118520
118524
118529
118530
118531
118532
118535
118538
118539
118540
118542
118543
118546
118547
118549
118550
118556
118558
118562
118563
118565
118566
118570
118572
118574
118577
118578
118580
118582
118586
118587
118589
118591
118592
118593
118595
118596
118599
118600
118601
118604
118605
118606
118608
118612
118613
118616
118617
118618
118619
118621
118622
118623
118624
118628
118630
118631
118632
118635
118638
118639
118643
118644
118647
118648
118649
118650
118651
118652
118657
118661
118663
118666
118668
118669
118679
118680
118686
118688
118689
118690
118692
118694
118695
118696
118698
118700
118701
118704
118705
118706
118707
118712
118714
118716
118721
118722
118725
118726
118729
118732
118733
118734
118737
118740
118741
118744
118745
118748
118750
118751
118752
118753
118754
118757
118759
118760
118761
118762
118763
118764
118767
118768
118772
118773
118779
118782
118783
118784
118785
118786
118787
118789
118790
118792
118794
118797
118801
118807
118812
118813
118814
118823
118824
118825
118829
118840
118841
118843
118845
118848
118849
118850
118851
118854
118859
118860
118863
118865
118866
118869
118872
118874
118875
118877
118881
118882
118884
118885
118887
118888
118889
118894
118895
118896
118897
118899
118900
118902
118907
118908
118909
118911
118912
118916
118919
118920
118922
118923
118926
118929
118931
118932
118934
118935
118936
118938
118939
118946
118947
118949
118950
118952
118953
118956
118959
118961
118965
118968
118969
118974
118976
118977
118978
118980
118982
118983
118984
118988
118993
118995
118997
118998
118999
119000
119001
119002
119005
119006
119007
119010
119015
119016
119018
119020
119021
119022
119023
119026
119028
119029
119030
119031
119037
119038
119039
119040
119045
119047
119048
119049
119050
119051
119052
119054
119056
119059
119063
119064
119065
119068
119069
119071
119074
119076
119078
119079
119080
119084
119085
119086
119087
119089
119090
119092
119093
119097
119098
119100
119101
119103
119105
119107
119108
119110
119119
119121
119122
119123
119126
119132
119134
119136
119140
119141
119143
119148
119149
119150
119155
119157
119158
119160
119163
119164
119165
119166
119168
119169
119170
119173
119175
119176
119178
119180
119183
119187
119189
119190
119192
119195
119197
119198
119199
119200
119202
119209
119211
119213
119216
119217
119220
119221
119223
119229
119231
119233
119234
119237
119238
119242
119244
119247
119248
119249
119250
119251
119252
119254
119259
119260
119265
119266
119267
119268
119270
119273
119274
119276
119279
119281
119282
119284
119287
119289
119293
119295
119296
119298
119299
119302
119303
119305
119306
119307
119310
119312
119313
119314
119315
119316
119320
119323
119325
119326
119329
119330
119331
119336
119339
119341
119342
119343
119346
119349
119351
119353
119354
119357
119360
119361
119365
119367
119371
119373
119378
119379
119381
119384
119387
119388
119389
119392
119394
119395
119396
119398
119399
119400
119402
119405
119406
119409
119410
119414
119415
119416
119417
119421
119422
119423
119424
119425
119426
119428
119430
119433
119435
119437
119438
119439
119440
119445
119447
119450
119452
119454
119455
119456
119457
119458
119459
119461
119462
119464
119466
119467
119469
119471
119472
119475
119476
119478
119480
119481
119483
119484
119485
119487
119488
119489
119494
119495
119497
119499
119502
119504
119506
119512
119513
119514
119515
119518
119519
119521
119522
119524
119525
119526
119528
119530
119531
119534
119536
119537
119539
119545
119546
119547
119548
119550
119551
119552
119553
119554
119555
119556
119557
119558
119559
119560
119561
119562
119563
119564
119565
119570
119573
119574
119575
119578
119582
119585
119586
119590
119592
119594
119595
119596
119598
119600
119601
119602
119604
119605
119606
119607
119610
119613
119616
119617
119618
119620
119624
119625
119626
119627
119628
119632
119633
119634
119635
119636
119637
119639
119640
119641
119643
119645
119647
119649
119651
119652
119654
119660
119661
119662
119664
119665
119666
119668
119670
119674
119675
119676
119678
119679
119681
119682
119683
119686
119688
119689
119690
119694
119697
119699
119701
119704
119707
119712
119714
119715
119717
119719
119723
119725
119727
119729
119730
119732
119734
119736
119737
119738
119740
119741
119743
119745
119749
119751
119755
119756
119757
119767
119772
119774
119775
119776
119777
119780
119782
119783
119787
119788
119789
119790
119793
119794
119795
119796
119802
119803
119805
119808
119809
119810
119812
119815
119816
119817
119820
119823
119824
119827
119829
119830
119833
119834
119835
119837
119838
119840
119841
119843
119844
119845
119847
119850
119856
119857
119858
119860
119862
119868
119869
119870
119872
119873
119875
119879
119884
119889
119891
119892
119893
119896
119903
119908
119910
119911
119912
119914
119917
119920
119921
119922
119923
119924
119927
119932
119933
119934
119938
119941
119944
119946
119947
119948
119950
119954
119959
119961
119967
119971
119974
119975
119977
119978
119979
119980
119981
119986
119988
119989
119990
119991
119992
119993
119994
119996
119999
120001
120002
120004
120006
120008
120010
120012
120013
120014
120016
120017
120018
120019
120021
120022
120023
120024
120026
120027
120029
120031
120034
120035
120037
120038
120041
120043
120044
120047
120048
120052
120057
120058
120060
120061
120062
120063
120064
120066
120067
120068
120072
120076
120079
120080
120081
120082
120083
120087
120088
120089
120090
120092
120095
120100
120102
120103
120106
120108
120110
120112
120113
120114
120118
120119
120122
120123
120125
120126
120127
120130
120138
120139
120144
120146
120147
120150
120151
120153
120155
120157
120159
120161
120162
120163
120164
120167
120170
120171
120172
120175
120177
120179
120180
120181
120183
120184
120187
120188
120189
120190
120192
120194
120195
120196
120198
120201
120202
120203
120204
120206
120210
120212
120213
120215
120217
120218
120219
120221
120226
120228
120229
120233
120234
120235
120236
120237
120238
120240
120241
120243
120245
120246
120248
120249
120250
120252
120257
120259
120262
120263
120264
120265
120266
120269
120271
120275
120277
120278
120281
120288
120290
120291
120294
120295
120296
120297
120304
120306
120307
120309
120311
120312
120316
120320
120321
120327
120330
120333
120334
120335
120336
120337
120338
120341
120345
120347
120349
120350
120353
120354
120355
120356
120357
120358
120362
120365
120368
120374
120377
120382
120384
120386
120391
120393
120399
120400
120405
120409
120410
120413
120420
120421
120422
120425
120428
120430
120432
120434
120436
120439
120440
120442
120445
120447
120448
120450
120452
120455
120456
120457
120459
120460
120462
120463
120464
120465
120466
120467
120468
120469
120471
120472
120476
120477
120478
120480
120481
120482
120486
120487
120488
120490
120491
120496
120497
120498
120499
120500
120501
120502
120503
120504
120506
120507
120508
120510
120511
120513
120515
120518
120521
120522
120523
120525
120527
120528
120534
120539
120540
120541
120542
120545
120549
120553
120554
120556
120557
120558
120559
120560
120561
120562
120567
120568
120570
120571
120572
120581
120582
120583
120586
120588
120589
120590
120592
120593
120595
120596
120598
120603
120609
120616
120618
120619
120624
120626
120629
120630
120632
120634
120635
120636
120637
120638
120639
120640
120642
120643
120644
120645
120646
120647
120648
120649
120650
120652
120655
120656
120657
120660
120663
120665
120667
120668
120670
120673
120674
120675
120676
120677
120678
120679
120684
120685
120687
120688
120689
120690
120692
120693
120695
120698
120700
120703
120705
120715
120716
120718
120719
120722
120724
120728
120729
120730
120731
120735
120736
120738
120745
120746
120747
120750
120754
120755
120761
120767
120769
120772
120773
120774
120775
120781
120783
120785
120788
120791
120792
120795
120796
120797
120798
120799
120804
120807
120808
120809
120811
120812
120813
120816
120818
120819
120822
120825
120826
120828
120829
120831
120834
120835
120837
120838
120839
120842
120843
120844
120847
120850
120851
120852
120854
120855
120856
120858
120862
120866
120867
120868
120871
120872
120873
120877
120879
120883
120886
120888
120889
120892
120893
120897
120900
120901
120902
120904
120905
120907
120909
120912
120914
120915
120917
120918
120919
120920
120921
120922
120927
120928
120930
120931
120934
120936
120938
120942
120943
120944
120945
120946
120947
120948
120949
120957
120960
120961
120963
120964
120965
120966
120968
120970
120971
120973
120974
120975
120976
120980
120981
120986
120989
120992
120993
120994
120995
120996
120997
121004
121005
121009
121010
121011
121016
121017
121020
121021
121022
121023
121026
121028
121029
121033
121034
121036
121037
121040
121041
121046
121049
121052
121053
121054
121055
121057
121060
121061
121062
121063
121064
121066
121069
121070
121071
121072
121073
121075
121076
121079
121080
121081
121082
121085
121090
121092
121093
121094
121096
121097
121098
121099
121100
121102
121103
121105
121106
121108
121113
121115
121116
121117
121118
121119
121121
121123
121124
121126
121127
121129
121133
121134
121135
121136
121141
121142
121146
121147
121148
121149
121150
121151
121152
121154
121156
121159
121164
121168
121170
121171
121172
121173
121179
121181
121183
121184
121187
121188
121189
121191
121192
121194
121198
121200
121203
121204
121207
121211
121215
121216
121221
121223
121224
121225
121226
121228
121232
121235
121238
121239
121240
121241
121242
121243
121244
121245
121246
121247
121249
121253
121255
121256
121259
121260
121263
121265
121266
121268
121270
121272
121273
121277
121280
121281
121283
121284
121286
121288
121292
121293
121296
121297
121303
121304
121309
121311
121312
121317
121322
121323
121326
121328
121330
121331
121332
121333
121334
121337
121339
121341
121343
121345
121348
121349
121350
121351
121352
121353
121356
121358
121359
121360
121364
121367
121372
121373
121374
121376
121377
121378
121381
121382
121383
121385
121386
121387
121388
121390
121392
121393
121394
121395
121397
121398
121400
121402
121405
121407
121408
121409
121413
121415
121417
121421
121424
121425
121426
121427
121428
121429
121430
121431
121432
121436
121437
121440
121442
121444
121450
121451
121453
121454
121457
121458
121459
121460
121461
121462
121464
121465
121468
121469
121474
121477
121479
121487
121489
121493
121495
121498
121502
121503
121506
121509
121511
121513
121514
121515
121517
121520
121521
121524
121526
121530
121531
121533
121534
121538
121539
121540
121543
121546
121552
121555
121557
121558
121559
121560
121567
121569
121571
121573
121576
121578
121580
121581
121582
121585
121586
121589
121590
121592
121595
121599
121602
121603
121605
121606
121607
121613
121615
121616
121622
121623
121624
121625
121628
121629
121631
121632
121633
121634
121636
121637
121639
121640
121644
121645
121648
121649
121650
121651
121652
121654
121660
121663
121667
121670
121671
121672
121673
121674
121676
121677
121681
121682
121687
121688
121690
121691
121692
121693
121694
121695
121696
121697
121700
121701
121703
121706
121709
121710
121711
121713
121715
121716
121718
121720
121721
121726
121729
121730
121733
121735
121736
121737
121738
121739
121746
121750
121751
121753
121755
121759
121762
121764
121765
121768
121772
121775
121778
121780
121781
121782
121784
121786
121787
121789
121790
121791
121797
121799
121803
121804
121805
121806
121807
121810
121811
121814
121815
121816
121817
121818
121819
121822
121823
121824
121825
121828
121831
121832
121834
121835
121837
121841
121842
121846
121848
121850
121851
121852
121853
121856
121857
121858
121859
121860
121861
121862
121863
121866
121870
121874
121875
121876
121877
121880
121881
121882
121884
121887
121889
121891
121892
121897
121899
121900
121903
121905
121910
121912
121915
121916
121917
121919
121921
121922
121923
121925
121926
121928
121929
121930
121935
121936
121937
121938
121939
121942
121944
121946
121948
121949
121952
121953
121957
121959
121960
121961
121963
121965
121969
121972
121973
121974
121975
121976
121978
121981
121982
121983
121984
121986
121987
121988
121989
121990
121994
121995
121996
121999
122003
122004
122006
122008
122011
122013
122014
122016
122018
122019
122021
122022
122023
122025
122028
122030
122032
122033
122034
122035
122037
122038
122041
122043
122045
122048
122049
122051
122052
122053
122055
122059
122060
122061
122062
122063
122064
122065
122073
122078
122079
122080
122081
122082
122084
122088
122090
122091
122093
122097
122098
122100
122102
122104
122106
122115
122119
122120
122121
122124
122126
122130
122132
122133
122137
122139
122143
122144
122148
122151
122154
122156
122157
122158
122164
122168
122173
122174
122175
122176
122177
122179
122180
122183
122187
122189
122191
122195
122196
122198
122200
122202
122204
122206
122210
122211
122212
122214
122215
122217
122221
122222
122223
122224
122225
122226
122228
122231
122232
122234
122236
122237
122239
122243
122244
122247
122248
122249
122250
122251
122253
122255
122258
122259
122263
122264
122265
122266
122267
122273
122277
122280
122281
122283
122287
122288
122289
122290
122293
122294
122296
122299
122301
122305
122306
122311
122312
122314
122315
122317
122319
122321
122322
122324
122326
122327
122328
122332
122337
122340
122341
122342
122345
122347
122349
122351
122352
122354
122358
122359
122360
122361
122363
122364
122367
122370
122371
122373
122374
122376
122378
122380
122381
122384
122385
122387
122388
122391
122392
122396
122398
122400
122403
122405
122406
122407
122409
122410
122412
122414
122415
122416
122419
122421
122422
122424
122429
122430
122431
122432
122434
122438
122440
122441
122442
122443
122444
122446
122447
122448
122449
122451
122452
122453
122455
122456
122458
122459
122464
122466
122467
122468
122469
122470
122471
122473
122476
122479
122480
122482
122484
122485
122491
122492
122494
122496
122497
122499
122500
122501
122503
122505
122506
122510
122511
122513
122515
122517
122518
122520
122523
122524
122525
122526
122527
122529
122530
122536
122538
122541
122542
122545
122546
122547
122550
122552
122555
122557
122558
122559
122560
122561
122564
122568
122570
122571
122572
122573
122576
122579
122581
122582
122585
122586
122588
122589
122590
122595
122598
122599
122600
122601
122602
122604
122605
122607
122611
122612
122614
122615
122616
122617
122619
122624
122625
122626
122627
122628
122632
122634
122636
122637
122640
122642
122644
122647
122649
122651
122652
122653
122657
122658
122660
122661
122665
122668
122670
122673
122675
122679
122680
122684
122687
122688
122689
122693
122695
122698
122701
122702
122708
122709
122710
122711
122713
122714
122715
122716
122717
122718
122723
122724
122725
122726
122729
122730
122734
122740
122741
122742
122743
122745
122747
122748
122751
122752
122755
122757
122758
122760
122761
122762
122763
122765
122766
122768
122769
122770
122771
122772
122775
122777
122783
122784
122786
122788
122790
122792
122793
122794
122797
122798
122800
122806
122807
122810
122815
122816
122818
122819
122821
122823
122825
122826
122827
122839
122841
122842
122843
122847
122853
122856
122859
122861
122862
122864
122865
122869
122870
122872
122873
122875
122876
122878
122879
122880
122881
122883
122885
122886
122887
122889
122890
122891
122892
122893
122894
122895
122896
122898
122900
122902
122904
122909
122912
122913
122916
122918
122922
122923
122924
122926
122930
122931
122934
122935
122938
122939
122940
122941
122942
122944
122948
122949
122951
122953
122955
122957
122958
122959
122962
122963
122965
122968
122969
122970
122971
122976
122977
122979
122982
122983
122987
122988
122992
122993
122999
123001
123003
123004
123005
123009
123012
123014
123017
123019
123021
123022
123023
123026
123030
123032
123033
123034
123035
123036
123043
123044
123045
123046
123048
123052
123053
123054
123055
123058
123060
123064
123068
123069
123071
123072
123076
123079
123084
123085
123087
123089
123092
123095
123098
123099
123100
123101
123102
123104
123107
123108
123110
123111
123112
123114
123116
123117
123120
123122
123124
123125
123126
123129
123133
123134
123135
123136
123138
123139
123140
123142
123143
123146
123149
123150
123151
123152
123155
123158
123159
123161
123162
123163
123164
123165
123167
123169
123171
123173
123176
123177
123178
123182
123183
123185
123186
123187
123188
123189
123190
123191
123193
123197
123198
123201
123204
123207
123210
123212
123213
123214
123215
123220
123224
123226
123232
123234
123235
123237
123240
123241
123243
123244
123245
123246
123249
123250
123252
123256
123257
123258
123261
123262
123264
123266
123267
123273
123275
123276
123281
123282
123284
123286
123287
123288
123289
123290
123292
123293
123294
123295
123296
123304
123308
123309
123311
123314
123315
123316
123317
123318
123319
123320
123322
123324
123325
123328
123329
123330
123331
123333
123334
123338
123341
123342
123344
123345
123346
123348
123351
123352
123353
123354
123356
123359
123360
123361
123363
123364
123370
123371
123372
123373
123374
123375
123377
123380
123382
123388
123389
123391
123395
123397
123399
123400
123402
123403
123404
123405
123406
123407
123414
123415
123419
123420
123422
123423
123424
123427
123428
123432
123433
123437
123439
123440
123441
123442
123443
123445
123448
123449
123451
123454
123455
123456
123458
123459
123460
123461
123462
123466
123469
123471
123472
123473
123478
123480
123481
123484
123487
123488
123490
123495
123497
123499
123500
123502
123503
123504
123509
123510
123511
123514
123517
123518
123520
123521
123522
123524
123529
123530
123531
123532
123533
123534
123539
123541
123542
123543
123544
123545
123546
123547
123549
123550
123551
123552
123554
123555
123556
123559
123561
123562
123565
123566
123569
123570
123576
123577
123578
123581
123582
123587
123588
123593
123594
123595
123597
123598
123604
123605
123608
123610
123612
123613
123614
123615
123618
123620
123621
123624
123626
123628
123629
123631
123632
123633
123634
123640
123642
123644
123645
123646
123650
123653
123654
123655
123656
123657
123658
123659
123660
123662
123663
123666
123667
123668
123669
123670
123671
123674
123676
123678
123679
123682
123685
123690
123691
123694
123696
123698
123699
123705
123706
123709
123711
123712
123714
123715
123716
123717
123718
123720
123725
123727
123729
123730
123732
123735
123737
123741
123743
123744
123750
123752
123753
123755
123756
123757
123762
123763
123766
123768
123769
123771
123772
123775
123777
123778
123779
123781
123782
123783
123784
123785
123787
123789
123790
123791
123793
123794
123798
123799
123800
123801
123802
123803
123804
123806
123809
123810
123811
123812
123814
123815
123816
123818
123819
123822
123823
123824
123825
123828
123830
123832
123833
123834
123835
123836
123837
123838
123839
123840
123841
123842
123843
123845
123846
123849
123851
123855
123856
123858
123860
123861
123863
123866
123869
123870
123871
123872
123873
123874
123875
123876
123881
123882
123884
123885
123886
123888
123890
123892
123893
123894
123896
123897
123899
123900
123902
123904
123905
123906
123907
123910
123915
123917
123918
123921
123922
123923
123926
123927
123928
123930
123931
123932
123933
123935
123936
123937
123939
123941
123945
123947
123948
123952
123953
123954
123960
123963
123964
123965
123970
123973
123975
123976
123977
123980
123983
123987
123989
123991
123992
123994
123995
123996
123997
123998
124000
124001
124002
124003
124004
124006
124009
124012
124015
124017
124020
124024
124025
124026
124028
124029
124034
124036
124038
124045
124048
124050
124051
124052
124055
124056
124057
124058
124060
124064
124065
124066
124070
124071
124076
124078
124082
124084
124085
124086
124087
124088
124089
124091
124092
124093
124096
124097
124098
124101
124103
124104
124109
124110
124112
124114
124117
124118
124120
124121
124123
124125
124128
124129
124134
124136
124137
124138
124139
124141
124142
124144
124145
124146
124147
124149
124152
124153
124154
124155
124156
124159
124160
124163
124164
124166
124168
124171
124172
124173
124175
124176
124177
124178
124179
124181
124184
124187
124188
124189
124191
124193
124194
124195
124199
124201
124204
124205
124207
124210
124211
124212
124213
124214
124215
124219
124220
124221
124226
124227
124228
124229
124231
124232
124234
124235
124238
124239
124241
124242
124243
124244
124245
124246
124247
124250
124251
124252
124253
124254
124256
124261
124262
124265
124266
124267
124271
124275
124276
124277
124279
124285
124290
124295
124298
124305
124307
124308
124309
124313
124314
124315
124316
124317
124318
124323
124324
124329
124330
124333
124334
124335
124336
124340
124341
124343
124345
124346
124347
124348
124350
124353
124360
124362
124363
124364
124366
124367
124371
124373
124374
124376
124377
124380
124389
124390
124391
124392
124393
124394
124397
124399
124400
124404
124405
124406
124408
124410
124411
124418
124419
124420
124421
124422
124426
124427
124434
124439
124440
124442
124443
124444
124445
124446
124449
124450
124452
124453
124454
124458
124459
124460
124462
124465
124466
124467
124468
124469
124470
124471
124472
124473
124474
124476
124477
124478
124479
124480
124483
124488
124489
124490
124491
124493
124494
124495
124501
124503
124507
124508
124516
124522
124529
124531
124532
124534
124535
124537
124538
124539
124541
124543
124547
124548
124550
124557
124558
124559
124563
124568
124569
124571
124572
124575
124576
124584
124585
124587
124588
124591
124592
124593
124596
124598
124599
124602
124603
124607
124608
124611
124612
124613
124620
124621
124623
124625
124629
124632
124637
124639
124640
124642
124643
124654
124656
124657
124658
124659
124660
124661
124663
124665
124666
124667
124668
124670
124672
124673
124674
124675
124680
124681
124682
124683
124687
124689
124690
124691
124696
124698
124701
124702
124704
124705
124708
124709
124712
124716
124719
124721
124722
124726
124727
124728
124729
124730
124731
124732
124734
124736
124739
124742
124744
124745
124746
124748
124750
124752
124753
124756
124760
124763
124766
124768
124769
124770
124774
124775
124777
124778
124782
124783
124785
124787
124788
124791
124796
124797
124801
124804
124806
124808
124809
124812
124814
124819
124820
124823
124829
124831
124832
124833
124838
124841
124842
124843
124846
124847
124854
124858
124860
124861
124864
124865
124866
124867
124868
124869
124874
124878
124881
124883
124886
124888
124890
124893
124894
124895
124897
124899
124902
124903
124904
124909
124911
124912
124914
124915
124916
124920
124921
124925
124928
124930
124934
124935
124936
124937
124938
124939
124940
124941
124942
124943
124944
124945
124946
124947
124949
124950
124952
124954
124955
124956
124957
124958
124960
124965
124966
124968
124969
124970
124972
124973
124974
124976
124978
124979
124981
124984
124987
124990
124992
124993
124994
124995
124997
124998
124999
125001
125003
125004
125006
125008
125009
125010
125011
125013
125014
125018
125020
125022
125026
125029
125030
125033
125034
125035
125038
125041
125042
125045
125049
125051
125055
125056
125057
125058
125059
125060
125063
125064
125066
125067
125068
125070
125072
125075
125080
125081
125082
125088
125089
125090
125091
125094
125098
125100
125101
125102
125105
125106
125111
125112
125114
125115
125118
125124
125126
125128
125131
125132
125133
125134
125135
125136
125140
125143
125147
125149
125150
125153
125156
125157
125158
125162
125164
125165
125166
125167
125170
125175
125176
125178
125182
125183
125184
125188
125192
125193
125194
125195
125197
125198
125202
125203
125205
125206
125208
125215
125217
125222
125223
125224
125227
125229
125230
125232
125235
125236
125237
125239
125241
125242
125248
125251
125256
125258
125259
125261
125262
125266
125268
125269
125272
125273
125274
125275
125284
125294
125299
125301
125304
125307
125309
125310
125314
125315
125317
125318
125319
125320
125323
125324
125332
125333
125335
125337
125338
125342
125343
125344
125345
125346
125347
125349
125350
125351
125352
125354
125356
125357
125360
125362
125365
125366
125367
125368
125369
125370
125371
125372
125377
125381
125385
125386
125387
125388
125389
125391
125392
125393
125395
125401
125402
125403
125406
125407
125408
125409
125410
125411
125414
125415
125416
125417
125420
125421
125423
125424
125425
125426
125428
125429
125433
125437
125438
125439
125440
125443
125444
125445
125446
125447
125449
125450
125452
125454
125455
125457
125460
125461
125462
125463
125467
125468
125470
125471
125473
125474
125478
125482
125483
125484
125485
125488
125492
125493
125495
125500
125501
125502
125503
125504
125505
125506
125512
125517
125519
125520
125521
125522
125523
125526
125527
125529
125530
125531
125533
125534
125536
125538
125541
125542
125543
125546
125547
125548
125549
125550
125552
125554
125555
125557
125560
125561
125562
125564
125567
125570
125574
125580
125582
125583
125584
125585
125587
125588
125589
125593
125595
125597
125599
125601
125602
125604
125606
125609
125610
125612
125617
125618
125619
125620
125621
125622
125630
125631
125632
125634
125635
125636
125638
125639
125640
125643
125644
125650
125654
125656
125657
125659
125660
125662
125663
125664
125666
125668
125669
125672
125673
125675
125677
125680
125682
125683
125692
125693
125694
125695
125700
125701
125702
125703
125706
125708
125709
125712
125713
125716
125717
125719
125722
125723
125725
125726
125727
125728
125729
125731
125732
125734
125736
125737
125739
125741
125742
125744
125748
125753
125754
125757
125758
125765
125767
125769
125770
125772
125774
125780
125781
125783
125789
125791
125792
125793
125796
125797
125798
125800
125804
125807
125808
125809
125811
125812
125817
125819
125820
125821
125827
125828
125831
125833
125836
125837
125838
125839
125840
125841
125842
125843
125846
125847
125848
125852
125857
125859
125860
125861
125862
125863
125864
125865
125866
125867
125868
125871
125873
125874
125877
125881
125882
125884
125885
125886
125889
125890
125891
125896
125900
125901
125903
125904
125906
125907
125910
125911
125912
125914
125917
125918
125923
125924
125927
125928
125929
125931
125932
125933
125936
125937
125938
125939
125940
125942
125943
125944
125949
125952
125953
125956
125957
125959
125961
125963
125964
125968
125969
125970
125971
125973
125977
125980
125981
125982
125985
125987
125989
125992
125993
125997
125998
125999
126001
126002
126004
126005
126009
126010
126011
126012
126017
126018
126020
126021
126023
126025
126028
126029
126030
126031
126032
126033
126034
126035
126036
126039
126040
126041
126042
126043
126045
126046
126049
126052
126053
126055
126056
126057
126060
126061
126062
126065
126066
126068
126069
126076
126079
126080
126081
126082
126083
126084
126085
126089
126091
126097
126098
126099
126100
126101
126102
126103
126104
126106
126107
126110
126113
126114
126116
126117
126118
126120
126124
126126
126130
126132
126134
126135
126138
126139
126141
126144
126145
126147
126151
126152
126153
126154
126155
126159
126160
126161
126163
126164
126165
126166
126168
126169
126170
126174
126176
126177
126178
126185
126186
126188
126190
126191
126192
126193
126195
126196
126197
126198
126199
126202
126204
126206
126207
126208
126210
126211
126215
126216
126217
126218
126223
126224
126225
126226
126227
126228
126233
126234
126237
126239
126240
126241
126244
126245
126247
126249
126250
126253
126254
126255
126257
126264
126267
126270
126271
126273
126275
126277
126278
126280
126283
126284
126286
126287
126290
126292
126293
126294
126295
126296
126299
126300
126301
126305
126306
126308
126309
126310
126313
126314
126319
126320
126328
126329
126330
126332
126333
126336
126337
126339
126346
126347
126351
126355
126358
126360
126361
126363
126366
126367
126368
126369
126371
126372
126373
126374
126377
126381
126382
126388
126390
126391
126392
126393
126396
126398
126399
126400
126401
126402
126403
126405
126406
126409
126410
126413
126417
126419
126422
126428
126429
126431
126432
126433
126437
126441
126444
126445
126446
126449
126451
126453
126454
126455
126456
126457
126458
126459
126462
126463
126464
126468
126471
126477
126478
126479
126480
126482
126485
126486
126488
126491
126493
126495
126498
126500
126501
126502
126503
126504
126506
126507
126509
126510
126512
126516
126517
126519
126520
126522
126523
126524
126525
126530
126531
126532
126534
126536
126537
126538
126540
126543
126544
126548
126551
126552
126555
126557
126560
126561
126562
126565
126566
126567
126568
126571
126572
126574
126575
126576
126579
126581
126585
126587
126590
126595
126596
126599
126600
126601
126602
126603
126607
126609
126610
126611
126612
126613
126614
126615
126616
126617
126618
126619
126620
126621
126622
126624
126625
126634
126637
126639
126641
126644
126645
126646
126647
126648
126649
126650
126653
126655
126659
126660
126663
126666
126667
126668
126669
126670
126672
126676
126681
126683
126686
126687
126688
126689
126690
126693
126694
126696
126698
126699
126701
126702
126703
126709
126711
126712
126713
126716
126717
126718
126719
126720
126722
126723
126724
126727
126732
126734
126735
126736
126737
126740
126744
126745
126746
126747
126748
126749
126751
126752
126754
126755
126758
126761
126762
126763
126767
126768
126771
126772
126774
126779
126780
126783
126784
126785
126787
126788
126789
126790
126795
126801
126802
126804
126807
126808
126811
126812
126813
126814
126815
126816
126817
126818
126820
126821
126822
126824
126827
126829
126832
126838
126840
126841
126844
126845
126846
126847
126852
126853
126854
126855
126861
126863
126864
126866
126872
126874
126876
126882
126884
126885
126887
126888
126889
126890
126891
126893
126894
126895
126897
126899
126902
126903
126904
126906
126907
126908
126911
126912
126913
126920
126922
126925
126928
126930
126931
126932
126934
126939
126943
126944
126947
126948
126949
126950
126952
126954
126955
126960
126961
126962
126963
126967
126968
126969
126970
126975
126976
126977
126980
126981
126982
126983
126988
126989
126990
126992
126996
126997
126998
127000
127001
127002
127004
127005
127008
127009
127012
127015
127018
127022
127023
127025
127026
127027
127029
127030
127031
127032
127033
127035
127036
127038
127042
127049
127051
127052
127053
127054
127056
127057
127058
127059
127060
127061
127062
127064
127065
127070
127072
127074
127078
127081
127086
127087
127088
127089
127092
127095
127097
127100
127101
127102
127103
127104
127105
127107
127109
127110
127111
127113
127114
127117
127118
127119
127120
127122
127123
127125
127128
127129
127132
127134
127136
127137
127138
127139
127140
127142
127144
127147
127148
127149
127150
127152
127153
127156
127164
127167
127169
127171
127175
127176
127178
127179
127180
127181
127182
127183
127188
127193
127194
127197
127200
127201
127203
127204
127207
127208
127209
127210
127212
127215
127216
127218
127220
127221
127224
127229
127230
127231
127235
127237
127240
127241
127243
127244
127245
127248
127250
127251
127252
127253
127255
127256
127258
127260
127261
127262
127263
127265
127266
127267
127271
127273
127274
127275
127276
127277
127279
127280
127284
127285
127286
127288
127295
127296
127304
127306
127307
127308
127309
127311
127313
127315
127317
127318
127321
127323
127324
127326
127327
127329
127333
127336
127338
127339
127342
127343
127344
127345
127347
127348
127349
127353
127354
127355
127360
127362
127363
127365
127371
127372
127374
127375
127377
127379
127381
127384
127386
127389
127390
127393
127394
127396
127397
127398
127399
127400
127401
127402
127407
127410
127412
127413
127415
127416
127417
127419
127420
127422
127424
127426
127427
127428
127429
127431
127433
127437
127438
127439
127440
127441
127445
127446
127447
127448
127450
127451
127452
127454
127458
127460
127463
127464
127465
127468
127469
127470
127472
127473
127474
127475
127477
127478
127479
127481
127482
127484
127485
127487
127489
127490
127491
127492
127494
127495
127504
127507
127510
127512
127519
127520
127522
127523
127525
127528
127535
127539
127540
127543
127544
127545
127548
127549
127550
127553
127554
127560
127561
127562
127566
127567
127568
127569
127571
127573
127576
127580
127582
127584
127585
127588
127590
127592
127593
127594
127602
127603
127604
127605
127607
127608
127609
127610
127612
127613
127614
127616
127618
127621
127624
127625
127627
127628
127631
127632
127634
127637
127639
127640
127644
127646
127648
127649
127653
127654
127655
127661
127662
127667
127676
127678
127679
127680
127685
127686
127687
127688
127689
127691
127693
127694
127695
127696
127700
127702
127704
127706
127708
127710
127717
127720
127726
127727
127728
127732
127736
127739
127741
127742
127743
127748
127749
127750
127753
127755
127756
127758
127759
127760
127762
127764
127765
127767
127768
127770
127772
127773
127776
127778
127779
127782
127785
127787
127788
127789
127791
127792
127793
127796
127798
127801
127803
127804
127809
127810
127815
127819
127820
127822
127823
127824
127826
127829
127831
127832
127834
127835
127838
127839
127840
127841
127845
127847
127854
127855
127857
127863
127865
127867
127870
127872
127873
127874
127876
127878
127880
127881
127883
127884
127887
127888
127889
127892
127895
127896
127904
127906
127909
127910
127911
127914
127916
127917
127918
127919
127921
127922
127923
127925
127927
127929
127931
127936
127937
127938
127939
127941
127944
127945
127946
127947
127948
127953
127954
127955
127956
127958
127959
127960
127961
127962
127963
127964
127966
127967
127969
127972
127975
127976
127977
127978
127979
127980
127981
127983
127984
127985
127988
127991
127992
127995
127996
127997
127998
127999
128000
128001
128004
128006
128007
128008
128011
128012
128013
128014
128016
128017
128027
128029
128034
128036
128037
128038
128042
128044
128045
128046
128047
128049
128054
128055
128056
128057
128060
128061
128064
128066
128067
128068
128069
128070
128071
128072
128073
128075
128076
128078
128080
128083
128086
128087
128093
128096
128097
128098
128100
128101
128109
128110
128111
128113
128115
128116
128119
128122
128123
128128
128132
128134
128136
128137
128138
128140
128141
128145
128148
128149
128151
128152
128153
128154
128155
128157
128158
128159
128160
128162
128163
128164
128165
128168
128173
128177
128178
128184
128186
128189
128190
128193
128194
128195
128197
128198
128199
128201
128202
128203
128205
128206
128213
128214
128215
128218
128219
128220
128224
128225
128231
128233
128234
128237
128238
128239
128240
128241
128244
128248
128249
128250
128254
128255
128256
128257
128258
128259
128260
128261
128262
128264
128266
128267
128270
128272
128273
128275
128280
128282
128283
128286
128289
128290
128295
128298
128300
128302
128304
128305
128306
128308
128310
128311
128312
128313
128317
128318
128319
128320
128324
128326
128328
128329
128330
128334
128336
128342
128345
128347
128348
128349
128351
128352
128354
128358
128361
128363
128364
128368
128372
128373
128374
128375
128376
128378
128380
128383
128384
128386
128389
128391
128392
128393
128396
128398
128399
128403
128404
128408
128410
128411
128414
128419
128420
128421
128423
128426
128429
128430
128431
128435
128436
128437
128438
128439
128442
128447
128451
128452
128454
128455
128456
128458
128465
128466
128467
128469
128470
128472
128473
128474
128475
128478
128479
128481
128483
128486
128489
128490
128491
128492
128496
128499
128500
128501
128505
128508
128510
128511
128512
128513
128515
128517
128520
128521
128529
128530
128534
128535
128537
128538
128539
128540
128542
128543
128544
128546
128547
128548
128549
128550
128551
128552
128553
128554
128558
128563
128564
128566
128569
128571
128576
128578
128579
128581
128582
128583
128589
128590
128591
128593
128595
128596
128598
128599
128600
128603
128605
128606
128607
128610
128611
128614
128615
128616
128617
128618
128619
128620
128623
128625
128626
128627
128628
128629
128631
128634
128635
128638
128639
128642
128643
128644
128645
128647
128648
128651
128652
128653
128654
128655
128656
128662
128663
128665
128666
128668
128671
128672
128675
128680
128683
128685
128686
128687
128688
128690
128691
128692
128693
128697
128698
128700
128702
128704
128705
128706
128709
128710
128711
128712
128713
128715
128719
128721
128723
128724
128725
128729
128730
128731
128732
128734
128735
128737
128740
128742
128743
128746
128748
128752
128753
128754
128758
128759
128763
128764
128765
128766
128768
128770
128771
128774
128782
128784
128786
128788
128789
128790
128793
128794
128796
128798
128799
128800
128802
128804
128805
128809
128811
128812
128813
128814
128816
128817
128822
128823
128824
128827
128828
128829
128831
128832
128833
128836
128838
128842
128843
128846
128849
128851
128852
128854
128855
128856
128857
128859
128860
128861
128862
128863
128864
128866
128867
128868
128870
128871
128874
128875
128876
128878
128882
128884
128885
128886
128887
128889
128890
128891
128895
128896
128898
128900
128901
128904
128906
128911
128913
128914
128915
128917
128918
128924
128926
128928
128929
128931
128936
128937
128938
128941
128945
128947
128948
128949
128953
128954
128956
128957
128958
128959
128960
128963
128969
128970
128973
128974
128976
128977
128978
128979
128980
128981
128984
128990
128991
128992
128994
128995
128997
129001
129003
129008
129010
129013
129014
129015
129019
129020
129021
129024
129025
129026
129029
129031
129032
129033
129034
129038
129040
129041
129043
129047
129051
129057
129061
129064
129065
129066
129072
129075
129076
129077
129079
129081
129082
129083
129085
129087
129089
129091
129092
129093
129094
129098
129099
129101
129103
129104
129105
129106
129107
129108
129109
129110
129112
129115
129116
129118
129120
129123
129126
129127
129132
129134
129135
129137
129139
129140
129144
129146
129155
129156
129157
129158
129160
129161
129164
129168
129169
129170
129172
129174
129178
129179
129182
129183
129185
129187
129190
129193
129194
129195
129197
129198
129201
129202
129204
129207
129208
129209
129210
129211
129213
129216
129219
129220
129221
129222
129223
129224
129225
129226
129227
129228
129229
129230
129231
129233
129235
129238
129239
129240
129242
129243
129244
129247
129248
129249
129250
129251
129253
129254
129255
129256
129257
129260
129261
129263
129266
129267
129271
129273
129276
129278
129279
129281
129282
129284
129285
129289
129290
129296
129300
129302
129303
129304
129305
129307
129309
129312
129313
129315
129317
129319
129326
129327
129332
129335
129337
129339
129340
129341
129342
129343
129344
129345
129346
129348
129349
129352
129353
129354
129355
129357
129358
129363
129366
129367
129369
129370
129373
129376
129379
129380
129383
129384
129385
129386
129387
129389
129392
129394
129396
129398
129399
129400
129403
129406
129411
129413
129415
129416
129419
129422
129423
129426
129428
129430
129431
129433
129434
129435
129442
129443
129444
129445
129446
129447
129448
129449
129453
129454
129455
129456
129458
129460
129465
129466
129471
129472
129475
129477
129479
129480
129481
129482
129483
129488
129489
129493
129496
129500
129502
129504
129505
129508
129509
129510
129511
129513
129515
129517
129518
129519
129521
129522
129523
129525
129527
129529
129530
129533
129534
129537
129538
129540
129541
129542
129543
129545
129546
129549
129552
129554
129555
129557
129558
129559
129561
129562
129564
129566
129567
129568
129569
129570
129574
129578
129579
129580
129581
129583
129584
129585
129586
129587
129589
129591
129594
129595
129596
129598
129599
129602
129603
129604
129607
129608
129610
129612
129613
129614
129615
129617
129618
129623
129624
129625
129627
129628
129633
129634
129636
129637
129638
129639
129643
129646
129647
129650
129655
129658
129660
129661
129662
129664
129666
129669
129670
129672
129673
129676
129679
129680
129683
129684
129686
129687
129689
129694
129697
129699
129702
129704
129706
129707
129710
129711
129713
129716
129720
129721
129723
129726
129727
129728
129729
129730
129731
129733
129735
129736
129737
129739
129743
129744
129746
129747
129748
129749
129751
129752
129753
129759
129760
129763
129764
129766
129767
129768
129769
129770
129772
129773
129777
129782
129786
129788
129789
129795
129796
129799
129801
129802
129806
129808
129809
129813
129815
129816
129821
129824
129825
129826
129829
129830
129831
129832
129834
129835
129836
129837
129839
129840
129842
129845
129846
129848
129849
129850
129851
129856
129858
129859
129861
129866
129867
129868
129872
129873
129874
129875
129877
129880
129881
129883
129884
129885
129886
129889
129890
129891
129893
129894
129895
129896
129898
129901
129903
129904
129906
129908
129909
129910
129911
129912
129914
129915
129917
129920
129921
129923
129924
129925
129928
129931
129932
129934
129935
129938
129941
129945
129948
129950
129952
129955
129956
129958
129960
129961
129962
129963
129964
129966
129967
129969
129973
129974
129975
129980
129982
129992
129996
129997
129998
129999
130003
130004
130005
130006
130008
130009
130010
130012
130014
130016
130019
130020
130022
130024
130026
130030
130031
130032
130033
130039
130045
130048
130057
130058
130059
130061
130063
130068
130069
130070
130071
130072
130073
130075
130080
130081
130084
130085
130087
130088
130089
130092
130095
130097
130102
130103
130104
130106
130108
130110
130111
130113
130115
130118
130119
130120
130121
130122
130123
130125
130126
130128
130129
130133
130134
130135
130136
130137
130138
130139
130142
130144
130146
130148
130150
130152
130153
130154
130156
130157
130158
130161
130162
130164
130165
130166
130171
130172
130173
130178
130181
130183
130186
130187
130190
130194
130195
130196
130199
130200
130202
130203
130204
130207
130208
130209
130210
130211
130214
130220
130227
130228
130230
130233
130234
130237
130238
130242
130243
130245
130247
130250
130252
130253
130255
130257
130258
130259
130261
130262
130263
130264
130265
130267
130270
130271
130273
130275
130277
130279
130280
130284
130286
130288
130293
130295
130296
130297
130300
130302
130303
130305
130308
130309
130311
130312
130313
130315
130318
130320
130323
130325
130328
130329
130334
130336
130337
130340
130341
130343
130344
130347
130348
130349
130351
130352
130353
130358
130361
130362
130365
130366
130367
130369
130370
130371
130372
130373
130374
130376
130378
130383
130389
130390
130392
130393
130394
130396
130398
130402
130403
130404
130405
130406
130410
130415
130416
130417
130418
130421
130423
130424
130426
130428
130429
130432
130433
130435
130437
130439
130442
130446
130449
130451
130452
130454
130459
130464
130465
130470
130471
130473
130474
130475
130478
130479
130482
130483
130486
130492
130496
130497
130498
130499
130500
130502
130503
130504
130505
130506
130509
130510
130511
130512
130513
130515
130517
130518
130520
130526
130527
130531
130532
130534
130535
130536
130539
130542
130544
130546
130547
130550
130551
130552
130554
130555
130558
130559
130561
130563
130564
130565
130569
130570
130573
130575
130576
130581
130583
130587
130588
130589
130590
130591
130592
130594
130596
130599
130601
130602
130604
130605
130606
130607
130612
130615
130617
130618
130619
130620
130622
130623
130625
130628
130632
130634
130635
130636
130640
130642
130644
130645
130646
130647
130648
130649
130651
130652
130653
130655
130656
130657
130659
130665
130667
130669
130672
130683
130686
130687
130688
130689
130691
130695
130700
130701
130702
130703
130706
130707
130712
130713
130714
130715
130716
130717
130718
130719
130721
130723
130724
130726
130731
130732
130733
130734
130735
130736
130739
130740
130741
130742
130743
130746
130747
130748
130749
130750
130752
130754
130757
130760
130761
130762
130764
130765
130766
130767
130770
130772
130777
130780
130782
130783
130785
130786
130792
130794
130795
130797
130802
130804
130806
130807
130809
130810
130814
130815
130816
130819
130822
130825
130826
130829
130830
130831
130832
130836
130838
130841
130842
130843
130845
130846
130851
130854
130855
130863
130864
130866
130867
130868
130872
130873
130874
130875
130878
130881
130882
130889
130892
130895
130896
130899
130902
130904
130907
130908
130912
130913
130914
130918
130919
130920
130923
130925
130928
130930
130931
130932
130933
130936
130937
130938
130941
130943
130944
130945
130947
130948
130949
130952
130953
130956
130957
130958
130959
130960
130961
130963
130964
130965
130966
130969
130970
130971
130972
130974
130976
130977
130978
130980
130982
130985
130986
130988
130989
130991
130992
130993
130994
130996
130999
131001
131003
131004
131005
131007
131008
131011
131012
131013
131014
131017
131018
131019
131021
131022
131027
131031
131032
131035
131036
131038
131039
131040
131046
131048
131051
131052
131055
131056
131059
131063
131064
131068
131069
131070
131071
131073
131074
131075
131076
131081
131082
131084
131091
131092
131094
131095
131096
131098
131100
131101
131102
131104
131105
131107
131109
131113
131115
131116
131118
131120
131122
131123
131124
131126
131127
131129
131130
131131
131132
131134
131136
131138
131139
131140
131142
131143
131145
131146
131148
131151
131155
131156
131158
131161
131166
131167
131168
131175
131176
131177
131179
131185
131186
131187
131190
131192
131196
131198
131199
131200
131201
131202
131204
131205
131206
131207
131208
131209
131211
131212
131215
131216
131217
131218
131221
131223
131225
131227
131228
131229
131231
131233
131234
131235
131238
131239
131242
131243
131246
131256
131257
131258
131261
131263
131264
131267
131268
131272
131273
131275
131276
131277
131279
131281
131282
131285
131286
131287
131290
131291
131292
131294
131295
131300
131301
131303
131304
131309
131310
131317
131318
131322
131323
131324
131325
131327
131330
131331
131332
131333
131334
131335
131339
131340
131341
131342
131345
131347
131348
131352
131354
131356
131357
131358
131360
131362
131366
131367
131368
131370
131371
131372
131373
131377
131378
131379
131381
131384
131386
131387
131388
131389
131394
131395
131396
131397
131399
131400
131401
131403
131405
131407
131408
131410
131414
131415
131417
131418
131419
131423
131424
131428
131429
131432
131433
131437
131441
131442
131443
131445
131446
131450
131452
131454
131456
131458
131460
131461
131462
131465
131468
131472
131473
131474
131475
131476
131477
131478
131480
131484
131486
131487
131489
131490
131491
131492
131494
131497
131504
131507
131508
131510
131512
131514
131515
131516
131517
131518
131520
131521
131525
131526
131530
131535
131536
131538
131540
131541
131542
131543
131544
131545
131549
131550
131551
131559
131560
131563
131564
131565
131569
131570
131572
131573
131576
131578
131581
131582
131583
131585
131586
131588
131592
131593
131595
131597
131599
131600
131601
131603
131604
131605
131606
131608
131613
131614
131615
131617
131621
131622
131624
131625
131626
131627
131628
131630
131632
131634
131635
131636
131639
131641
131643
131644
131645
131646
131648
131649
131650
131651
131652
131653
131654
131655
131656
131659
131661
131664
131666
131669
131670
131673
131675
131676
131678
131680
131681
131682
131684
131685
131688
131691
131694
131696
131699
131701
131702
131703
131704
131705
131706
131707
131708
131709
131710
131711
131714
131716
131720
131721
131724
131726
131727
131729
131731
131734
131735
131741
131743
131745
131747
131750
131753
131756
131757
131758
131759
131760
131761
131763
131764
131766
131768
131769
131773
131775
131776
131779
131781
131782
131784
131786
131787
131790
131794
131796
131800
131802
131803
131805
131806
131807
131808
131811
131813
131814
131815
131819
131820
131821
131823
131826
131830
131833
131837
131839
131842
131844
131846
131848
131850
131852
131855
131856
131858
131864
131866
131868
131874
131875
131879
131880
131885
131888
131889
131890
131892
131894
131895
131898
131900
131903
131905
131906
131907
131908
131909
131914
131916
131917
131919
131920
131922
131928
131929
131931
131933
131935
131937
131938
131940
131941
131943
131944
131945
131946
131947
131948
131951
131953
131956
131957
131958
131961
131962
131963
131968
131969
131970
131971
131972
131975
131977
131978
131980
131984
131985
131986
131988
131991
131993
131995
131997
132002
132003
132005
132007
132009
132010
132011
132012
132015
132017
132018
132019
132023
132025
132026
132029
132030
132031
132032
132035
132039
132041
132042
132043
132045
132047
132048
132050
132052
132053
132054
132055
132057
132060
132061
132062
132063
132065
132066
132068
132069
132071
132072
132074
132075
132078
132079
132080
132081
132082
132083
132084
132086
132087
132089
132091
132094
132095
132099
132100
132101
132102
132103
132106
132108
132110
132111
132112
132115
132116
132118
132119
132120
132121
132123
132125
132126
132127
132129
132133
132134
132141
132142
132143
132144
132147
132150
132153
132154
132157
132160
132164
132165
132166
132167
132172
132174
132175
132177
132178
132182
132183
132184
132185
132189
132192
132196
132199
132200
132202
132203
132204
132206
132207
132210
132211
132213
132214
132215
132216
132217
132218
132221
132222
132224
132226
132228
132230
132231
132235
132236
132237
132238
132240
132249
132252
132258
132259
132262
132264
132265
132269
132270
132273
132275
132278
132279
132280
132281
132284
132285
132286
132288
132291
132294
132295
132299
132300
132302
132306
132308
132309
132311
132315
132318
132325
132329
132330
132331
132338
132339
132340
132341
132346
132347
132349
132351
132353
132355
132356
132358
132359
132361
132363
132364
132365
132367
132368
132371
132372
132379
132380
132382
132383
132384
132385
132386
132387
132389
132395
132396
132398
132399
132400
132401
132402
132403
132404
132405
132409
132410
132411
132412
132413
132415
132416
132418
132419
132421
132423
132427
132428
132430
132431
132432
132433
132440
132442
132443
132449
132450
132452
132453
132456
132457
132459
132463
132464
132466
132468
132469
132474
132476
132477
132478
132485
132487
132489
132494
132495
132496
132497
132500
132501
132506
132507
132509
132510
132513
132516
132518
132519
132522
132523
132524
132528
132529
132530
132531
132533
132536
132537
132543
132544
132546
132547
132549
132551
132552
132556
132557
132559
132560
132562
132564
132569
132571
132574
132575
132576
132577
132580
132584
132585
132587
132589
132590
132596
132597
132598
132599
132602
132603
132605
132606
132608
132611
132612
132613
132616
132619
132621
132624
132626
132628
132631
132632
132635
132637
132638
132640
132641
132643
132644
132645
132650
132651
132652
132653
132655
132657
132659
132664
132665
132668
132669
132671
132675
132678
132680
132681
132683
132684
132685
132687
132688
132691
132692
132693
132694
132699
132700
132701
132703
132704
132707
132708
132710
132712
132713
132714
132718
132722
132723
132725
132726
132729
132732
132733
132736
132737
132740
132749
132750
132751
132752
132753
132756
132759
132761
132763
132766
132767
132768
132770
132774
132776
132781
132783
132787
132789
132790
132791
132792
132793
132794
132795
132796
132797
132798
132799
132800
132804
132805
132808
132809
132812
132814
132817
132818
132820
132822
132824
132827
132828
132831
132833
132836
132838
132839
132841
132842
132843
132844
132850
132853
132859
132860
132861
132862
132864
132865
132866
132867
132872
132873
132875
132877
132878
132879
132881
132882
132883
132885
132887
132889
132891
132895
132896
132899
132902
132906
132909
132910
132914
132915
132916
132917
132918
132919
132921
132922
132923
132926
132929
132930
132932
132933
132937
132938
132940
132942
132944
132945
132953
132954
132955
132958
132959
132961
132963
132964
132970
132971
132973
132975
132976
132978
132979
132980
132983
132984
132985
132988
132989
132990
132995
132998
133001
133003
133004
133005
133006
133007
133011
133013
133022
133023
133028
133029
133030
133034
133035
133036
133037
133039
133040
133041
133042
133043
133048
133051
133052
133056
133057
133060
133061
133062
133063
133064
133067
133069
133071
133074
133076
133079
133082
133084
133085
133087
133091
133092
133094
133097
133098
133102
133103
133104
133105
133106
133109
133113
133114
133119
133121
133127
133128
133129
133132
133133
133134
133135
133136
133140
133147
133150
133153
133154
133156
133157
133158
133160
133162
133164
133167
133169
133170
133171
133175
133182
133183
133185
133188
133192
133193
133195
133198
133201
133203
133206
133209
133210
133211
133212
133213
133214
133215
133217
133221
133222
133224
133225
133226
133227
133229
133232
133233
133234
133236
133237
133238
133240
133242
133243
133245
133247
133248
133250
133251
133252
133258
133259
133263
133264
133265
133266
133270
133271
133273
133278
133279
133280
133283
133284
133285
133286
133288
133289
133290
133295
133296
133297
133298
133299
133303
133304
133308
133316
133318
133320
133321
133322
133325
133326
133328
133329
133337
133341
133342
133344
133346
133347
133349
133352
133353
133354
133356
133357
133358
133360
133361
133363
133364
133365
133366
133369
133370
133371
133372
133375
133376
133378
133379
133380
133381
133382
133386
133388
133390
133393
133394
133396
133401
133402
133408
133409
133411
133412
133414
133415
133417
133419
133420
133421
133422
133423
133424
133428
133431
133432
133434
133437
133438
133440
133442
133444
133445
133446
133447
133450
133454
133457
133462
133464
133467
133468
133469
133471
133477
133478
133479
133484
133485
133489
133492
133495
133496
133500
133501
133504
133505
133509
133512
133513
133516
133517
133518
133520
133522
133524
133525
133528
133530
133531
133536
133544
133545
133546
133547
133549
133550
133552
133554
133556
133557
133561
133562
133564
133567
133569
133570
133571
133572
133573
133576
133580
133581
133584
133586
133592
133593
133594
133595
133596
133599
133600
133604
133606
133609
133611
133612
133613
133614
133616
133617
133618
133619
133620
133623
133625
133627
133630
133633
133634
133635
133639
133640
133642
133643
133646
133649
133650
133653
133654
133656
133657
133658
133660
133661
133662
133664
133665
133666
133667
133668
133673
133676
133677
133678
133679
133681
133685
133688
133689
133690
133691
133692
133693
133694
133695
133701
133704
133705
133706
133708
133711
133713
133715
133717
133718
133720
133728
133729
133731
133732
133733
133734
133735
133737
133740
133741
133743
133744
133745
133747
133749
133750
133752
133753
133754
133757
133758
133763
133765
133766
133767
133769
133770
133771
133774
133775
133779
133782
133783
133784
133789
133791
133794
133796
133800
133802
133803
133805
133807
133809
133811
133812
133815
133817
133818
133821
133826
133828
133830
133831
133832
133833
133834
133835
133838
133840
133842
133843
133845
133846
133848
133850
133853
133857
133858
133859
133862
133863
133864
133865
133866
133869
133871
133872
133873
133874
133875
133876
133879
133881
133882
133883
133884
133885
133888
133890
133892
133896
133897
133899
133905
133906
133910
133912
133914
133919
133920
133921
133925
133926
133928
133929
133930
133931
133932
133934
133936
133939
133940
133941
133945
133955
133956
133958
133959
133962
133963
133964
133965
133966
133967
133968
133969
133970
133971
133972
133973
133978
133984
133985
133986
133987
133991
133992
133993
133994
133996
133998
133999
134001
134002
134003
134007
134008
134010
134011
134012
134013
134015
134017
134019
134020
134021
134022
134026
134027
134028
134030
134031
134036
134039
134040
134041
134044
134049
134050
134053
134055
134056
134058
134060
134061
134064
134066
134068
134069
134070
134071
134072
134073
134074
134075
134076
134080
134083
134085
134086
134087
134089
134090
134091
134095
134097
134100
134102
134103
134106
134107
134108
134109
134110
134113
134114
134115
134117
134118
134119
134120
134121
134123
134126
134127
134130
134132
134133
134134
134136
134139
134140
134142
134144
134145
134147
134148
134149
134150
134151
134155
134157
134160
134161
134164
134167
134169
134173
134177
134179
134180
134182
134184
134185
134186
134188
134190
134193
134195
134196
134197
134198
134201
134202
134204
134207
134209
134211
134213
134214
134215
134216
134217
134218
134221
134222
134224
134225
134227
134231
134234
134235
134236
134240
134241
134243
134244
134246
134248
134252
134253
134254
134255
134256
134264
134266
134273
134274
134275
134277
134278
134281
134282
134284
134285
134286
134288
134292
134293
134305
134306
134309
134312
134314
134315
134316
134318
134319
134324
134328
134332
134333
134334
134336
134337
134341
134342
134345
134348
134349
134350
134351
134354
134356
134357
134358
134361
134362
134363
134365
134366
134367
134368
134370
134373
134374
134375
134376
134377
134378
134380
134382
134386
134387
134390
134391
134393
134395
134398
134399
134400
134405
134406
134407
134410
134412
134413
134414
134418
134420
134421
134424
134425
134427
134428
134430
134431
134435
134437
134439
134440
134442
134444
134446
134448
134450
134451
134452
134455
134457
134459
134460
134463
134464
134467
134468
134469
134470
134472
134473
134474
134477
134478
134479
134480
134483
134486
134488
134489
134495
134497
134498
134502
134503
134504
134508
134510
134515
134517
134523
134525
134527
134528
134532
134533
134535
134537
134538
134539
134540
134541
134542
134544
134545
134548
134549
134550
134559
134562
134563
134564
134568
134572
134575
134577
134578
134579
134580
134583
134586
134591
134593
134596
134598
134604
134605
134608
134610
134611
134613
134614
134616
134617
134619
134620
134623
134625
134627
134629
134634
134636
134637
134638
134639
134642
134643
134645
134646
134648
134652
134654
134655
134656
134658
134661
134662
134667
134669
134675
134678
134679
134683
134684
134685
134686
134687
134688
134689
134690
134693
134695
134696
134698
134700
134701
134706
134708
134714
134715
134717
134718
134719
134720
134721
134724
134726
134727
134728
134729
134730
134733
134739
134740
134741
134744
134746
134747
134749
134750
134752
134753
134754
134755
134761
134762
134765
134767
134768
134771
134772
134774
134778
134781
134782
134783
134784
134787
134789
134790
134791
134793
134794
134795
134797
134801
134804
134809
134810
134811
134812
134813
134819
134824
134826
134827
134831
134833
134835
134837
134840
134841
134842
134843
134846
134851
134852
134856
134857
134858
134860
134862
134864
134867
134870
134872
134878
134880
134883
134884
134885
134890
134894
134895
134897
134898
134899
134902
134907
134908
134909
134910
134911
134913
134917
134918
134920
134922
134923
134924
134926
134927
134931
134936
134937
134939
134940
134941
134944
134945
134946
134950
134951
134955
134956
134957
134959
134963
134964
134965
134967
134968
134970
134971
134972
134975
134976
134977
134979
134981
134983
134984
134986
134988
134989
134993
134995
134996
134997
134999
135000
135001
135006
135007
135009
135010
135013
135014
135015
135017
135020
135022
135027
135029
135030
135032
135033
135037
135038
135040
135041
135047
135049
135050
135052
135053
135057
135058
135060
135061
135064
135067
135068
135069
135070
135071
135074
135076
135077
135078
135082
135085
135089
135091
135093
135094
135096
135097
135098
135099
135100
135101
135102
135103
135105
135107
135108
135109
135111
135113
135114
135116
135117
135118
135119
135120
135121
135124
135127
135132
135137
135141
135144
135146
135150
135151
135152
135153
135155
135156
135158
135160
135161
135163
135164
135165
135167
135170
135171
135173
135176
135177
135178
135179
135180
135181
135182
135185
135186
135190
135191
135192
135193
135194
135196
135198
135199
135200
135204
135206
135207
135208
135210
135216
135219
135220
135222
135223
135224
135225
135227
135230
135231
135235
135236
135237
135238
135239
135240
135241
135242
135246
135247
135248
135252
135254
135255
135259
135260
135263
135266
135268
135269
135270
135273
135275
135277
135278
135280
135282
135283
135284
135286
135287
135288
135291
135292
135293
135294
135296
135299
135302
135304
135305
135307
135310
135312
135313
135318
135319
135320
135321
135322
135323
135325
135326
135332
135335
135337
135338
135339
135340
135341
135342
135343
135344
135345
135346
135348
135350
135352
135353
135354
135356
135357
135358
135363
135364
135367
135370
135372
135374
135378
135381
135382
135383
135390
135391
135393
135394
135395
135397
135399
135401
135402
135404
135405
135407
135408
135412
135413
135416
135417
135419
135420
135422
135425
135429
135430
135431
135437
135440
135441
135442
135443
135446
135450
135451
135453
135456
135459
135460
135461
135462
135465
135466
135470
135471
135474
135476
135479
135480
135483
135485
135494
135495
135496
135498
135500
135502
135503
135507
135509
135515
135517
135523
135525
135527
135530
135533
135534
135537
135539
135540
135543
135545
135546
135548
135550
135553
135554
135558
135560
135562
135563
135565
135568
135569
135575
135578
135579
135580
135583
135585
135587
135591
135592
135595
135596
135598
135599
135605
135606
135607
135608
135609
135610
135611
135612
135613
135615
135616
135618
135620
135622
135624
135628
135629
135631
135633
135635
135636
135639
135640
135642
135649
135651
135652
135653
135655
135656
135660
135663
135665
135666
135667
135668
135671
135675
135677
135678
135679
135681
135684
135688
135689
135690
135693
135695
135696
135699
135700
135701
135703
135706
135713
135714
135717
135718
135719
135720
135723
135724
135725
135726
135732
135734
135735
135737
135739
135740
135742
135744
135749
135750
135751
135753
135754
135756
135758
135759
135760
135761
135762
135763
135764
135770
135775
135777
135780
135783
135787
135788
135793
135796
135799
135801
135802
135803
135804
135806
135807
135811
135815
135817
135818
135819
135822
135824
135828
135829
135830
135833
135838
135839
135840
135843
135845
135846
135847
135848
135850
135854
135857
135859
135861
135862
135864
135866
135874
135876
135877
135878
135879
135880
135881
135883
135884
135885
135887
135891
135893
135899
135900
135903
135907
135909
135911
135912
135913
135914
135915
135919
135920
135922
135924
135926
135927
135928
135931
135934
135935
135936
135938
135942
135946
135951
135954
135956
135957
135960
135962
135963
135967
135969
135972
135973
135975
135976
135977
135982
135987
135989
135993
135995
135996
135999
136000
136002
136003
136005
136006
136007
136008
136009
136010
136011
136012
136014
136015
136017
136018
136019
136020
136021
136022
136023
136024
136025
136026
136027
136028
136029
136030
136033
136038
136040
136044
136047
136048
136049
136050
136051
136052
136053
136054
136056
136058
136059
136060
136061
136065
136066
136068
136070
136072
136073
136074
136076
136079
136084
136087
136091
136092
136093
136094
136095
136097
136099
136103
136104
136109
136115
136116
136117
136120
136121
136122
136123
136125
136129
136130
136132
136133
136135
136136
136137
136138
136140
136142
136145
136147
136148
136149
136151
136152
136153
136155
136156
136157
136158
136159
136160
136161
136164
136167
136168
136169
136174
136175
136179
136182
136183
136184
136187
136189
136192
136193
136195
136196
136197
136198
136203
136206
136207
136208
136213
136214
136215
136216
136218
136219
136221
136223
136225
136226
136227
136229
136233
136234
136235
136236
136239
136241
136244
136246
136249
136252
136253
136255
136256
136259
136263
136265
136267
136268
136269
136272
136273
136278
136281
136284
136288
136290
136292
136294
136295
136296
136297
136302
136305
136307
136311
136313
136314
136318
136320
136321
136322
136329
136330
136331
136333
136336
136338
136340
136344
136347
136349
136351
136354
136356
136357
136358
136362
136363
136367
136368
136370
136371
136372
136373
136376
136381
136382
136388
136389
136391
136392
136393
136396
136397
136398
136400
136401
136402
136403
136404
136405
136411
136413
136415
136416
136419
136421
136423
136424
136427
136432
136434
136435
136437
136442
136446
136448
136449
136453
136456
136457
136458
136459
136460
136461
136463
136464
136466
136467
136468
136469
136471
136473
136474
136476
136477
136478
136480
136481
136482
136483
136484
136486
136488
136489
136490
136491
136492
136493
136494
136495
136496
136497
136498
136500
136501
136502
136503
136504
136505
136506
136507
136508
136509
136512
136517
136519
136520
136521
136525
136527
136528
136530
136531
136534
136538
136541
136543
136544
136545
136547
136550
136551
136552
136553
136554
136555
136561
136564
136566
136567
136568
136570
136572
136573
136574
136576
136578
136579
136582
136584
136586
136587
136590
136591
136592
136593
136594
136595
136596
136599
136604
136605
136606
136608
136609
136612
136613
136614
136615
136616
136620
136621
136624
136627
136628
136630
136631
136632
136633
136638
136642
136644
136647
136650
136654
136655
136657
136659
136661
136662
136665
136666
136667
136668
136671
136674
136676
136681
136682
136685
136686
136689
136691
136693
136694
136696
136698
136701
136703
136710
136712
136713
136715
136716
136717
136718
136720
136725
136726
136727
136732
136736
136738
136739
136748
136750
136751
136752
136753
136754
136756
136757
136758
136761
136763
136765
136768
136769
136771
136776
136780
136781
136787
136791
136793
136795
136798
136799
136800
136801
136804
136806
136808
136812
136814
136817
136818
136819
136821
136822
136823
136826
136830
136832
136834
136835
136837
136840
136841
136843
136845
136848
136849
136850
136856
136858
136859
136863
136866
136869
136870
136871
136874
136878
136879
136880
136881
136884
136887
136889
136890
136891
136893
136894
136895
136896
136897
136898
136900
136902
136903
136905
136906
136909
136910
136912
136914
136916
136917
136918
136919
136920
136921
136925
136927
136930
136934
136937
136940
136942
136944
136946
136948
136951
136953
136954
136955
136956
136957
136959
136964
136965
136966
136968
136969
136970
136971
136973
136974
136975
136978
136979
136981
136983
136988
136989
136993
136994
136997
137002
137004
137005
137006
137011
137012
137014
137017
137018
137022
137025
137026
137028
137031
137032
137035
137040
137044
137045
137049
137054
137055
137059
137061
137062
137063
137065
137068
137070
137071
137074
137079
137080
137083
137089
137093
137094
137095
137096
137097
137100
137102
137103
137104
137105
137106
137108
137110
137112
137113
137114
137115
137116
137117
137119
137124
137129
137130
137133
137136
137138
137147
137148
137149
137151
137152
137154
137156
137157
137159
137160
137162
137164
137165
137169
137171
137172
137173
137175
137176
137177
137181
137182
137184
137185
137187
137192
137194
137198
137202
137203
137204
137205
137208
137209
137212
137213
137214
137215
137219
137220
137221
137224
137225
137228
137229
137230
137232
137233
137235
137237
137238
137244
137246
137248
137249
137251
137252
137253
137254
137255
137257
137258
137259
137261
137263
137264
137267
137268
137270
137271
137278
137280
137283
137284
137286
137287
137288
137289
137290
137292
137293
137296
137300
137301
137304
137305
137307
137309
137311
137312
137317
137318
137319
137322
137323
137324
137325
137330
137331
137332
137333
137335
137340
137343
137345
137346
137348
137351
137353
137355
137356
137357
137359
137360
137362
137364
137365
137366
137367
137369
137370
137373
137374
137375
137377
137391
137398
137403
137405
137406
137408
137410
137412
137413
137416
137418
137419
137420
137425
137427
137428
137431
137432
137433
137435
137436
137437
137438
137440
137442
137444
137448
137449
137453
137456
137457
137459
137460
137465
137476
137477
137480
137483
137484
137485
137486
137487
137488
137490
137492
137494
137495
137496
137497
137498
137500
137501
137502
137506
137508
137513
137514
137515
137516
137517
137520
137523
137525
137527
137530
137535
137536
137537
137539
137541
137543
137548
137549
137550
137553
137554
137555
137556
137558
137559
137560
137561
137563
137565
137566
137568
137569
137572
137574
137576
137580
137581
137584
137586
137587
137589
137591
137592
137596
137597
137598
137600
137603
137605
137607
137609
137610
137611
137613
137618
137619
137621
137622
137623
137625
137629
137630
137632
137634
137635
137636
137639
137642
137644
137650
137652
137655
137657
137660
137662
137663
137665
137666
137668
137673
137674
137679
137680
137683
137686
137687
137688
137691
137693
137694
137696
137697
137700
137701
137703
137704
137707
137710
137711
137713
137714
137716
137718
137720
137721
137725
137726
137727
137730
137732
137735
137737
137738
137739
137743
137744
137747
137749
137752
137753
137754
137757
137759
137760
137761
137762
137763
137764
137766
137767
137770
137771
137776
137778
137780
137781
137782
137784
137785
137786
137787
137790
137791
137794
137796
137797
137799
137804
137806
137807
137808
137809
137810
137811
137812
137813
137814
137816
137817
137818
137819
137822
137823
137824
137828
137830
137832
137833
137837
137839
137840
137841
137842
137847
137849
137851
137853
137855
137856
137857
137858
137859
137861
137864
137867
137868
137872
137874
137875
137877
137878
137880
137881
137882
137883
137884
137890
137891
137892
137893
137894
137895
137896
137901
137903
137905
137906
137909
137911
137915
137917
137919
137920
137922
137925
137926
137927
137929
137931
137932
137933
137934
137935
137936
137937
137938
137939
137941
137943
137946
137947
137948
137949
137951
137952
137956
137957
137958
137961
137962
137964
137966
137967
137968
137971
137972
137973
137974
137975
137977
137978
137979
137982
137986
137987
137988
137989
137991
137996
137997
137999
138000
138001
138002
138003
138004
138008
138010
138011
138012
138014
138016
138018
138021
138022
138024
138027
138030
138031
138035
138036
138039
138040
138042
138043
138045
138047
138049
138050
138053
138055
138057
138059
138061
138062
138064
138067
138070
138071
138075
138078
138079
138081
138082
138083
138084
138085
138091
138092
138094
138095
138097
138098
138099
138100
138111
138112
138117
138118
138119
138120
138123
138127
138129
138130
138131
138132
138134
138145
138147
138151
138152
138154
138157
138159
138161
138162
138163
138164
138165
138168
138173
138174
138177
138178
138179
138180
138181
138182
138183
138186
138188
138190
138194
138195
138198
138199
138203
138204
138207
138209
138210
138211
138215
138217
138218
138219
138223
138224
138226
138227
138229
138230
138232
138235
138237
138238
138239
138240
138242
138246
138247
138249
138251
138253
138255
138257
138259
138265
138267
138268
138270
138274
138275
138277
138278
138279
138280
138281
138285
138286
138287
138291
138294
138295
138296
138297
138298
138304
138305
138311
138313
138314
138316
138318
138320
138322
138324
138325
138326
138328
138329
138330
138331
138334
138335
138336
138339
138341
138342
138343
138344
138346
138348
138351
138352
138355
138357
138360
138363
138364
138366
138367
138369
138372
138374
138377
138378
138379
138382
138387
138388
138390
138391
138394
138396
138403
138404
138408
138411
138412
138413
138415
138418
138420
138421
138424
138426
138432
138433
138434
138436
138437
138438
138439
138442
138448
138449
138451
138454
138455
138456
138458
138460
138467
138468
138469
138470
138471
138473
138474
138475
138477
138478
138479
138480
138482
138483
138487
138488
138493
138496
138497
138499
138500
138502
138505
138506
138507
138514
138515
138516
138522
138523
138524
138525
138528
138533
138534
138537
138538
138543
138544
138545
138547
138550
138553
138555
138557
138559
138560
138561
138563
138565
138566
138567
138568
138573
138575
138576
138577
138581
138583
138586
138587
138588
138589
138595
138597
138598
138599
138600
138601
138603
138607
138608
138611
138615
138616
138619
138620
138622
138623
138624
138632
138635
138639
138643
138645
138646
138647
138648
138649
138651
138652
138653
138654
138656
138657
138659
138660
138661
138665
138667
138669
138671
138672
138673
138674
138675
138676
138678
138679
138681
138682
138683
138685
138686
138694
138696
138697
138699
138702
138703
138706
138707
138708
138709
138710
138711
138714
138719
138721
138722
138725
138726
138727
138731
138732
138733
138734
138735
138740
138741
138742
138747
138750
138752
138754
138755
138757
138758
138759
138760
138765
138768
138769
138770
138773
138775
138776
138777
138779
138780
138781
138783
138786
138790
138793
138795
138796
138798
138799
138802
138803
138804
138805
138806
138809
138812
138816
138818
138820
138821
138829
138831
138833
138834
138835
138836
138839
138841
138843
138844
138846
138847
138848
138850
138857
138861
138864
138866
138868
138869
138873
138875
138877
138878
138881
138888
138889
138890
138891
138892
138893
138895
138898
138900
138902
138903
138905
138907
138909
138910
138914
138916
138917
138918
138920
138922
138923
138925
138927
138929
138930
138935
138938
138940
138943
138944
138945
138948
138949
138950
138951
138954
138956
138958
138960
138963
138965
138966
138968
138972
138975
138978
138979
138980
138987
138990
138991
138995
138996
138997
138998
139000
139003
139004
139007
139008
139010
139013
139016
139017
139018
139019
139021
139026
139027
139031
139032
139033
139035
139041
139042
139045
139047
139049
139052
139053
139054
139057
139058
139064
139066
139068
139070
139072
139075
139076
139078
139079
139086
139088
139089
139091
139092
139093
139095
139096
139098
139099
139101
139103
139104
139105
139106
139107
139110
139112
139115
139116
139118
139121
139123
139124
139125
139128
139129
139130
139132
139133
139134
139135
139138
139140
139141
139143
139146
139147
139148
139149
139153
139155
139157
139159
139160
139162
139164
139165
139168
139172
139173
139174
139178
139180
139181
139182
139184
139189
139190
139191
139192
139195
139198
139202
139203
139205
139206
139208
139211
139212
139213
139214
139217
139218
139220
139221
139225
139227
139228
139232
139234
139238
139239
139240
139241
139243
139244
139248
139251
139252
139254
139257
139258
139262
139263
139264
139266
139267
139269
139271
139274
139275
139276
139277
139278
139281
139283
139285
139286
139292
139293
139294
139299
139300
139303
139307
139310
139315
139319
139320
139323
139330
139331
139335
139336
139337
139339
139341
139346
139347
139354
139355
139356
139357
139363
139364
139365
139366
139367
139368
139374
139375
139377
139379
139380
139381
139382
139384
139385
139389
139395
139398
139401
139402
139404
139405
139409
139413
139417
139419
139421
139423
139425
139427
139428
139430
139431
139432
139433
139438
139439
139443
139444
139450
139451
139453
139454
139458
139459
139460
139462
139463
139464
139465
139468
139469
139473
139475
139477
139479
139480
139481
139485
139488
139490
139491
139494
139500
139502
139503
139513
139516
139517
139518
139520
139522
139523
139524
139525
139526
139527
139528
139533
139534
139538
139539
139540
139545
139548
139551
139552
139553
139554
139557
139558
139562
139563
139565
139566
139569
139570
139571
139576
139577
139578
139583
139586
139589
139592
139595
139596
139598
139601
139602
139603
139604
139605
139610
139616
139621
139623
139626
139627
139628
139629
139633
139636
139637
139638
139646
139647
139654
139655
139663
139664
139667
139668
139669
139670
139672
139676
139681
139684
139685
139686
139688
139689
139690
139695
139696
139697
139699
139700
139701
139703
139709
139711
139713
139714
139715
139716
139718
139719
139721
139722
139724
139725
139726
139727
139730
139732
139733
139736
139737
139739
139741
139742
139743
139746
139747
139749
139751
139752
139753
139754
139756
139757
139758
139760
139761
139762
139766
139769
139771
139773
139778
139779
139780
139783
139784
139785
139790
139792
139794
139795
139799
139802
139805
139806
139809
139811
139813
139816
139817
139818
139821
139823
139825
139827
139828
139833
139835
139838
139839
139840
139841
139845
139846
139848
139852
139856
139857
139861
139862
139863
139865
139868
139873
139875
139876
139880
139882
139883
139884
139885
139892
139893
139894
139895
139900
139901
139903
139908
139910
139911
139912
139915
139916
139917
139920
139923
139927
139928
139929
139930
139931
139932
139934
139935
139936
139937
139938
139940
139941
139942
139944
139946
139947
139948
139950
139952
139954
139955
139960
139961
139965
139968
139969
139973
139976
139977
139978
139979
139980
139981
139982
139983
139984
139985
139986
139987
139989
139992
139994
139996
139998
139999
140001
140004
140006
140007
140008
140009
140011
140012
140013
140014
140015
140019
140021
140022
140023
140024
140025
140026
140027
140028
140029
140030
140033
140034
140036
140039
140040
140043
140044
140045
140046
140050
140053
140055
140056
140057
140059
140061
140062
140066
140067
140069
140071
140075
140077
140080
140083
140085
140089
140094
140095
140097
140099
140100
140106
140108
140109
140110
140114
140116
140119
140120
140124
140125
140129
140130
140133
140134
140135
140136
140138
140140
140142
140143
140144
140146
140151
140152
140153
140155
140157
140158
140162
140163
140164
140166
140168
140170
140172
140176
140177
140178
140179
140182
140186
140188
140191
140192
140193
140195
140198
140199
140200
140201
140203
140205
140207
140210
140211
140214
140216
140219
140221
140222
140223
140224
140228
140231
140232
140234
140236
140237
140239
140242
140243
140247
140248
140250
140251
140252
140254
140256
140257
140262
140263
140265
140266
140267
140268
140270
140272
140273
140277
140278
140281
140284
140285
140287
140288
140291
140292
140293
140294
140295
140296
140299
140300
140304
140311
140313
140315
140316
140319
140323
140326
140329
140331
140333
140334
140335
140337
140339
140340
140341
140343
140344
140345
140346
140347
140351
140355
140356
140358
140359
140362
140363
140364
140365
140367
140369
140372
140373
140374
140375
140377
140378
140380
140381
140384
140385
140390
140394
140396
140401
140404
140405
140406
140408
140409
140412
140414
140415
140419
140424
140425
140426
140427
140428
140429
140430
140433
140434
140436
140438
140440
140442
140443
140444
140449
140450
140451
140452
140459
140461
140463
140465
140466
140467
140469
140470
140473
140474
140475
140476
140477
140482
140486
140488
140489
140492
140494
140496
140497
140501
140503
140505
140507
140512
140513
140514
140517
140518
140519
140522
140523
140524
140527
140528
140530
140535
140536
140537
140539
140541
140542
140546
140550
140551
140552
140555
140556
140560
140561
140564
140565
140567
140570
140573
140575
140576
140579
140581
140582
140585
140587
140588
140589
140590
140592
140595
140596
140599
140600
140601
140604
140606
140607
140611
140612
140613
140614
140615
140616
140617
140618
140620
140623
140626
140627
140629
140632
140633
140636
140640
140645
140646
140647
140649
140650
140652
140653
140655
140656
140664
140665
140666
140671
140675
140676
140678
140679
140680
140681
140685
140687
140690
140692
140693
140695
140696
140698
140701
140704
140706
140712
140713
140714
140716
140717
140722
140726
140732
140733
140734
140735
140736
140740
140741
140743
140744
140747
140748
140749
140750
140751
140752
140753
140756
140760
140763
140772
140774
140775
140778
140779
140780
140782
140783
140785
140786
140787
140790
140791
140792
140797
140799
140800
140803
140804
140813
140815
140816
140819
140821
140823
140824
140827
140828
140834
140835
140837
140838
140839
140840
140841
140842
140843
140845
140846
140848
140849
140851
140852
140856
140858
140859
140861
140864
140865
140866
140867
140868
140869
140874
140877
140879
140880
140882
140883
140884
140885
140887
140889
140891
140892
140893
140894
140897
140898
140899
140901
140903
140908
140909
140913
140914
140915
140916
140917
140922
140923
140924
140925
140929
140936
140937
140940
140943
140947
140951
140952
140953
140960
140961
140962
140964
140966
140968
140969
140972
140973
140974
140975
140980
140986
140988
140989
140990
140991
140992
140993
140994
140995
140996
140998
141000
141005
141007
141011
141012
141015
141017
141019
141023
141024
141025
141026
141029
141035
141038
141039
141040
141041
141042
141043
141044
141045
141049
141051
141053
141054
141056
141057
141058
141059
141061
141064
141065
141070
141073
141075
141076
141077
141078
141081
141083
141088
141091
141093
141095
141097
141098
141101
141102
141103
141105
141107
141111
141112
141113
141116
141117
141120
141121
141123
141129
141130
141131
141132
141133
141134
141135
141138
141141
141144
141145
141152
141153
141154
141156
141157
141161
141162
141163
141164
141165
141166
141168
141170
141177
141179
141180
141181
141184
141186
141187
141188
141193
141194
141198
141200
141203
141205
141207
141210
141211
141212
141215
141218
141219
141220
141221
141222
141223
141224
141225
141227
141229
141230
141234
141235
141236
141237
141241
141242
141243
141246
141247
141248
141250
141251
141253
141254
141255
141257
141259
141261
141262
141263
141264
141265
141266
141267
141268
141271
141273
141274
141275
141277
141278
141281
141282
141283
141285
141286
141288
141289
141293
141294
141295
141296
141299
141301
141302
141307
141311
141313
141315
141316
141322
141323
141325
141326
141328
141332
141335
141336
141337
141338
141341
141344
141347
141350
141351
141352
141353
141355
141356
141359
141364
141368
141374
141382
141384
141385
141387
141390
141392
141393
141394
141395
141396
141397
141398
141401
141405
141407
141409
141410
141411
141412
141414
141415
141416
141424
141425
141426
141427
141434
141435
141436
141439
141442
141444
141447
141449
141451
141454
141457
141458
141459
141461
141462
141463
141466
141469
141470
141471
141472
141474
141475
141476
141478
141479
141480
141482
141483
141484
141485
141488
141490
141491
141493
141495
141498
141502
141506
141507
141511
141512
141513
141515
141516
141517
141518
141519
141521
141522
141523
141524
141525
141526
141527
141528
141529
141530
141531
141533
141534
141539
141540
141542
141543
141545
141548
141549
141551
141552
141556
141557
141561
141562
141564
141568
141570
141571
141573
141575
141578
141579
141580
141582
141584
141585
141587
141590
141592
141595
141600
141602
141603
141604
141606
141612
141614
141615
141618
141620
141621
141622
141623
141624
141625
141630
141633
141634
141635
141636
141637
141638
141639
141642
141645
141649
141650
141652
141653
141655
141658
141661
141664
141668
141669
141670
141671
141674
141675
141676
141677
141683
141687
141688
141692
141696
141699
141702
141706
141709
141711
141712
141714
141715
141716
141717
141718
141721
141724
141728
141729
141730
141733
141735
141736
141740
141744
141747
141750
141753
141756
141758
141759
141761
141763
141765
141769
141770
141771
141773
141774
141775
141776
141777
141779
141781
141782
141783
141785
141786
141787
141788
141789
141790
141791
141794
141799
141801
141802
141804
141808
141809
141810
141811
141812
141813
141814
141815
141818
141819
141820
141821
141822
141824
141825
141830
141832
141833
141834
141839
141841
141844
141847
141848
141850
141851
141852
141854
141855
141857
141860
141863
141866
141867
141870
141873
141874
141875
141876
141877
141880
141881
141882
141889
141890
141892
141894
141898
141902
141903
141904
141905
141907
141908
141909
141912
141916
141917
141918
141921
141924
141925
141927
141928
141929
141930
141932
141933
141936
141937
141939
141944
141945
141946
141947
141949
141950
141951
141952
141953
141960
141963
141965
141967
141968
141970
141971
141973
141983
141986
141987
141988
141989
141990
141993
141994
141995
141996
142000
142002
142003
142004
142005
142006
142007
142009
142012
142013
142014
142016
142017
142018
142020
142021
142022
142023
142024
142026
142027
142030
142031
142032
142034
142035
142036
142037
142038
142040
142042
142047
142052
142054
142055
142056
142058
142062
142063
142065
142066
142067
142070
142072
142074
142075
142076
142077
142081
142082
142083
142084
142087
142089
142090
142091
142093
142097
142098
142100
142101
142106
142109
142110
142112
142114
142115
142118
142121
142122
142123
142124
142125
142128
142129
142130
142131
142133
142135
142138
142140
142141
142142
142145
142148
142151
142155
142159
142163
142166
142169
142171
142175
142180
142181
142185
142186
142189
142192
142194
142195
142197
142198
142202
142203
142209
142210
142212
142213
142217
142222
142229
142231
142235
142237
142241
142242
142243
142244
142248
142249
142251
142255
142260
142261
142263
142265
142266
142267
142268
142270
142271
142275
142277
142278
142279
142282
142283
142284
142287
142289
142291
142292
142296
142300
142302
142303
142304
142305
142307
142313
142315
142317
142322
142324
142325
142327
142328
142330
142334
142337
142340
142341
142342
142343
142346
142347
142350
142351
142352
142354
142357
142359
142361
142365
142367
142370
142372
142373
142374
142375
142380
142382
142384
142388
142389
142391
142395
142396
142397
142400
142401
142402
142404
142406
142407
142409
142410
142413
142415
142417
142421
142422
142423
142424
142427
142428
142429
142431
142434
142435
142437
142438
142439
142444
142445
142446
142447
142448
142449
142450
142451
142452
142454
142455
142456
142461
142462
142463
142465
142467
142468
142474
142478
142481
142484
142487
142491
142493
142495
142499
142500
142501
142503
142504
142505
142507
142508
142509
142514
142515
142518
142520
142521
142522
142523
142524
142525
142528
142529
142530
142531
142533
142535
142536
142538
142539
142540
142542
142543
142544
142546
142548
142552
142553
142554
142556
142558
142562
142565
142567
142568
142571
142575
142576
142577
142580
142583
142584
142586
142587
142588
142589
142590
142594
142596
142597
142599
142602
142604
142609
142610
142613
142614
142615
142616
142617
142618
142619
142624
142625
142628
142629
142630
142631
142632
142634
142635
142637
142639
142640
142641
142643
142644
142646
142648
142650
142651
142652
142653
142654
142655
142656
142657
142660
142663
142664
142665
142666
142667
142675
142676
142677
142679
142682
142684
142685
142692
142697
142699
142701
142702
142704
142705
142709
142712
142715
142716
142717
142719
142722
142723
142725
142727
142728
142729
142731
142733
142734
142735
142736
142740
142741
142744
142745
142747
142748
142752
142755
142756
142757
142762
142763
142765
142767
142768
142769
142770
142771
142774
142779
142780
142783
142788
142794
142795
142798
142799
142801
142802
142805
142806
142807
142808
142809
142815
142819
142821
142822
142823
142826
142828
142830
142837
142838
142841
142846
142847
142852
142854
142856
142858
142863
142864
142865
142866
142867
142868
142870
142873
142874
142875
142877
142882
142884
142885
142887
142891
142894
142896
142897
142900
142903
142905
142908
142913
142915
142920
142921
142923
142926
142927
142928
142929
142930
142933
142938
142939
142940
142941
142942
142943
142944
142948
142949
142950
142951
142952
142954
142956
142957
142958
142959
142961
142962
142964
142972
142976
142977
142978
142979
142981
142983
142984
142986
142988
142989
142990
142991
142992
142997
142998
143000
143002
143003
143004
143006
143010
143011
143013
143015
143017
143018
143021
143025
143027
143030
143032
143036
143040
143043
143044
143045
143047
143049
143050
143051
143052
143054
143057
143058
143059
143062
143066
143070
143076
143077
143079
143082
143085
143088
143091
143094
143095
143096
143097
143099
143104
143105
143110
143112
143113
143116
143117
143118
143125
143127
143128
143130
143135
143136
143137
143138
143139
143140
143143
143145
143147
143148
143149
143150
143151
143155
143156
143157
143162
143164
143166
143168
143169
143171
143172
143173
143176
143177
143179
143180
143181
143182
143184
143192
143198
143200
143201
143204
143205
143208
143209
143210
143212
143213
143214
143216
143217
143218
143220
143222
143223
143226
143229
143230
143231
143233
143237
143238
143241
143244
143247
143248
143251
143253
143258
143261
143262
143263
143266
143267
143269
143271
143272
143274
143275
143276
143279
143280
143281
143283
143285
143286
143288
143289
143293
143295
143296
143297
143298
143299
143300
143302
143303
143304
143307
143313
143316
143318
143319
143321
143323
143324
143328
143329
143332
143335
143336
143337
143339
143343
143344
143347
143348
143349
143350
143351
143352
143353
143357
143359
143361
143362
143363
143364
143367
143370
143371
143373
143376
143378
143379
143383
143387
143388
143390
143391
143392
143393
143394
143396
143401
143405
143406
143407
143408
143413
143417
143420
143422
143423
143425
143429
143430
143431
143432
143433
143435
143436
143438
143439
143440
143442
143443
143445
143449
143451
143452
143454
143455
143458
143463
143464
143466
143467
143469
143470
143472
143473
143476
143479
143480
143484
143485
143487
143489
143497
143501
143502
143504
143505
143507
143508
143510
143512
143516
143520
143522
143524
143525
143526
143527
143530
143534
143535
143536
143537
143538
143539
143540
143541
143542
143543
143545
143546
143548
143549
143550
143554
143558
143559
143560
143561
143563
143565
143567
143570
143575
143577
143579
143581
143582
143583
143584
143586
143588
143591
143598
143599
143601
143603
143605
143606
143610
143611
143613
143615
143616
143617
143618
143620
143621
143623
143624
143632
143634
143635
143636
143637
143640
143643
143646
143647
143648
143650
143651
143653
143655
143656
143658
143660
143665
143666
143668
143669
143670
143671
143673
143674
143675
143676
143679
143680
143681
143683
143684
143687
143689
143691
143695
143696
143698
143701
143702
143703
143705
143706
143709
143710
143716
143719
143720
143725
143727
143728
143729
143730
143732
143734
143735
143736
143740
143744
143745
143746
143747
143753
143754
143755
143757
143759
143760
143763
143764
143767
143768
143769
143771
143776
143780
143781
143783
143785
143786
143790
143793
143796
143800
143802
143804
143805
143809
143811
143814
143815
143816
143817
143818
143820
143822
143823
143825
143826
143827
143829
143833
143835
143836
143839
143842
143845
143847
143848
143854
143856
143857
143859
143860
143862
143863
143864
143865
143868
143869
143872
143874
143880
143881
143882
143883
143884
143886
143887
143890
143891
143894
143896
143897
143898
143899
143900
143906
143909
143912
143913
143914
143918
143919
143921
143922
143923
143924
143928
143929
143931
143937
143938
143941
143942
143943
143945
143946
143947
143948
143951
143953
143954
143955
143958
143959
143960
143963
143965
143966
143968
143972
143973
143979
143984
143986
143987
143988
143989
143990
143992
143999
144000
144002
144004
144006
144007
144008
144009
144010
144011
144012
144013
144016
144017
144018
144019
144021
144023
144025
144026
144029
144030
144034
144035
144037
144038
144039
144043
144046
144049
144051
144052
144057
144059
144063
144064
144067
144069
144070
144073
144076
144077
144078
144079
144080
144083
144085
144091
144093
144094
144096
144097
144102
144103
144105
144106
144107
144109
144111
144112
144114
144116
144117
144120
144121
144122
144125
144126
144127
144130
144133
144136
144137
144138
144139
144141
144142
144143
144144
144145
144146
144148
144149
144150
144151
144153
144159
144160
144164
144165
144169
144170
144172
144176
144177
144178
144182
144187
144189
144193
144194
144195
144196
144198
144201
144203
144204
144206
144207
144208
144211
144212
144213
144214
144215
144216
144217
144218
144219
144220
144221
144224
144228
144232
144236
144238
144243
144247
144251
144256
144257
144258
144259
144260
144261
144262
144263
144268
144273
144274
144278
144280
144283
144284
144285
144286
144287
144288
144289
144290
144292
144293
144295
144296
144297
144304
144306
144307
144310
144313
144314
144315
144316
144317
144319
144326
144328
144329
144330
144331
144334
144335
144336
144337
144339
144340
144341
144343
144345
144347
144349
144350
144352
144354
144355
144359
144360
144361
144363
144364
144367
144369
144371
144372
144376
144377
144379
144380
144382
144383
144384
144386
144388
144389
144391
144395
144396
144398
144399
144400
144402
144403
144406
144410
144414
144416
144417
144418
144420
144421
144423
144424
144425
144428
144429
144432
144434
144435
144436
144438
144440
144444
144449
144450
144452
144454
144456
144457
144466
144471
144473
144474
144476
144477
144479
144486
144491
144494
144495
144496
144498
144499
144500
144501
144502
144506
144507
144508
144509
144511
144513
144518
144519
144521
144524
144525
144528
144530
144533
144534
144535
144536
144537
144542
144546
144547
144548
144549
144551
144552
144553
144555
144556
144557
144558
144561
144562
144565
144566
144575
144576
144577
144579
144580
144582
144585
144587
144589
144591
144592
144593
144596
144597
144598
144599
144601
144602
144603
144604
144606
144607
144609
144610
144613
144614
144615
144616
144618
144619
144621
144622
144624
144625
144626
144627
144632
144633
144635
144639
144641
144642
144643
144645
144646
144650
144652
144653
144654
144657
144658
144659
144660
144664
144665
144666
144668
144669
144670
144671
144673
144674
144675
144676
144678
144679
144681
144683
144685
144690
144691
144692
144695
144696
144698
144700
144702
144703
144711
144714
144715
144717
144719
144723
144724
144727
144731
144733
144735
144738
144741
144742
144743
144745
144746
144747
144748
144750
144751
144754
144755
144756
144757
144758
144759
144760
144761
144762
144764
144766
144773
144774
144775
144776
144779
144783
144784
144785
144786
144787
144789
144791
144792
144793
144799
144800
144802
144807
144808
144809
144810
144813
144816
144817
144820
144821
144822
144824
144825
144826
144828
144830
144831
144833
144835
144839
144844
144845
144846
144847
144848
144849
144852
144856
144857
144860
144864
144865
144866
144867
144868
144869
144872
144874
144876
144879
144880
144881
144883
144885
144886
144894
144895
144897
144899
144901
144902
144904
144907
144910
144911
144912
144914
144915
144917
144918
144919
144920
144921
144925
144926
144927
144928
144929
144930
144936
144937
144938
144940
144941
144944
144949
144952
144953
144955
144956
144959
144960
144964
144965
144967
144969
144970
144971
144972
144973
144974
144975
144977
144978
144979
144980
144983
144984
144988
144991
144994
144998
144999
145000
145004
145005
145009
145010
145011
145016
145018
145020
145022
145025
145026
145027
145029
145035
145040
145043
145044
145046
145047
145048
145050
145052
145053
145054
145059
145060
145063
145066
145067
145069
145070
145072
145076
145077
145081
145082
145083
145090
145091
145092
145094
145101
145102
145103
145106
145108
145109
145110
145114
145116
145122
145124
145125
145127
145129
145131
145134
145138
145139
145141
145142
145144
145145
145146
145148
145149
145151
145153
145155
145156
145157
145158
145160
145161
145167
145168
145169
145174
145176
145177
145178
145180
145185
145187
145190
145193
145195
145199
145201
145202
145205
145210
145211
145215
145216
145218
145221
145224
145225
145226
145227
145229
145230
145231
145232
145233
145234
145235
145238
145242
145244
145246
145248
145249
145251
145252
145256
145258
145259
145261
145265
145267
145268
145270
145271
145272
145275
145276
145282
145283
145284
145285
145286
145289
145290
145291
145298
145301
145303
145305
145309
145310
145313
145316
145318
145320
145324
145325
145326
145327
145328
145332
145334
145335
145338
145339
145341
145343
145344
145345
145346
145347
145350
145351
145352
145353
145354
145358
145360
145365
145367
145371
145372
145374
145375
145378
145379
145381
145386
145388
145390
145391
145394
145395
145397
145400
145402
145404
145405
145408
145409
145414
145416
145419
145421
145422
145424
145425
145427
145429
145430
145431
145433
145434
145435
145436
145438
145439
145441
145442
145443
145448
145450
145452
145453
145454
145455
145458
145459
145460
145464
145469
145470
145471
145473
145477
145478
145479
145481
145482
145485
145487
145490
145492
145496
145497
145500
145501
145502
145506
145508
145511
145512
145515
145518
145519
145521
145525
145526
145531
145533
145539
145541
145545
145546
145550
145551
145553
145556
145558
145559
145560
145561
145563
145568
145569
145572
145574
145575
145578
145579
145580
145583
145586
145587
145588
145589
145592
145594
145596
145603
145606
145607
145609
145611
145612
145614
145616
145617
145619
145620
145621
145622
145624
145626
145629
145631
145632
145633
145634
145635
145636
145638
145639
145640
145641
145643
145645
145646
145648
145649
145650
145651
145654
145655
145657
145659
145661
145665
145666
145667
145668
145669
145670
145671
145672
145675
145676
145678
145679
145680
145684
145685
145686
145687
145688
145690
145691
145694
145700
145702
145708
145711
145712
145713
145714
145715
145716
145718
145722
145723
145724
145725
145728
145729
145732
145734
145736
145738
145739
145740
145742
145744
145745
145748
145750
145751
145752
145755
145761
145762
145766
145767
145769
145770
145775
145776
145777
145778
145779
145781
145782
145784
145785
145786
145788
145789
145790
145791
145792
145793
145795
145797
145800
145803
145806
145807
145808
145809
145811
145814
145815
145816
145818
145820
145822
145824
145826
145827
145831
145832
145833
145834
145835
145837
145838
145839
145840
145841
145845
145846
145847
145848
145849
145850
145852
145858
145859
145861
145863
145864
145867
145870
145871
145872
145875
145876
145877
145878
145879
145882
145883
145885
145886
145888
145889
145893
145894
145897
145898
145899
145900
145903
145906
145907
145909
145910
145911
145912
145914
145915
145917
145920
145921
145922
145924
145925
145927
145928
145930
145931
145932
145933
145934
145935
145936
145937
145940
145943
145945
145947
145948
145949
145951
145952
145954
145955
145956
145958
145959
145961
145962
145964
145966
145970
145971
145972
145977
145978
145980
145981
145984
145985
145989
145991
145992
145994
146001
146002
146009
146010
146011
146012
146013
146015
146016
146018
146019
146020
146021
146022
146023
146024
146025
146026
146027
146028
146030
146031
146033
146035
146036
146037
146038
146039
146040
146042
146043
146044
146045
146046
146047
146048
146049
146054
146057
146062
146064
146067
146068
146069
146073
146074
146076
146081
146082
146084
146085
146086
146089
146090
146092
146095
146096
146099
146100
146101
146103
146106
146108
146111
146113
146119
146122
146123
146126
146127
146128
146131
146134
146136
146138
146142
146143
146144
146145
146146
146149
146151
146153
146154
146155
146159
146160
146161
146162
146164
146168
146171
146172
146174
146176
146177
146182
146183
146184
146185
146187
146191
146192
146194
146196
146197
146198
146199
146201
146202
146203
146204
146208
146209
146211
146212
146213
146215
146217
146219
146220
146223
146224
146225
146226
146227
146228
146229
146231
146232
146234
146235
146238
146240
146243
146245
146246
146248
146249
146253
146254
146255
146256
146257
146258
146259
146263
146267
146268
146269
146271
146273
146274
146275
146276
146277
146279
146280
146282
146285
146287
146288
146289
146290
146291
146292
146293
146294
146296
146299
146302
146303
146304
146308
146310
146314
146315
146316
146319
146324
146327
146328
146330
146334
146335
146337
146340
146341
146342
146344
146346
146350
146352
146354
146355
146357
146358
146359
146362
146363
146364
146365
146366
146368
146369
146371
146373
146377
146380
146381
146384
146385
146387
146388
146389
146392
146394
146395
146396
146400
146403
146405
146407
146409
146410
146412
146414
146415
146417
146418
146419
146420
146421
146424
146426
146427
146428
146430
146433
146434
146435
146436
146437
146438
146444
146447
146448
146449
146450
146452
146455
146457
146459
146461
146465
146468
146470
146474
146475
146476
146478
146482
146484
146486
146487
146488
146493
146496
146498
146499
146500
146502
146506
146507
146509
146512
146513
146516
146517
146518
146521
146523
146524
146526
146527
146528
146530
146534
146535
146537
146538
146540
146543
146545
146546
146548
146551
146554
146556
146558
146560
146562
146563
146564
146565
146567
146568
146570
146572
146573
146574
146577
146578
146579
146580
146581
146582
146583
146587
146589
146593
146594
146597
146598
146601
146602
146603
146605
146606
146608
146609
146610
146612
146613
146614
146617
146618
146619
146621
146623
146627
146630
146632
146634
146637
146638
146639
146642
146649
146651
146652
146653
146654
146655
146658
146662
146663
146664
146665
146666
146667
146668
146669
146670
146673
146674
146680
146682
146683
146684
146685
146686
146687
146689
146692
146694
146695
146696
146699
146702
146704
146705
146706
146707
146709
146711
146714
146715
146716
146720
146724
146727
146728
146733
146734
146738
146739
146742
146743
146745
146746
146747
146749
146751
146752
146753
146755
146756
146758
146759
146761
146764
146767
146769
146770
146772
146774
146783
146785
146787
146788
146789
146793
146799
146800
146803
146807
146810
146814
146816
146818
146820
146823
146824
146825
146826
146827
146831
146833
146834
146835
146837
146839
146840
146841
146842
146844
146845
146846
146848
146849
146850
146852
146853
146857
146862
146864
146867
146868
146870
146871
146872
146875
146876
146877
146880
146881
146882
146883
146884
146886
146887
146888
146890
146892
146893
146896
146897
146900
146902
146903
146905
146906
146907
146910
146911
146914
146917
146918
146920
146921
146922
146923
146926
146927
146929
146930
146931
146932
146933
146934
146935
146936
146938
146940
146941
146942
146943
146944
146945
146947
146951
146953
146955
146957
146958
146962
146963
146964
146965
146967
146968
146969
146971
146973
146974
146976
146977
146979
146982
146986
146987
146988
146989
146990
146991
146992
146993
146996
146997
147003
147008
147009
147010
147012
147013
147014
147015
147016
147017
147018
147019
147024
147027
147029
147030
147035
147037
147040
147041
147046
147047
147048
147049
147050
147052
147053
147056
147057
147058
147059
147060
147063
147064
147065
147066
147068
147069
147072
147074
147077
147079
147083
147084
147091
147092
147096
147098
147101
147103
147104
147105
147107
147109
147110
147111
147112
147113
147114
147116
147117
147118
147119
147120
147121
147123
147124
147126
147133
147138
147140
147141
147143
147145
147147
147150
147152
147156
147157
147163
147165
147166
147167
147171
147173
147174
147175
147176
147179
147181
147183
147184
147187
147189
147190
147192
147197
147199
147200
147203
147204
147205
147206
147207
147209
147210
147211
147214
147216
147218
147222
147225
147226
147228
147229
147230
147231
147232
147235
147237
147239
147241
147246
147248
147250
147251
147258
147260
147261
147264
147267
147270
147271
147274
147275
147276
147278
147282
147283
147285
147286
147287
147288
147289
147295
147297
147298
147299
147300
147304
147305
147306
147308
147310
147313
147314
147315
147316
147317
147318
147319
147323
147325
147327
147328
147330
147331
147333
147334
147335
147336
147341
147342
147346
147348
147350
147357
147358
147361
147362
147365
147367
147368
147369
147371
147372
147373
147376
147379
147380
147381
147384
147385
147391
147393
147394
147395
147397
147401
147407
147410
147413
147416
147419
147420
147423
147424
147427
147428
147430
147432
147434
147435
147436
147438
147443
147444
147446
147447
147448
147451
147452
147454
147456
147457
147459
147465
147467
147468
147470
147472
147473
147474
147476
147478
147480
147481
147482
147484
147487
147488
147490
147492
147494
147496
147497
147504
147505
147506
147508
147510
147511
147512
147513
147514
147517
147524
147526
147529
147530
147532
147534
147535
147536
147537
147538
147543
147545
147546
147548
147549
147551
147552
147554
147556
147559
147560
147561
147562
147565
147566
147567
147568
147569
147570
147574
147576
147577
147579
147580
147583
147586
147587
147588
147589
147591
147594
147595
147596
147599
147600
147606
147610
147613
147616
147623
147624
147625
147628
147630
147631
147634
147635
147636
147638
147639
147640
147641
147647
147653
147655
147661
147662
147665
147668
147669
147671
147674
147676
147679
147680
147681
147682
147683
147684
147685
147686
147688
147690
147691
147694
147695
147697
147699
147700
147701
147702
147703
147704
147706
147707
147708
147709
147710
147712
147715
147716
147720
147721
147725
147726
147727
147728
147729
147731
147732
147735
147738
147739
147740
147741
147742
147743
147744
147748
147751
147754
147756
147757
147758
147760
147761
147762
147763
147764
147767
147768
147771
147774
147775
147776
147780
147783
147784
147785
147786
147790
147791
147793
147795
147797
147804
147806
147807
147809
147811
147813
147818
147819
147822
147824
147827
147828
147829
147833
147835
147837
147839
147842
147843
147844
147847
147849
147850
147851
147852
147855
147856
147858
147867
147869
147870
147871
147872
147874
147876
147877
147881
147882
147885
147886
147895
147896
147897
147898
147899
147908
147909
147910
147912
147915
147916
147922
147925
147926
147927
147928
147933
147934
147936
147937
147940
147943
147946
147948
147950
147951
147953
147957
147958
147959
147960
147961
147962
147966
147967
147969
147970
147971
147972
147975
147976
147977
147978
147984
147988
147989
147990
147991
147992
147994
147995
147996
148003
148005
148006
148008
148010
148014
148015
148018
148019
148022
148024
148027
148028
148032
148033
148034
148037
148040
148041
148042
148045
148048
148049
148054
148055
148060
148064
148070
148078
148079
148083
148084
148085
148086
148088
148090
148091
148093
148094
148096
148097
148098
148101
148102
148103
148110
148111
148112
148121
148122
148123
148125
148126
148127
148128
148129
148130
148135
148136
148137
148138
148139
148143
148145
148151
148155
148156
148160
148161
148162
148163
148166
148170
148171
148172
148173
148178
148179
148182
148183
148184
148186
148188
148191
148192
148193
148199
148200
148201
148202
148203
148204
148206
148207
148209
148210
148213
148215
148217
148219
148220
148222
148223
148225
148229
148230
148233
148235
148236
148238
148240
148241
148244
148246
148249
148253
148259
148261
148262
148268
148271
148274
148275
148277
148278
148282
148283
148285
148287
148288
148289
148290
148296
148297
148298
148301
148302
148306
148307
148309
148312
148315
148316
148317
148318
148319
148325
148326
148330
148332
148334
148336
148338
148339
148341
148342
148344
148348
148349
148350
148355
148356
148359
148361
148363
148365
148366
148367
148368
148371
148372
148373
148374
148375
148378
148379
148380
148382
148383
148385
148390
148393
148394
148396
148397
148402
148403
148404
148411
148413
148414
148417
148418
148419
148420
148423
148425
148426
148427
148428
148431
148432
148433
148440
148441
148442
148443
148445
148446
148447
148450
148452
148453
148454
148457
148458
148460
148462
148463
148464
148465
148466
148467
148474
148475
148476
148477
148479
148481
148482
148484
148485
148488
148491
148494
148496
148498
148502
148503
148506
148507
148509
148510
148511
148512
148513
148517
148518
148521
148522
148523
148524
148527
148529
148531
148532
148534
148538
148541
148546
148549
148550
148553
148556
148558
148561
148562
148565
148567
148571
148573
148574
148577
148579
148580
148584
148585
148586
148588
148591
148594
148598
148599
148601
148604
148607
148611
148612
148616
148622
148624
148625
148626
148627
148628
148631
148632
148635
148637
148638
148641
148647
148649
148652
148654
148656
148658
148661
148663
148664
148667
148669
148670
148673
148674
148676
148680
148681
148684
148685
148688
148690
148693
148694
148695
148696
148697
148698
148699
148700
148703
148707
148710
148711
148712
148713
148714
148720
148723
148727
148728
148729
148730
148733
148736
148737
148738
148739
148741
148742
148744
148745
148746
148747
148748
148749
148751
148752
148754
148757
148762
148763
148764
148765
148766
148767
148768
148769
148770
148772
148779
148785
148786
148792
148795
148796
148798
148799
148800
148802
148806
148807
148808
148811
148813
148814
148815
148816
148817
148818
148822
148824
148825
148826
148830
148835
148836
148838
148839
148842
148843
148844
148850
148853
148855
148858
148859
148861
148863
148864
148865
148866
148871
148875
148878
148879
148880
148881
148885
148886
148887
148888
148894
148895
148897
148903
148904
148905
148907
148909
148912
148914
148917
148918
148921
148923
148929
148930
148934
148936
148937
148938
148941
148942
148943
148944
148945
148946
148950
148951
148953
148954
148958
148959
148961
148962
148964
148965
148967
148969
148970
148972
148973
148974
148976
148977
148979
148981
148983
148988
148989
148994
148995
148996
148997
149000
149001
149006
149007
149008
149013
149014
149016
149020
149021
149022
149023
149024
149025
149026
149028
149030
149031
149035
149036
149038
149041
149043
149044
149045
149051
149052
149054
149057
149058
149066
149067
149068
149071
149072
149073
149074
149075
149076
149077
149079
149080
149081
149082
149084
149085
149088
149089
149091
149094
149095
149097
149098
149099
149106
149108
149110
149112
149115
149116
149117
149119
149120
149121
149125
149127
149128
149130
149131
149133
149134
149135
149138
149141
149142
149143
149148
149150
149152
149153
149155
149156
149158
149160
149161
149162
149168
149169
149171
149172
149178
149179
149180
149181
149183
149184
149188
149192
149193
149196
149198
149202
149203
149206
149207
149209
149210
149212
149214
149216
149217
149222
149225
149228
149229
149231
149232
149234
149237
149238
149239
149240
149242
149243
149244
149245
149246
149247
149249
149252
149253
149256
149257
149258
149260
149263
149264
149265
149267
149269
149270
149273
149282
149283
149287
149288
149289
149290
149291
149292
149293
149294
149295
149296
149297
149300
149302
149304
149306
149311
149312
149318
149320
149321
149327
149328
149329
149336
149337
149341
149342
149343
149344
149347
149348
149350
149352
149353
149367
149368
149369
149370
149371
149372
149376
149380
149381
149382
149383
149384
149387
149388
149389
149390
149393
149398
149400
149401
149403
149406
149414
149415
149416
149417
149418
149420
149421
149422
149424
149425
149426
149427
149428
149429
149431
149433
149434
149436
149437
149440
149441
149442
149443
149444
149448
149449
149450
149451
149453
149454
149455
149457
149458
149459
149462
149466
149467
149468
149471
149472
149475
149476
149477
149482
149483
149493
149495
149496
149501
149503
149505
149506
149507
149508
149510
149512
149513
149515
149516
149517
149520
149521
149522
149530
149531
149532
149534
149537
149538
149539
149541
149542
149544
149547
149548
149551
149552
149555
149556
149557
149558
149563
149564
149565
149566
149568
149569
149573
149575
149582
149584
149586
149587
149588
149589
149592
149593
149594
149595
149596
149597
149599
149600
149601
149602
149605
149606
149607
149608
149609
149610
149613
149614
149616
149617
149622
149625
149626
149630
149631
149633
149639
149641
149642
149643
149648
149649
149651
149652
149654
149657
149659
149660
149661
149666
149667
149668
149670
149671
149672
149674
149677
149678
149682
149688
149689
149690
149694
149699
149702
149704
149706
149708
149709
149710
149711
149712
149713
149714
149715
149716
149718
149719
149721
149722
149723
149724
149728
149735
149736
149738
149740
149741
149743
149744
149747
149749
149752
149753
149754
149755
149756
149759
149760
149763
149766
149768
149773
149775
149777
149780
149781
149782
149783
149785
149786
149787
149789
149790
149791
149795
149796
149797
149800
149801
149803
149804
149806
149810
149811
149812
149814
149820
149821
149822
149826
149827
149829
149832
149835
149837
149838
149840
149841
149842
149844
149846
149847
149850
149854
149855
149856
149857
149860
149861
149864
149868
149870
149871
149875
149877
149879
149881
149882
149883
149886
149888
149889
149890
149891
149896
149897
149898
149899
149901
149902
149904
149908
149909
149912
149917
149918
149921
149923
149927
149930
149932
149934
149938
149943
149945
149946
149949
149959
149960
149963
149965
149966
149968
149970
149971
149972
149973
149974
149980
149983
149984
149986
149989
149990
149991
149992
149993
149994
149995
149996
149997
150002
150004
150008
150010
150011
150013
150016
150019
150020
150021
150022
150023
150024
150025
150026
150028
150031
150033
150034
150036
150037
150040
150041
150042
150043
150046
150048
150050
150051
150055
150058
150059
150061
150065
150068
150077
150083
150086
150087
150088
150091
150092
150094
150095
150097
150100
150103
150110
150111
150114
150118
150120
150122
150124
150126
150128
150131
150134
150135
150137
150145
150146
150147
150148
150149
150150
150151
150159
150161
150165
150168
150171
150172
150173
150176
150181
150183
150186
150189
150191
150192
150193
150195
150198
150200
150202
150203
150205
150209
150211
150212
150214
150217
150220
150221
150227
150230
150231
150237
150238
150239
150241
150242
150243
150245
150246
150247
150250
150251
150255
150260
150262
150263
150266
150267
150268
150269
150274
150278
150279
150282
150283
150285
150286
150287
150289
150293
150294
150295
150298
150299
150300
150301
150302
150304
150306
150307
150308
150309
150312
150313
150314
150315
150316
150317
150318
150320
150324
150325
150331
150333
150334
150337
150340
150342
150343
150344
150345
150346
150348
150349
150351
150353
150354
150359
150362
150363
150364
150366
150368
150371
150374
150376
150377
150378
150380
150383
150384
150385
150387
150388
150390
150391
150394
150395
150396
150397
150398
150399
150400
150401
150403
150405
150407
150409
150410
150412
150416
150417
150420
150422
150425
150426
150427
150428
150430
150433
150436
150437
150439
150442
150443
150447
150451
150455
150456
150457
150459
150461
150463
150465
150467
150468
150469
150470
150473
150474
150477
150478
150480
150485
150486
150487
150490
150492
150493
150494
150495
150497
150498
150500
150501
150502
150503
150504
150505
150507
150510
150511
150512
150515
150518
150520
150522
150523
150524
150525
150526
150527
150531
150535
150536
150538
150539
150540
150541
150546
150550
150551
150553
150558
150560
150562
150563
150565
150567
150568
150569
150572
150574
150576
150577
150578
150580
150581
150583
150584
150585
150587
150588
150591
150592
150596
150597
150598
150599
150601
150603
150604
150605
150610
150612
150615
150618
150619
150621
150622
150623
150624
150626
150628
150630
150631
150634
150638
150640
150642
150643
150645
150648
150649
150651
150652
150653
150654
150655
150657
150661
150662
150663
150668
150669
150671
150675
150679
150683
150688
150690
150691
150696
150697
150699
150700
150703
150704
150705
150706
150709
150710
150712
150716
150718
150719
150722
150723
150727
150729
150730
150732
150734
150736
150737
150742
150743
150744
150747
150750
150755
150757
150760
150762
150763
150767
150768
150771
150775
150776
150778
150779
150781
150784
150786
150787
150789
150791
150795
150796
150798
150799
150800
150801
150805
150806
150808
150810
150812
150813
150814
150815
150817
150818
150819
150820
150824
150825
150829
150831
150832
150833
150840
150842
150846
150847
150849
150850
150852
150854
150857
150859
150860
150862
150863
150864
150866
150869
150871
150872
150873
150875
150876
150877
150878
150879
150881
150883
150884
150886
150891
150892
150893
150896
150897
150900
150904
150906
150911
150912
150913
150914
150916
150918
150920
150921
150922
150930
150931
150934
150937
150943
150944
150946
150948
150949
150950
150955
150958
150959
150962
150963
150968
150969
150972
150974
150975
150983
150985
150988
150989
150991
150994
150995
150997
151000
151003
151006
151010
151012
151015
151018
151021
151022
151023
151027
151028
151029
151031
151033
151035
151038
151040
151042
151044
151045
151047
151048
151049
151053
151054
151055
151058
151059
151062
151063
151067
151069
151071
151073
151074
151076
151078
151082
151083
151085
151091
151094
151095
151096
151100
151102
151105
151109
151110
151112
151113
151114
151115
151116
151117
151118
151119
151121
151122
151127
151128
151131
151132
151135
151136
151137
151138
151139
151140
151141
151142
151144
151146
151147
151148
151151
151152
151153
151154
151155
151156
151157
151158
151160
151161
151166
151167
151170
151172
151173
151175
151176
151177
151182
151184
151186
151187
151190
151193
151195
151196
151197
151199
151204
151205
151207
151208
151209
151212
151216
151217
151218
151219
151220
151221
151224
151225
151227
151232
151233
151236
151241
151243
151245
151250
151251
151256
151257
151258
151262
151263
151272
151273
151274
151277
151278
151279
151280
151281
151283
151284
151287
151290
151293
151295
151296
151297
151298
151299
151300
151302
151304
151306
151308
151310
151311
151314
151315
151316
151319
151321
151322
151323
151327
151332
151333
151335
151336
151339
151343
151345
151346
151349
151350
151353
151356
151359
151360
151361
151363
151365
151366
151367
151371
151373
151375
151380
151383
151385
151389
151393
151395
151396
151397
151399
151400
151401
151403
151404
151406
151407
151410
151412
151413
151415
151416
151419
151421
151422
151424
151425
151426
151430
151431
151432
151434
151439
151453
151454
151455
151458
151462
151472
151473
151474
151475
151476
151477
151479
151481
151484
151487
151488
151489
151491
151492
151493
151494
151496
151498
151499
151500
151503
151506
151507
151509
151510
151511
151512
151516
151517
151519
151520
151521
151522
151528
151530
151531
151532
151533
151541
151542
151543
151546
151548
151549
151550
151551
151554
151555
151557
151558
151559
151561
151563
151568
151569
151571
151573
151574
151575
151576
151578
151583
151584
151585
151587
151588
151589
151590
151591
151592
151594
151597
151598
151599
151602
151608
151610
151611
151616
151617
151619
151620
151622
151623
151626
151628
151629
151630
151631
151632
151633
151636
151639
151641
151642
151645
151648
151649
151650
151651
151653
151654
151656
151657
151659
151662
151663
151664
151666
151667
151669
151671
151672
151675
151677
151679
151681
151682
151685
151686
151687
151690
151691
151693
151695
151697
151698
151699
151702
151703
151705
151709
151710
151712
151719
151721
151722
151723
151724
151725
151728
151729
151731
151732
151734
151736
151741
151746
151747
151748
151750
151753
151754
151760
151762
151763
151764
151765
151766
151768
151769
151773
151775
151776
151778
151779
151780
151782
151783
151784
151788
151789
151790
151791
151793
151795
151798
151800
151803
151804
151810
151811
151814
151816
151818
151820
151823
151826
151828
151830
151831
151834
151836
151838
151840
151842
151843
151849
151850
151853
151854
151855
151858
151860
151861
151863
151864
151865
151866
151868
151869
151871
151876
151877
151878
151879
151882
151883
151884
151885
151886
151891
151892
151898
151900
151901
151906
151907
151911
151916
151918
151920
151921
151922
151923
151924
151925
151926
151929
151930
151931
151932
151933
151934
151936
151938
151939
151941
151942
151944
151948
151949
151952
151955
151957
151961
151965
151968
151969
151970
151971
151972
151973
151975
151979
151981
151982
151984
151986
151988
151989
151991
151993
151996
151997
151999
152000
152001
152002
152003
152004
152005
152006
152010
152012
152017
152018
152019
152021
152027
152030
152031
152032
152033
152034
152035
152037
152040
152042
152044
152045
152046
152049
152051
152052
152053
152054
152057
152060
152062
152067
152068
152069
152071
152072
152073
152075
152077
152079
152081
152082
152085
152088
152091
152092
152095
152096
152098
152099
152101
152106
152108
152111
152112
152113
152114
152115
152118
152121
152124
152126
152127
152128
152129
152131
152132
152134
152135
152136
152138
152141
152142
152144
152145
152146
152148
152154
152157
152160
152161
152163
152164
152166
152168
152171
152178
152181
152182
152183
152185
152188
152189
152190
152191
152192
152193
152195
152200
152202
152207
152208
152209
152210
152212
152213
152216
152220
152223
152224
152229
152230
152231
152232
152233
152235
152236
152237
152238
152240
152241
152242
152243
152247
152248
152250
152252
152253
152255
152260
152264
152265
152266
152267
152269
152270
152275
152276
152279
152280
152281
152283
152284
152285
152287
152288
152290
152291
152292
152295
152296
152299
152300
152301
152303
152304
152307
152308
152309
152310
152313
152315
152317
152320
152321
152323
152324
152326
152328
152331
152336
152339
152340
152341
152343
152345
152346
152347
152350
152352
152353
152356
152357
152358
152362
152364
152365
152369
152371
152372
152374
152375
152376
152379
152383
152384
152385
152386
152388
152389
152394
152395
152397
152399
152401
152411
152412
152415
152417
152418
152422
152423
152424
152427
152431
152432
152433
152437
152438
152440
152442
152443
152444
152447
152448
152449
152451
152452
152453
152454
152455
152456
152458
152463
152464
152466
152467
152471
152472
152474
152476
152477
152482
152484
152486
152488
152490
152493
152494
152495
152501
152503
152504
152506
152507
152512
152513
152514
152521
152523
152524
152526
152528
152529
152530
152531
152533
152534
152539
152544
152545
152546
152547
152550
152551
152552
152553
152555
152557
152558
152560
152565
152566
152567
152568
152569
152570
152571
152572
152573
152574
152575
152576
152577
152579
152580
152582
152585
152586
152589
152593
152596
152597
152601
152603
152610
152612
152614
152616
152618
152620
152623
152624
152631
152633
152634
152636
152637
152644
152645
152647
152651
152652
152653
152654
152655
152656
152657
152659
152661
152662
152666
152669
152670
152672
152673
152675
152677
152678
152679
152681
152682
152683
152685
152687
152690
152692
152695
152698
152701
152703
152705
152707
152708
152709
152710
152712
152715
152716
152720
152727
152729
152730
152731
152733
152735
152737
152738
152739
152741
152742
152744
152745
152747
152748
152749
152750
152751
152753
152754
152760
152764
152765
152767
152771
152772
152773
152777
152778
152780
152783
152784
152785
152786
152787
152789
152790
152792
152793
152796
152797
152801
152802
152803
152805
152808
152809
152810
152811
152814
152815
152817
152820
152821
152822
152825
152826
152827
152828
152829
152830
152831
152832
152833
152836
152838
152845
152847
152848
152850
152851
152852
152853
152854
152856
152857
152858
152862
152864
152866
152869
152870
152872
152875
152876
152879
152880
152885
152886
152888
152892
152893
152895
152901
152903
152905
152910
152914
152915
152917
152918
152919
152921
152922
152923
152926
152927
152929
152930
152931
152932
152938
152947
152948
152949
152951
152955
152957
152961
152962
152967
152968
152970
152971
152973
152974
152975
152979
152980
152985
152986
152987
152989
152990
152993
152994
152997
152999
153000
153002
153005
153007
153009
153010
153012
153013
153014
153015
153016
153017
153019
153020
153021
153022
153024
153025
153026
153027
153028
153031
153032
153033
153034
153036
153038
153039
153041
153046
153048
153049
153050
153054
153057
153058
153059
153060
153063
153068
153069
153070
153071
153073
153075
153077
153078
153080
153082
153083
153085
153086
153089
153090
153091
153092
153093
153095
153096
153098
153100
153102
153103
153106
153109
153111
153112
153114
153116
153120
153122
153123
153124
153126
153128
153129
153130
153133
153136
153137
153138
153139
153140
153142
153148
153152
153155
153156
153159
153162
153163
153164
153165
153169
153171
153172
153173
153175
153180
153182
153186
153188
153189
153190
153191
153196
153197
153198
153200
153202
153203
153206
153211
153214
153215
153217
153219
153220
153221
153222
153223
153228
153230
153232
153235
153236
153237
153238
153239
153248
153249
153250
153257
153258
153260
153263
153265
153266
153270
153274
153275
153281
153282
153284
153288
153292
153293
153294
153295
153296
153297
153298
153300
153302
153307
153308
153309
153313
153314
153316
153317
153318
153319
153321
153323
153324
153325
153326
153327
153328
153331
153334
153335
153339
153342
153343
153345
153346
153347
153350
153351
153354
153357
153358
153360
153361
153362
153364
153365
153368
153370
153372
153373
153374
153375
153377
153380
153381
153383
153384
153385
153387
153389
153390
153391
153393
153394
153395
153396
153398
153400
153402
153403
153404
153407
153412
153414
153415
153417
153418
153419
153421
153422
153424
153425
153429
153431
153433
153434
153435
153437
153439
153442
153445
153447
153448
153449
153450
153453
153454
153459
153461
153462
153463
153464
153465
153467
153468
153469
153470
153472
153473
153477
153479
153481
153482
153486
153487
153493
153494
153496
153498
153499
153502
153503
153506
153507
153511
153514
153515
153516
153519
153520
153521
153526
153528
153529
153530
153531
153534
153537
153538
153540
153544
153549
153553
153556
153557
153564
153566
153567
153568
153573
153574
153575
153578
153579
153582
153583
153585
153587
153589
153592
153594
153596
153597
153599
153600
153604
153606
153610
153611
153615
153622
153625
153626
153628
153629
153630
153634
153635
153639
153641
153644
153646
153648
153650
153651
153652
153655
153657
153660
153661
153662
153663
153664
153667
153669
153674
153675
153676
153677
153678
153680
153682
153685
153687
153689
153690
153692
153696
153700
153701
153705
153706
153707
153709
153710
153711
153713
153714
153716
153720
153721
153722
153723
153724
153726
153727
153728
153729
153730
153731
153734
153737
153739
153740
153742
153743
153745
153748
153750
153754
153757
153760
153761
153762
153763
153766
153771
153773
153774
153775
153777
153781
153782
153783
153784
153786
153789
153792
153794
153795
153796
153799
153801
153802
153808
153809
153811
153812
153813
153815
153817
153819
153820
153821
153822
153824
153826
153828
153830
153835
153837
153838
153842
153847
153848
153853
153855
153856
153857
153859
153862
153864
153868
153870
153872
153875
153876
153877
153878
153880
153881
153882
153883
153885
153890
153900
153902
153903
153904
153905
153906
153910
153911
153912
153916
153917
153918
153920
153923
153926
153927
153928
153929
153930
153937
153938
153939
153941
153942
153943
153945
153946
153947
153948
153954
153955
153956
153957
153958
153962
153965
153967
153968
153971
153976
153977
153978
153979
153984
153985
153986
153987
153989
153991
153992
153995
153996
153997
153998
154001
154004
154009
154010
154015
154018
154019
154021
154022
154023
154025
154027
154028
154031
154034
154035
154037
154038
154039
154040
154041
154042
154043
154044
154045
154046
154048
154050
154051
154052
154053
154054
154055
154056
154057
154062
154064
154065
154068
154074
154075
154077
154078
154079
154082
154084
154085
154087
154089
154091
154092
154094
154095
154100
154101
154102
154106
154107
154109
154110
154113
154115
154120
154124
154127
154130
154131
154132
154133
154134
154137
154138
154139
154140
154141
154142
154143
154146
154147
154149
154151
154152
154154
154155
154157
154159
154161
154163
154165
154167
154172
154173
154176
154181
154183
154184
154185
154186
154187
154191
154194
154197
154199
154201
154203
154205
154206
154207
154208
154211
154216
154219
154221
154222
154225
154226
154230
154231
154233
154234
154235
154236
154237
154238
154240
154241
154246
154247
154249
154251
154252
154257
154260
154262
154263
154264
154266
154268
154270
154272
154273
154275
154277
154278
154280
154285
154289
154290
154294
154295
154297
154306
154308
154309
154311
154316
154318
154319
154321
154323
154324
154326
154331
154334
154335
154337
154340
154342
154344
154346
154348
154350
154351
154353
154354
154355
154356
154357
154360
154361
154364
154365
154366
154369
154373
154374
154378
154381
154382
154390
154391
154395
154397
154398
154399
154407
154408
154409
154411
154412
154414
154417
154418
154421
154423
154424
154425
154426
154428
154429
154431
154432
154434
154435
154437
154438
154441
154442
154443
154445
154450
154451
154453
154456
154459
154460
154461
154462
154463
154464
154465
154467
154470
154474
154476
154482
154484
154486
154488
154489
154490
154491
154494
154495
154496
154498
154499
154503
154504
154506
154507
154508
154509
154515
154517
154518
154520
154521
154524
154525
154526
154527
154528
154530
154535
154536
154538
154539
154540
154543
154544
154549
154550
154551
154556
154557
154558
154559
154560
154562
154563
154564
154567
154568
154572
154573
154574
154575
154576
154578
154581
154582
154583
154584
154586
154587
154588
154589
154594
154597
154598
154601
154603
154604
154605
154607
154610
154611
154612
154613
154614
154617
154618
154621
154623
154624
154625
154626
154629
154630
154631
154634
154635
154638
154640
154642
154644
154646
154648
154649
154652
154653
154655
154656
154657
154659
154661
154664
154666
154671
154672
154675
154676
154677
154680
154681
154682
154684
154688
154689
154690
154691
154694
154696
154697
154699
154701
154706
154709
154710
154715
154716
154718
154720
154722
154725
154727
154728
154731
154732
154733
154738
154739
154740
154741
154742
154743
154744
154745
154746
154747
154748
154749
154752
154753
154754
154755
154757
154765
154766
154767
154772
154773
154774
154776
154779
154781
154785
154786
154788
154790
154797
154798
154799
154804
154805
154806
154809
154810
154811
154815
154818
154819
154820
154821
154824
154828
154829
154833
154835
154838
154840
154846
154847
154849
154851
154853
154854
154855
154856
154858
154860
154861
154863
154865
154869
154870
154871
154872
154874
154875
154877
154878
154880
154883
154884
154885
154887
154889
154891
154895
154896
154897
154898
154900
154901
154902
154904
154906
154908
154909
154910
154911
154912
154913
154917
154923
154924
154928
154929
154930
154931
154932
154935
154936
154937
154938
154941
154942
154943
154945
154949
154952
154953
154955
154956
154958
154960
154963
154964
154966
154967
154968
154969
154972
154973
154977
154979
154980
154981
154982
154983
154984
154985
154989
154993
154997
154998
155000
155001
155005
155008
155009
155010
155015
155017
155024
155027
155029
155030
155031
155032
155033
155036
155038
155039
155044
155045
155046
155048
155049
155050
155051
155053
155055
155063
155064
155065
155066
155067
155069
155071
155073
155076
155078
155079
155080
155082
155086
155087
155096
155097
155098
155100
155101
155104
155105
155107
155108
155110
155113
155114
155115
155116
155118
155119
155121
155122
155123
155124
155126
155129
155132
155133
155137
155143
155145
155149
155153
155154
155155
155158
155162
155163
155164
155165
155167
155168
155172
155174
155178
155180
155189
155191
155192
155196
155197
155199
155200
155201
155202
155203
155205
155206
155207
155208
155211
155213
155215
155218
155220
155221
155225
155227
155228
155229
155230
155235
155236
155237
155238
155241
155243
155244
155249
155252
155253
155256
155259
155264
155268
155269
155270
155272
155275
155278
155279
155280
155282
155283
155285
155289
155290
155291
155294
155296
155297
155298
155299
155302
155303
155305
155308
155309
155312
155313
155314
155317
155318
155321
155323
155324
155327
155328
155329
155330
155331
155334
155337
155338
155340
155344
155348
155349
155350
155351
155352
155353
155354
155356
155357
155359
155361
155363
155364
155366
155368
155369
155372
155374
155376
155377
155378
155379
155386
155387
155388
155391
155394
155396
155399
155401
155405
155407
155410
155414
155416
155419
155422
155424
155425
155429
155430
155432
155436
155439
155444
155445
155446
155449
155450
155451
155452
155453
155454
155460
155464
155467
155469
155471
155473
155480
155481
155484
155487
155488
155489
155491
155492
155493
155494
155495
155496
155497
155498
155502
155503
155505
155507
155508
155509
155511
155515
155516
155518
155521
155522
155526
155528
155531
155532
155534
155536
155545
155546
155548
155551
155553
155557
155559
155560
155563
155566
155567
155569
155571
155573
155576
155577
155580
155583
155584
155585
155588
155589
155592
155593
155595
155596
155598
155599
155602
155604
155605
155607
155614
155615
155617
155618
155619
155621
155623
155624
155625
155631
155632
155633
155635
155637
155638
155639
155641
155642
155643
155645
155660
155663
155665
155669
155670
155672
155675
155676
155677
155678
155679
155682
155686
155687
155689
155691
155692
155693
155695
155699
155700
155704
155705
155708
155710
155713
155715
155723
155724
155725
155727
155728
155730
155731
155732
155733
155734
155735
155738
155741
155742
155743
155744
155745
155746
155748
155750
155751
155752
155753
155756
155759
155762
155766
155769
155771
155773
155774
155775
155777
155778
155780
155782
155784
155786
155787
155788
155791
155794
155796
155798
155799
155800
155801
155802
155803
155804
155805
155808
155809
155812
155813
155816
155819
155820
155821
155823
155824
155826
155828
155830
155836
155838
155839
155841
155843
155844
155846
155848
155849
155850
155851
155854
155855
155857
155859
155862
155866
155867
155869
155874
155876
155877
155879
155880
155881
155882
155883
155886
155888
155891
155895
155896
155898
155899
155900
155901
155905
155908
155910
155911
155912
155914
155916
155923
155924
155926
155927
155931
155935
155936
155938
155939
155940
155941
155942
155944
155946
155948
155952
155954
155955
155956
155957
155958
155959
155960
155962
155967
155968
155969
155970
155972
155976
155981
155991
155992
155993
155994
155996
155997
155998
155999
156000
156002
156004
156005
156008
156009
156010
156011
156012
156013
156017
156019
156020
156021
156022
156025
156027
156030
156032
156033
156035
156036
156037
156040
156042
156043
156049
156052
156053
156054
156055
156059
156063
156064
156067
156068
156069
156070
156071
156072
156073
156074
156077
156079
156083
156085
156089
156090
156093
156096
156097
156099
156103
156105
156110
156111
156113
156118
156120
156123
156126
156127
156129
156132
156133
156134
156136
156139
156140
156142
156144
156145
156148
156151
156154
156158
156159
156162
156163
156165
156166
156170
156173
156174
156175
156180
156182
156183
156184
156186
156188
156189
156193
156195
156196
156200
156201
156204
156205
156206
156207
156209
156210
156211
156213
156215
156217
156218
156220
156221
156225
156226
156228
156229
156231
156233
156234
156237
156242
156250
156252
156254
156255
156259
156260
156261
156262
156263
156264
156266
156267
156269
156270
156271
156272
156273
156274
156275
156276
156277
156281
156285
156286
156292
156297
156298
156302
156304
156305
156306
156308
156309
156315
156318
156319
156320
156321
156322
156323
156324
156329
156330
156333
156334
156336
156338
156339
156343
156345
156350
156352
156354
156356
156358
156361
156362
156365
156368
156371
156372
156373
156375
156378
156379
156383
156384
156386
156387
156393
156394
156400
156401
156402
156407
156408
156414
156415
156416
156418
156419
156421
156424
156425
156428
156430
156431
156435
156438
156439
156440
156441
156443
156446
156448
156449
156450
156454
156455
156459
156461
156465
156466
156468
156469
156470
156471
156475
156479
156481
156482
156485
156487
156488
156491
156493
156495
156497
156499
156503
156506
156508
156510
156514
156516
156517
156518
156519
156522
156524
156525
156526
156528
156529
156532
156534
156536
156537
156540
156541
156544
156545
156547
156548
156551
156555
156556
156557
156559
156560
156562
156563
156566
156570
156571
156572
156573
156574
156575
156576
156578
156580
156582
156583
156584
156585
156594
156595
156596
156597
156600
156603
156607
156608
156611
156614
156615
156616
156617
156618
156620
156621
156622
156624
156627
156630
156631
156632
156633
156636
156638
156639
156643
156644
156647
156649
156652
156653
156656
156658
156661
156664
156666
156668
156669
156671
156675
156678
156679
156680
156681
156683
156684
156686
156688
156689
156690
156693
156694
156696
156697
156698
156704
156705
156710
156711
156713
156714
156716
156719
156721
156722
156723
156727
156728
156730
156731
156732
156733
156736
156740
156742
156743
156746
156747
156749
156751
156753
156758
156760
156762
156765
156766
156770
156772
156773
156774
156779
156783
156785
156788
156791
156792
156798
156806
156807
156809
156811
156815
156819
156820
156823
156824
156829
156831
156832
156833
156834
156835
156839
156842
156843
156848
156850
156852
156855
156856
156859
156860
156861
156863
156864
156867
156868
156869
156870
156873
156876
156879
156881
156884
156885
156887
156890
156892
156893
156895
156898
156905
156907
156908
156909
156911
156912
156913
156914
156915
156916
156918
156922
156925
156926
156927
156928
156930
156933
156937
156938
156942
156943
156944
156948
156951
156952
156953
156954
156955
156960
156964
156965
156968
156969
156970
156972
156974
156976
156978
156979
156981
156983
156985
156986
156991
156993
157001
157003
157006
157010
157013
157014
157017
157023
157028
157030
157031
157032
157033
157035
157036
157037
157038
157039
157040
157042
157044
157045
157046
157048
157049
157050
157052
157053
157054
157055
157056
157059
157062
157063
157069
157070
157073
157076
157078
157079
157082
157083
157088
157089
157092
157093
157095
157096
157098
157102
157103
157104
157106
157107
157113
157122
157123
157124
157127
157130
157132
157133
157134
157135
157136
157137
157139
157141
157142
157143
157145
157146
157147
157150
157152
157154
157156
157157
157162
157169
157170
157171
157172
157176
157177
157180
157181
157186
157187
157189
157190
157192
157194
157195
157197
157201
157203
157205
157206
157207
157208
157209
157211
157212
157214
157218
157221
157222
157225
157227
157228
157229
157231
157233
157234
157235
157237
157238
157240
157241
157245
157246
157249
157250
157252
157253
157254
157258
157259
157262
157263
157265
157266
157269
157270
157272
157273
157274
157275
157276
157277
157281
157282
157284
157285
157287
157288
157289
157295
157296
157298
157299
157302
157303
157304
157306
157307
157309
157310
157311
157313
157314
157317
157318
157320
157321
157322
157323
157326
157329
157330
157334
157335
157336
157338
157339
157340
157341
157342
157345
157347
157348
157350
157351
157354
157356
157357
157360
157361
157362
157365
157366
157369
157374
157375
157376
157377
157378
157379
157382
157386
157388
157390
157392
157393
157395
157396
157397
157399
157403
157406
157407
157410
157412
157414
157415
157416
157419
157420
157421
157423
157424
157425
157427
157428
157429
157430
157432
157433
157434
157435
157438
157442
157443
157444
157445
157448
157451
157452
157454
157455
157456
157457
157459
157461
157463
157465
157466
157470
157471
157473
157474
157476
157478
157481
157482
157485
157486
157492
157498
157500
157502
157503
157505
157511
157513
157514
157515
157516
157522
157528
157529
157531
157532
157534
157535
157537
157538
157539
157540
157541
157542
157543
157544
157546
157549
157550
157555
157556
157558
157561
157562
157563
157567
157568
157569
157570
157572
157573
157574
157576
157577
157581
157582
157584
157586
157588
157590
157591
157593
157597
157599
157600
157601
157605
157616
157619
157621
157624
157628
157629
157632
157634
157636
157641
157642
157643
157646
157647
157648
157649
157650
157651
157655
157656
157657
157658
157663
157666
157671
157672
157673
157675
157677
157679
157680
157681
157684
157685
157690
157691
157693
157695
157697
157699
157701
157704
157708
157709
157710
157712
157713
157714
157715
157716
157717
157720
157721
157722
157725
157730
157733
157734
157736
157737
157739
157741
157742
157744
157746
157748
157749
157752
157754
157758
157759
157763
157766
157767
157768
157771
157772
157774
157778
157783
157784
157785
157787
157791
157792
157794
157795
157797
157798
157801
157802
157803
157806
157808
157809
157810
157811
157812
157815
157816
157817
157820
157821
157822
157823
157824
157827
157828
157830
157832
157837
157839
157843
157844
157847
157848
157852
157855
157857
157863
157865
157867
157868
157870
157871
157875
157877
157879
157880
157881
157884
157886
157887
157888
157889
157891
157893
157894
157898
157899
157900
157905
157908
157909
157910
157911
157915
157916
157917
157918
157919
157921
157922
157923
157925
157926
157927
157928
157933
157934
157938
157939
157940
157942
157944
157945
157947
157950
157951
157952
157954
157957
157958
157959
157964
157965
157971
157973
157976
157979
157987
157993
157994
157995
157998
157999
158002
158003
158004
158005
158007
158008
158009
158011
158013
158014
158015
158016
158023
158026
158030
158033
158034
158040
158044
158045
158046
158050
158052
158054
158055
158057
158058
158060
158062
158063
158068
158070
158071
158073
158074
158078
158079
158083
158084
158085
158086
158087
158089
158090
158094
158097
158099
158101
158104
158106
158108
158109
158111
158113
158114
158116
158121
158123
158124
158126
158127
158130
158131
158133
158135
158138
158140
158141
158142
158143
158145
158147
158148
158149
158150
158151
158152
158154
158163
158164
158165
158166
158182
158184
158185
158186
158188
158192
158195
158197
158199
158203
158204
158205
158206
158207
158208
158211
158213
158214
158215
158217
158219
158221
158222
158225
158227
158228
158229
158230
158233
158234
158235
158236
158237
158238
158241
158245
158246
158249
158251
158254
158256
158257
158258
158260
158262
158264
158265
158271
158272
158275
158278
158281
158282
158287
158288
158289
158291
158293
158294
158300
158302
158303
158305
158306
158308
158316
158317
158319
158320
158321
158322
158326
158327
158330
158331
158333
158334
158335
158338
158340
158341
158344
158346
158347
158349
158351
158353
158356
158357
158359
158360
158361
158362
158364
158367
158369
158371
158372
158374
158376
158377
158378
158380
158381
158382
158383
158384
158385
158386
158389
158395
158396
158398
158399
158401
158404
158405
158409
158410
158411
158412
158413
158414
158415
158416
158417
158418
158419
158420
158422
158423
158427
158428
158429
158431
158434
158435
158437
158438
158440
158442
158443
158444
158447
158448
158450
158451
158453
158454
158459
158460
158463
158465
158467
158468
158469
158470
158471
158474
158475
158477
158478
158480
158481
158484
158488
158491
158492
158500
158501
158502
158504
158505
158506
158508
158509
158510
158511
158513
158517
158519
158521
158522
158523
158524
158525
158526
158528
158532
158536
158537
158538
158539
158541
158542
158549
158551
158557
158558
158559
158560
158562
158564
158567
158568
158569
158576
158579
158580
158582
158583
158584
158585
158587
158588
158590
158592
158593
158596
158597
158599
158600
158602
158604
158606
158609
158610
158611
158613
158616
158617
158618
158619
158620
158621
158623
158626
158627
158629
158631
158634
158636
158637
158640
158641
158643
158644
158645
158646
158648
158649
158650
158651
158652
158661
158663
158664
158672
158675
158676
158678
158679
158680
158686
158687
158689
158691
158693
158694
158696
158697
158699
158700
158703
158704
158707
158710
158711
158713
158715
158716
158718
158719
158721
158726
158728
158729
158730
158733
158734
158735
158739
158740
158741
158743
158744
158748
158749
158752
158753
158754
158755
158756
158758
158763
158765
158766
158767
158768
158769
158770
158771
158772
158774
158775
158779
158782
158783
158784
158786
158788
158790
158791
158792
158793
158795
158802
158808
158809
158810
158812
158814
158817
158820
158821
158822
158829
158830
158834
158835
158836
158842
158843
158849
158850
158851
158852
158853
158854
158858
158859
158861
158863
158864
158865
158866
158867
158869
158874
158876
158878
158882
158886
158887
158888
158889
158895
158897
158899
158906
158912
158913
158916
158918
158919
158920
158921
158923
158924
158926
158927
158931
158940
158941
158942
158943
158944
158946
158949
158952
158954
158955
158957
158958
158960
158961
158962
158963
158964
158965
158966
158970
158971
158972
158973
158974
158975
158976
158980
158982
158983
158984
158985
158987
158989
158994
158995
158996
158998
159000
159001
159004
159010
159011
159012
159013
159014
159016
159017
159019
159020
159023
159024
159026
159029
159031
159033
159035
159036
159037
159039
159040
159041
159042
159043
159044
159046
159047
159051
159053
159056
159062
159063
159065
159066
159067
159068
159074
159077
159078
159079
159083
159087
159089
159091
159093
159095
159098
159099
159101
159102
159103
159105
159108
159111
159112
159116
159117
159118
159119
159121
159122
159126
159127
159128
159130
159131
159132
159133
159134
159143
159146
159147
159148
159149
159150
159151
159152
159153
159157
159159
159160
159162
159163
159164
159170
159172
159175
159177
159178
159180
159181
159182
159183
159185
159186
159187
159188
159191
159194
159197
159201
159206
159207
159209
159210
159214
159215
159217
159219
159222
159224
159225
159226
159229
159230
159232
159234
159238
159240
159242
159243
159244
159245
159246
159249
159250
159251
159253
159254
159257
159259
159260
159261
159263
159265
159268
159269
159270
159271
159272
159273
159274
159275
159279
159281
159282
159283
159290
159292
159293
159294
159296
159297
159300
159301
159305
159308
159310
159314
159317
159319
159320
159322
159325
159326
159329
159330
159331
159332
159333
159335
159336
159338
159340
159341
159342
159343
159344
159345
159351
159353
159355
159356
159357
159358
159360
159363
159364
159365
159370
159373
159374
159376
159378
159379
159380
159383
159384
159386
159390
159393
159396
159397
159400
159401
159403
159404
159408
159409
159410
159413
159414
159416
159419
159420
159422
159423
159425
159426
159428
159429
159430
159431
159434
159435
159437
159443
159444
159446
159448
159449
159450
159451
159453
159454
159455
159457
159459
159460
159461
159463
159466
159467
159470
159471
159472
159476
159479
159480
159483
159485
159486
159487
159491
159492
159493
159494
159495
159496
159500
159503
159505
159507
159510
159519
159520
159523
159531
159532
159533
159535
159539
159540
159544
159547
159550
159551
159552
159553
159557
159558
159560
159563
159566
159567
159568
159569
159570
159572
159574
159577
159578
159580
159581
159586
159587
159588
159593
159594
159599
159601
159606
159607
159608
159609
159610
159615
159617
159620
159623
159624
159626
159628
159629
159632
159634
159635
159638
159639
159640
159641
159647
159651
159652
159653
159656
159662
159667
159669
159670
159671
159673
159674
159677
159678
159679
159680
159685
159686
159691
159692
159697
159698
159699
159700
159701
159702
159703
159704
159707
159710
159712
159713
159715
159718
159719
159721
159725
159726
159727
159728
159729
159730
159732
159733
159737
159739
159740
159741
159742
159744
159745
159746
159748
159750
159752
159753
159756
159757
159758
159763
159766
159767
159771
159772
159773
159778
159779
159782
159787
159788
159790
159791
159794
159798
159800
159801
159802
159807
159809
159811
159812
159813
159814
159815
159816
159819
159822
159823
159825
159826
159827
159828
159829
159831
159832
159834
159836
159839
159840
159842
159844
159849
159850
159851
159852
159853
159854
159855
159858
159859
159861
159862
159865
159867
159868
159869
159870
159871
159872
159874
159875
159876
159879
159880
159881
159882
159883
159884
159885
159886
159887
159893
159894
159895
159896
159900
159904
159905
159910
159912
159913
159915
159917
159918
159919
159922
159923
159924
159925
159928
159929
159934
159935
159937
159938
159939
159941
159942
159945
159947
159949
159955
159956
159957
159959
159960
159962
159965
159966
159968
159969
159971
159973
159975
159976
159983
159985
159989
159991
159992
159993
159994
159995
159996
159998
159999
160000
160001
160002
160006
160007
160010
160014
160017
160018
160020
160021
160022
160023
160025
160026
160027
160029
160030
160034
160035
160036
160037
160044
160049
160050
160051
160056
160057
160058
160059
160060
160061
160064
160065
160066
160069
160076
160077
160085
160087
160089
160090
160092
160093
160094
160095
160097
160102
160106
160107
160109
160110
160115
160117
160119
160120
160122
160125
160126
160132
160134
160136
160137
160140
160143
160146
160148
160149
160150
160153
160155
160156
160157
160158
160160
160161
160164
160165
160171
160174
160175
160176
160178
160183
160185
160187
160190
160192
160193
160194
160198
160200
160202
160207
160208
160209
160210
160211
160213
160214
160218
160219
160222
160223
160226
160227
160228
160232
160234
160236
160239
160242
160243
160246
160247
160248
160253
160254
160257
160259
160261
160268
160269
160271
160272
160273
160278
160280
160283
160286
160287
160289
160290
160293
160297
160298
160300
160301
160303
160306
160307
160310
160313
160316
160317
160318
160319
160327
160328
160331
160332
160336
160338
160340
160341
160342
160345
160346
160352
160358
160361
160363
160364
160365
160367
160368
160372
160376
160377
160378
160382
160384
160385
160391
160393
160394
160396
160397
160399
160404
160406
160407
160409
160410
160411
160412
160413
160417
160419
160420
160421
160422
160424
160431
160433
160435
160436
160438
160442
160443
160444
160445
160448
160449
160450
160451
160453
160456
160458
160461
160464
160466
160467
160468
160471
160472
160478
160479
160480
160485
160486
160487
160488
160491
160492
160498
160499
160502
160504
160505
160508
160509
160510
160514
160517
160518
160519
160521
160524
160525
160527
160528
160529
160530
160533
160535
160538
160539
160540
160542
160544
160546
160548
160551
160552
160553
160554
160555
160556
160558
160560
160562
160564
160569
160570
160571
160572
160573
160574
160576
160582
160583
160584
160585
160589
160590
160591
160594
160595
160597
160599
160601
160604
160608
160609
160612
160614
160615
160617
160620
160621
160623
160630
160631
160633
160635
160637
160638
160641
160642
160643
160644
160647
160648
160649
160653
160655
160656
160660
160661
160662
160663
160665
160666
160670
160672
160673
160675
160678
160680
160681
160683
160686
160687
160688
160691
160692
160693
160700
160701
160702
160703
160705
160707
160708
160709
160713
160719
160720
160722
160723
160726
160727
160728
160729
160731
160732
160734
160735
160737
160739
160745
160746
160747
160748
160752
160753
160754
160756
160758
160761
160762
160763
160765
160766
160770
160774
160775
160776
160778
160779
160780
160781
160782
160783
160784
160785
160786
160787
160789
160791
160792
160793
160794
160795
160800
160802
160805
160808
160809
160810
160811
160812
160814
160819
160822
160823
160825
160827
160828
160837
160838
160839
160840
160842
160845
160846
160848
160850
160852
160853
160854
160855
160859
160860
160861
160862
160863
160869
160873
160877
160878
160879
160882
160883
160886
160888
160892
160893
160894
160896
160898
160899
160901
160903
160914
160915
160916
160922
160923
160924
160925
160926
160927
160928
160930
160931
160933
160934
160935
160936
160938
160943
160953
160955
160956
160959
160962
160963
160964
160966
160967
160968
160969
160971
160972
160973
160975
160976
160978
160979
160985
160986
160987
160991
160994
160995
160998
161001
161004
161005
161007
161010
161011
161012
161013
161019
161021
161022
161024
161026
161029
161032
161033
161035
161037
161040
161041
161044
161045
161046
161051
161056
161057
161058
161061
161062
161063
161072
161074
161076
161077
161079
161081
161082
161083
161084
161086
161087
161088
161089
161090
161092
161094
161096
161098
161099
161102
161103
161104
161106
161107
161108
161114
161115
161117
161118
161123
161124
161127
161131
161132
161133
161134
161140
161141
161144
161146
161147
161150
161152
161155
161158
161160
161161
161162
161163
161164
161166
161169
161171
161175
161176
161178
161179
161180
161182
161183
161184
161187
161188
161190
161192
161194
161198
161199
161201
161202
161203
161206
161208
161210
161211
161214
161216
161221
161222
161223
161224
161225
161226
161227
161228
161229
161230
161231
161232
161235
161237
161240
161241
161245
161249
161250
161251
161252
161254
161255
161259
161260
161264
161266
161268
161269
161270
161275
161276
161277
161280
161282
161283
161284
161287
161290
161291
161294
161298
161299
161300
161302
161303
161306
161308
161309
161311
161313
161317
161318
161319
161320
161321
161322
161323
161326
161327
161329
161330
161331
161334
161338
161339
161341
161343
161345
161347
161349
161353
161355
161357
161360
161361
161362
161363
161366
161368
161376
161377
161378
161381
161385
161387
161388
161393
161398
161399
161400
161402
161404
161405
161407
161408
161410
161411
161412
161413
161415
161416
161419
161421
161422
161424
161427
161428
161433
161434
161438
161441
161443
161444
161445
161449
161450
161451
161452
161453
161455
161457
161458
161460
161462
161464
161468
161469
161470
161471
161473
161474
161475
161478
161479
161480
161483
161484
161489
161490
161491
161492
161493
161497
161499
161500
161501
161503
161504
161505
161507
161508
161509
161511
161512
161513
161514
161515
161516
161517
161519
161521
161523
161525
161526
161532
161533
161534
161537
161540
161541
161542
161543
161544
161545
161549
161551
161553
161554
161555
161556
161557
161563
161564
161565
161566
161567
161568
161569
161570
161573
161575
161578
161579
161581
161582
161586
161590
161591
161592
161596
161597
161599
161600
161604
161607
161608
161612
161615
161616
161617
161620
161621
161623
161625
161627
161628
161631
161632
161639
161640
161641
161642
161643
161644
161645
161646
161648
161650
161653
161657
161658
161664
161665
161671
161673
161674
161677
161679
161681
161682
161684
161685
161686
161688
161690
161691
161692
161695
161696
161699
161700
161701
161702
161703
161714
161715
161716
161718
161719
161722
161725
161727
161729
161731
161733
161735
161739
161742
161743
161744
161747
161748
161750
161754
161756
161758
161759
161761
161762
161764
161765
161767
161768
161769
161770
161772
161775
161777
161779
161780
161782
161785
161786
161788
161790
161792
161794
161795
161796
161797
161798
161800
161803
161804
161806
161807
161813
161815
161818
161822
161829
161834
161839
161840
161843
161844
161848
161853
161854
161860
161861
161863
161864
161865
161866
161868
161869
161870
161873
161878
161880
161881
161882
161883
161893
161898
161900
161902
161903
161905
161907
161908
161909
161911
161912
161913
161916
161917
161918
161922
161923
161924
161925
161926
161928
161929
161931
161932
161934
161935
161937
161940
161945
161946
161948
161952
161953
161955
161957
161961
161965
161966
161969
161970
161975
161976
161978
161981
161984
161985
161987
161990
161991
161992
161996
161997
161999
162002
162003
162004
162008
162012
162013
162016
162021
162022
162023
162026
162027
162029
162031
162032
162033
162037
162038
162039
162040
162041
162042
162044
162047
162048
162053
162061
162062
162063
162065
162067
162069
162071
162075
162076
162079
162080
162081
162084
162086
162087
162089
162090
162091
162096
162098
162100
162102
162103
162104
162105
162109
162110
162112
162114
162115
162116
162118
162119
162121
162123
162124
162125
162127
162129
162130
162131
162135
162136
162137
162140
162142
162145
162147
162148
162149
162151
162154
162156
162157
162158
162159
162161
162164
162165
162166
162168
162169
162170
162174
162175
162176
162177
162178
162179
162180
162181
162182
162183
162184
162187
162192
162193
162196
162197
162198
162199
162200
162201
162204
162207
162210
162212
162213
162214
162216
162218
162219
162221
162222
162227
162229
162232
162233
162239
162240
162241
162242
162244
162246
162249
162250
162253
162259
162260
162263
162264
162265
162266
162268
162269
162270
162272
162274
162276
162278
162280
162281
162282
162287
162288
162289
162290
162291
162292
162293
162295
162296
162297
162298
162301
162303
162305
162306
162307
162308
162310
162311
162313
162316
162317
162318
162319
162320
162323
162324
162325
162327
162330
162331
162332
162340
162341
162346
162348
162349
162351
162353
162360
162361
162362
162366
162367
162369
162371
162372
162373
162375
162376
162377
162378
162380
162383
162385
162389
162392
162394
162395
162400
162401
162404
162407
162408
162411
162414
162417
162418
162419
162420
162421
162426
162429
162431
162432
162433
162435
162437
162439
162441
162443
162449
162450
162451
162454
162458
162459
162462
162467
162469
162470
162471
162474
162477
162479
162480
162481
162483
162485
162491
162496
162497
162499
162500
162504
162506
162507
162508
162509
162511
162514
162515
162518
162519
162521
162527
162529
162530
162536
162538
162540
162541
162542
162543
162544
162545
162549
162551
162555
162556
162559
162560
162561
162563
162564
162568
162569
162573
162575
162578
162579
162580
162582
162583
162586
162587
162589
162592
162593
162595
162598
162599
162607
162611
162612
162613
162614
162616
162617
162618
162622
162623
162624
162629
162630
162631
162633
162634
162637
162638
162639
162640
162641
162642
162643
162644
162645
162647
162650
162651
162655
162657
162659
162660
162662
162663
162664
162669
162672
162673
162674
162676
162677
162680
162682
162684
162685
162688
162691
162693
162695
162697
162699
162700
162705
162706
162707
162708
162712
162713
162717
162718
162719
162731
162734
162737
162738
162743
162744
162745
162747
162748
162749
162750
162752
162755
162758
162759
162760
162762
162763
162764
162765
162766
162767
162770
162773
162778
162781
162782
162783
162784
162787
162788
162789
162790
162794
162796
162799
162800
162801
162805
162808
162810
162812
162816
162820
162821
162822
162824
162825
162827
162830
162831
162832
162834
162835
162836
162839
162840
162844
162845
162849
162850
162852
162854
162856
162858
162862
162865
162866
162868
162869
162872
162876
162880
162881
162882
162885
162887
162890
162891
162892
162895
162897
162904
162905
162906
162907
162908
162910
162911
162912
162915
162916
162918
162919
162920
162921
162922
162925
162926
162927
162928
162933
162934
162936
162937
162940
162941
162944
162947
162948
162951
162953
162954
162957
162958
162960
162961
162962
162963
162964
162965
162966
162968
162969
162970
162974
162976
162977
162978
162979
162980
162982
162983
162991
162993
162995
162996
162998
162999
163000
163004
163008
163009
163012
163013
163016
163025
163026
163027
163028
163029
163030
163031
163034
163036
163038
163042
163043
163044
163046
163049
163050
163051
163052
163053
163054
163056
163059
163060
163062
163065
163067
163068
163069
163070
163073
163074
163076
163077
163079
163080
163081
163083
163085
163087
163089
163091
163092
163093
163094
163095
163096
163097
163098
163099
163101
163103
163105
163107
163110
163111
163114
163118
163119
163120
163122
163123
163124
163127
163136
163137
163139
163140
163143
163148
163149
163152
163156
163157
163158
163160
163165
163167
163169
163170
163171
163173
163178
163179
163181
163183
163193
163194
163196
163197
163199
163200
163201
163202
163204
163206
163207
163209
163211
163215
163216
163217
163218
163220
163222
163224
163227
163229
163234
163236
163237
163238
163239
163240
163242
163243
163244
163246
163247
163248
163249
163250
163251
163253
163255
163258
163260
163262
163264
163267
163268
163271
163275
163276
163279
163283
163288
163291
163292
163296
163302
163304
163305
163306
163307
163309
163311
163312
163313
163314
163315
163317
163319
163321
163323
163324
163326
163327
163329
163333
163335
163338
163339
163340
163343
163345
163352
163353
163354
163355
163356
163358
163359
163360
163362
163363
163365
163367
163369
163370
163374
163375
163376
163378
163379
163380
163383
163385
163386
163387
163394
163398
163401
163402
163403
163406
163407
163408
163410
163412
163416
163423
163424
163425
163428
163429
163430
163431
163432
163434
163437
163439
163442
163443
163444
163446
163447
163448
163449
163450
163451
163452
163453
163454
163460
163462
163464
163470
163472
163477
163478
163479
163480
163481
163484
163485
163486
163488
163489
163490
163492
163493
163494
163498
163499
163501
163503
163504
163506
163509
163510
163511
163516
163517
163520
163521
163522
163523
163529
163530
163533
163535
163536
163537
163538
163541
163544
163546
163547
163548
163549
163552
163554
163555
163557
163561
163567
163569
163570
163574
163576
163579
163581
163582
163583
163585
163587
163588
163589
163591
163592
163593
163594
163595
163596
163599
163600
163603
163604
163607
163608
163610
163611
163612
163614
163615
163616
163623
163626
163630
163632
163635
163636
163638
163639
163641
163642
163643
163644
163645
163646
163647
163649
163651
163652
163654
163660
163661
163663
163664
163665
163666
163668
163669
163671
163672
163674
163677
163680
163683
163684
163685
163687
163690
163694
163695
163699
163700
163701
163703
163707
163710
163712
163713
163714
163723
163726
163727
163729
163730
163731
163733
163735
163737
163739
163740
163741
163745
163746
163747
163748
163749
163753
163757
163761
163762
163763
163764
163767
163769
163770
163777
163778
163779
163783
163784
163786
163791
163792
163797
163799
163800
163801
163802
163804
163808
163809
163811
163812
163813
163815
163818
163819
163821
163822
163823
163824
163825
163826
163827
163829
163830
163831
163832
163833
163836
163837
163838
163839
163841
163847
163848
163852
163853
163856
163857
163859
163860
163862
163864
163865
163866
163867
163868
163869
163871
163872
163873
163874
163875
163879
163883
163885
163887
163889
163891
163895
163896
163897
163901
163903
163907
163910
163911
163915
163916
163917
163918
163920
163923
163925
163926
163927
163931
163932
163933
163937
163938
163940
163945
163948
163951
163952
163953
163956
163959
163960
163961
163963
163964
163969
163970
163971
163974
163975
163977
163981
163982
163983
163984
163985
163987
163991
163992
163993
163994
163995
163998
163999
164001
164003
164008
164009
164010
164012
164014
164015
164017
164020
164022
164025
164030
164032
164034
164035
164036
164039
164041
164043
164048
164052
164053
164054
164056
164058
164059
164061
164062
164063
164065
164066
164067
164068
164071
164072
164074
164076
164077
164078
164080
164081
164082
164083
164085
164088
164093
164094
164095
164096
164097
164098
164099
164102
164103
164105
164107
164110
164111
164113
164117
164118
164120
164122
164124
164126
164128
164129
164131
164132
164133
164135
164139
164140
164141
164144
164149
164152
164153
164156
164157
164158
164165
164170
164171
164174
164176
164178
164179
164180
164183
164185
164188
164189
164190
164192
164193
164195
164196
164198
164199
164200
164201
164202
164204
164205
164209
164210
164211
164214
164215
164218
164219
164222
164223
164224
164225
164226
164227
164229
164230
164232
164235
164237
164238
164241
164243
164246
164247
164248
164254
164256
164259
164260
164263
164265
164266
164267
164270
164271
164273
164274
164279
164282
164283
164284
164286
164287
164290
164297
164299
164301
164302
164303
164305
164307
164309
164311
164312
164313
164314
164315
164316
164317
164319
164321
164333
164335
164337
164338
164340
164342
164343
164346
164350
164351
164352
164353
164354
164355
164356
164357
164359
164360
164361
164362
164365
164366
164367
164368
164370
164373
164375
164378
164379
164381
164382
164383
164384
164386
164388
164389
164390
164392
164393
164394
164395
164396
164399
164400
164404
164407
164408
164410
164411
164412
164414
164415
164416
164419
164421
164422
164425
164431
164432
164433
164434
164436
164439
164440
164441
164442
164443
164444
164446
164449
164451
164452
164455
164456
164457
164461
164462
164463
164465
164466
164469
164470
164471
164473
164478
164479
164480
164481
164485
164488
164492
164493
164494
164496
164497
164498
164501
164509
164511
164513
164517
164522
164524
164525
164526
164527
164528
164534
164536
164537
164538
164540
164542
164543
164544
164547
164550
164554
164557
164558
164559
164560
164561
164562
164564
164565
164567
164570
164571
164573
164576
164577
164578
164579
164580
164582
164583
164584
164592
164593
164596
164598
164599
164600
164602
164603
164605
164606
164609
164610
164612
164613
164614
164618
164623
164629
164633
164634
164636
164637
164639
164640
164641
164643
164644
164645
164647
164648
164650
164651
164652
164658
164660
164662
164671
164672
164673
164674
164677
164683
164686
164690
164692
164693
164696
164698
164699
164700
164701
164707
164709
164711
164713
164714
164715
164717
164718
164720
164721
164722
164724
164726
164728
164729
164731
164732
164737
164738
164739
164742
164743
164747
164749
164750
164751
164752
164755
164756
164759
164760
164764
164765
164766
164768
164771
164773
164775
164776
164778
164781
164785
164786
164788
164789
164790
164792
164793
164794
164797
164798
164800
164801
164804
164807
164811
164812
164814
164816
164818
164819
164820
164826
164828
164829
164830
164838
164839
164842
164845
164846
164847
164849
164851
164853
164857
164858
164859
164862
164863
164864
164865
164866
164869
164873
164874
164875
164877
164878
164880
164882
164883
164884
164885
164887
164888
164889
164890
164892
164894
164897
164900
164903
164906
164907
164908
164909
164911
164912
164913
164915
164917
164918
164919
164920
164921
164926
164928
164929
164930
164931
164932
164933
164934
164935
164936
164937
164938
164939
164940
164942
164945
164949
164950
164951
164953
164954
164956
164958
164959
164960
164962
164964
164971
164972
164973
164977
164979
164980
164981
164982
164987
164990
164991
164993
164994
164995
164996
164997
164999
165000
165001
165002
165004
165009
165010
165011
165012
165013
165014
165015
165016
165018
165019
165020
165027
165028
165029
165030
165032
165036
165037
165039
165040
165042
165043
165045
165048
165051
165052
165053
165054
165055
165057
165058
165060
165062
165063
165067
165068
165070
165071
165077
165078
165080
165081
165085
165087
165090
165095
165096
165097
165098
165100
165101
165103
165104
165105
165107
165111
165114
165119
165121
165123
165125
165127
165129
165132
165133
165134
165136
165137
165139
165142
165145
165146
165147
165148
165149
165151
165153
165154
165155
165157
165160
165162
165164
165170
165171
165172
165175
165177
165178
165180
165182
165183
165184
165186
165187
165188
165189
165191
165192
165193
165194
165197
165198
165201
165202
165203
165205
165209
165210
165217
165218
165219
165222
165225
165228
165231
165237
165239
165241
165244
165245
165246
165248
165249
165251
165254
165256
165258
165262
165264
165266
165268
165269
165271
165274
165277
165279
165280
165281
165284
165285
165286
165288
165290
165291
165294
165295
165298
165302
165303
165305
165306
165310
165311
165313
165314
165316
165317
165318
165319
165323
165325
165326
165327
165328
165332
165333
165335
165336
165341
165342
165343
165344
165345
165347
165348
165352
165353
165361
165363
165366
165369
165372
165373
165374
165376
165377
165378
165384
165385
165387
165388
165389
165390
165391
165392
165393
165394
165395
165401
165404
165407
165412
165413
165414
165416
165418
165419
165425
165426
165429
165431
165434
165435
165438
165439
165442
165444
165446
165449
165451
165454
165455
165457
165459
165463
165464
165466
165467
165468
165472
165473
165475
165477
165488
165490
165491
165492
165493
165494
165497
165498
165500
165502
165504
165505
165506
165507
165509
165511
165514
165516
165518
165524
165529
165531
165532
165533
165534
165543
165546
165547
165551
165554
165555
165556
165558
165559
165560
165562
165563
165564
165565
165569
165570
165571
165572
165573
165578
165579
165580
165583
165584
165586
165587
165589
165590
165591
165593
165596
165599
165601
165602
165603
165605
165606
165608
165609
165610
165612
165613
165614
165615
165616
165620
165623
165624
165625
165629
165632
165633
165636
165637
165638
165642
165643
165644
165645
165646
165649
165654
165656
165658
165659
165661
165662
165664
165666
165667
165669
165670
165672
165673
165674
165675
165676
165677
165678
165687
165689
165690
165691
165692
165693
165694
165695
165696
165697
165700
165704
165705
165707
165709
165710
165711
165713
165716
165718
165719
165720
165721
165724
165727
165728
165730
165733
165735
165736
165738
165742
165744
165746
165747
165750
165752
165753
165755
165757
165758
165759
165760
165763
165765
165767
165771
165773
165774
165776
165778
165780
165781
165782
165783
165785
165786
165787
165793
165797
165799
165800
165801
165803
165810
165812
165821
165825
165826
165828
165830
165831
165833
165834
165835
165840
165842
165843
165845
165849
165851
165859
165860
165861
165862
165863
165864
165865
165868
165869
165872
165873
165874
165876
165877
165880
165881
165886
165887
165888
165889
165892
165893
165898
165899
165903
165904
165905
165906
165909
165910
165911
165912
165915
165919
165920
165921
165922
165926
165927
165929
165930
165931
165932
165933
165934
165935
165936
165938
165940
165944
165945
165951
165954
165955
165956
165963
165965
165966
165969
165972
165974
165976
165978
165980
165982
165984
165988
165990
165992
165995
165997
165998
166003
166004
166005
166006
166010
166011
166014
166015
166016
166019
166021
166022
166024
166029
166030
166031
166034
166039
166040
166042
166043
166044
166046
166049
166051
166054
166056
166059
166060
166062
166065
166067
166068
166070
166075
166077
166078
166081
166083
166084
166085
166086
166087
166091
166092
166094
166095
166099
166100
166102
166103
166104
166106
166112
166114
166115
166117
166119
166120
166121
166122
166125
166128
166130
166132
166134
166135
166136
166138
166139
166140
166142
166143
166144
166149
166152
166153
166154
166155
166156
166158
166159
166160
166161
166162
166165
166166
166167
166169
166171
166172
166175
166176
166178
166181
166184
166185
166186
166192
166193
166194
166196
166197
166198
166199
166201
166202
166204
166207
166210
166212
166213
166214
166216
166217
166220
166224
166232
166234
166235
166237
166241
166242
166243
166244
166248
166249
166250
166251
166252
166258
166260
166261
166263
166264
166265
166269
166271
166274
166276
166279
166282
166283
166285
166287
166288
166292
166295
166296
166297
166298
166302
166304
166306
166307
166308
166309
166310
166311
166315
166316
166317
166320
166321
166322
166324
166325
166328
166332
166335
166337
166339
166340
166343
166345
166347
166348
166350
166351
166353
166354
166355
166356
166357
166360
166361
166362
166365
166367
166370
166371
166372
166374
166377
166380
166381
166382
166383
166385
166387
166388
166389
166393
166395
166396
166397
166398
166399
166400
166401
166402
166403
166405
166410
166412
166413
166415
166419
166422
166423
166426
166431
166433
166436
166437
166438
166440
166441
166444
166446
166447
166452
166454
166456
166459
166460
166462
166466
166467
166469
166471
166474
166475
166476
166478
166481
166482
166483
166485
166486
166488
166489
166490
166498
166504
166507
166508
166509
166511
166512
166513
166516
166517
166521
166522
166523
166525
166527
166528
166530
166533
166539
166541
166542
166545
166546
166552
166554
166557
166560
166567
166569
166574
166575
166578
166579
166580
166581
166582
166584
166586
166589
166590
166592
166595
166596
166598
166602
166603
166604
166605
166607
166608
166609
166610
166611
166612
166614
166616
166619
166621
166623
166624
166625
166627
166629
166630
166631
166634
166635
166637
166639
166640
166641
166642
166643
166645
166646
166647
166649
166653
166654
166655
166660
166661
166662
166663
166666
166670
166672
166676
166677
166679
166680
166681
166682
166683
166687
166688
166690
166694
166697
166698
166700
166701
166703
166704
166706
166707
166712
166713
166714
166717
166720
166721
166723
166725
166727
166728
166730
166731
166734
166735
166736
166737
166742
166745
166749
166752
166753
166754
166756
166759
166761
166762
166764
166767
166770
166771
166776
166778
166780
166781
166783
166785
166787
166789
166790
166791
166794
166795
166797
166798
166799
166805
166806
166807
166808
166811
166814
166815
166816
166820
166821
166822
166824
166836
166837
166840
166841
166842
166843
166846
166850
166851
166852
166853
166854
166856
166858
166860
166862
166866
166869
166871
166874
166877
166881
166882
166883
166884
166885
166887
166891
166894
166895
166896
166897
166898
166899
166900
166901
166902
166906
166909
166910
166911
166912
166914
166916
166917
166920
166926
166927
166928
166931
166932
166936
166937
166938
166939
166941
166942
166943
166944
166946
166952
166953
166955
166961
166962
166965
166967
166968
166970
166971
166977
166978
166979
166980
166981
166982
166986
166989
166990
166991
166994
166996
166999
167001
167003
167005
167006
167007
167008
167010
167011
167014
167015
167016
167017
167018
167019
167021
167023
167024
167025
167026
167027
167029
167031
167032
167038
167039
167041
167042
167044
167045
167046
167047
167049
167053
167054
167055
167057
167058
167059
167060
167064
167066
167067
167068
167070
167071
167075
167076
167077
167078
167082
167083
167084
167087
167089
167090
167097
167099
167100
167102
167104
167108
167109
167114
167115
167116
167117
167118
167119
167120
167121
167127
167129
167130
167132
167135
167136
167137
167139
167143
167147
167148
167149
167151
167156
167157
167158
167159
167160
167162
167163
167165
167166
167168
167172
167173
167175
167176
167178
167180
167182
167183
167186
167187
167189
167192
167194
167195
167196
167197
167198
167200
167205
167207
167210
167211
167212
167216
167220
167224
167226
167227
167229
167230
167234
167235
167236
167237
167238
167239
167240
167243
167247
167248
167252
167254
167256
167257
167259
167261
167262
167263
167267
167268
167269
167270
167273
167277
167278
167279
167281
167282
167283
167285
167286
167287
167289
167291
167292
167293
167296
167297
167301
167302
167308
167309
167319
167320
167323
167326
167330
167331
167333
167338
167340
167345
167346
167347
167349
167350
167352
167353
167356
167357
167358
167359
167361
167363
167368
167370
167372
167373
167374
167375
167376
167378
167379
167381
167383
167384
167385
167386
167388
167391
167394
167395
167398
167402
167403
167404
167405
167408
167409
167410
167411
167413
167414
167415
167417
167418
167419
167420
167422
167426
167427
167428
167429
167433
167436
167437
167438
167439
167444
167448
167449
167451
167453
167455
167457
167458
167459
167460
167461
167462
167463
167465
167466
167467
167468
167470
167471
167474
167475
167476
167477
167481
167484
167485
167486
167487
167488
167489
167491
167492
167493
167500
167501
167502
167503
167505
167506
167507
167509
167510
167512
167513
167514
167519
167521
167523
167525
167527
167532
167534
167535
167540
167541
167542
167543
167546
167548
167552
167554
167555
167556
167557
167563
167566
167567
167569
167574
167575
167579
167584
167585
167589
167590
167591
167592
167594
167595
167596
167597
167598
167604
167605
167606
167612
167613
167614
167616
167619
167620
167621
167624
167627
167628
167630
167637
167640
167642
167652
167653
167655
167656
167658
167661
167662
167663
167666
167667
167668
167676
167679
167680
167681
167683
167688
167692
167697
167698
167699
167701
167704
167705
167706
167707
167708
167710
167714
167715
167716
167717
167718
167720
167721
167723
167725
167726
167727
167729
167731
167733
167736
167738
167739
167740
167744
167745
167746
167747
167749
167752
167754
167755
167759
167760
167763
167765
167769
167771
167772
167773
167774
167776
167780
167781
167782
167786
167790
167791
167792
167793
167794
167795
167800
167801
167802
167803
167804
167805
167806
167807
167810
167812
167813
167815
167816
167817
167818
167821
167822
167823
167826
167827
167830
167833
167835
167837
167844
167845
167846
167849
167850
167851
167852
167853
167855
167856
167858
167861
167862
167863
167864
167866
167870
167872
167876
167877
167878
167879
167880
167881
167885
167886
167888
167889
167890
167893
167894
167896
167897
167898
167900
167901
167905
167906
167907
167911
167913
167914
167919
167920
167923
167926
167927
167929
167934
167935
167936
167937
167938
167942
167945
167949
167953
167954
167957
167958
167959
167960
167961
167962
167965
167966
167967
167970
167971
167972
167973
167977
167978
167979
167980
167981
167982
167983
167984
167986
167988
167989
167991
167992
167993
167995
167996
167998
167999
168001
168002
168003
168005
168006
168009
168010
168015
168017
168018
168019
168021
168022
168025
168026
168027
168029
168032
168033
168035
168036
168037
168040
168042
168045
168047
168048
168049
168053
168054
168056
168057
168061
168062
168063
168064
168065
168066
168067
168069
168070
168072
168073
168075
168076
168079
168080
168081
168083
168088
168091
168092
168093
168095
168096
168097
168101
168103
168104
168107
168109
168112
168114
168116
168117
168118
168119
168120
168122
168124
168125
168126
168127
168128
168129
168130
168133
168135
168136
168137
168138
168141
168143
168145
168148
168152
168154
168155
168156
168157
168159
168160
168163
168165
168168
168172
168173
168174
168176
168177
168179
168180
168181
168182
168184
168186
168190
168191
168199
168201
168203
168204
168205
168208
168209
168210
168212
168213
168214
168216
168217
168218
168220
168222
168226
168227
168228
168229
168230
168231
168233
168234
168237
168238
168239
168241
168245
168247
168248
168253
168255
168257
168259
168261
168263
168269
168270
168271
168273
168275
168279
168280
168281
168282
168288
168290
168292
168296
168298
168299
168301
168302
168303
168304
168305
168307
168314
168316
168317
168321
168323
168324
168326
168330
168334
168335
168336
168338
168339
168340
168344
168345
168346
168347
168348
168353
168356
168359
168361
168362
168365
168370
168371
168374
168376
168378
168379
168382
168383
168384
168387
168389
168390
168397
168400
168401
168404
168405
168406
168407
168410
168411
168412
168415
168416
168417
168418
168420
168421
168423
168424
168426
168428
168430
168431
168432
168434
168436
168437
168438
168443
168444
168445
168446
168449
168450
168451
168452
168454
168457
168459
168460
168461
168463
168464
168466
168470
168471
168472
168473
168476
168478
168479
168480
168481
168482
168485
168486
168487
168488
168496
168497
168500
168501
168502
168503
168504
168509
168512
168514
168515
168516
168517
168518
168520
168521
168525
168527
168528
168529
168530
168531
168532
168535
168536
168540
168542
168545
168546
168547
168548
168549
168553
168554
168555
168558
168559
168561
168562
168563
168565
168566
168571
168572
168576
168582
168583
168586
168587
168588
168590
168591
168592
168598
168603
168604
168605
168606
168611
168612
168613
168614
168615
168616
168617
168618
168620
168622
168625
168630
168631
168632
168634
168638
168639
168640
168641
168643
168644
168646
168647
168649
168650
168651
168653
168654
168655
168656
168661
168662
168663
168664
168665
168673
168674
168676
168678
168680
168681
168685
168686
168689
168693
168695
168696
168697
168698
168699
168701
168702
168703
168704
168706
168710
168711
168712
168713
168714
168716
168722
168723
168724
168726
168727
168728
168729
168730
168732
168733
168735
168736
168738
168739
168741
168742
168743
168744
168746
168751
168754
168757
168758
168764
168767
168770
168773
168774
168776
168778
168779
168780
168781
168782
168783
168784
168787
168793
168794
168795
168798
168799
168801
168802
168803
168806
168810
168811
168813
168815
168816
168819
168820
168822
168823
168824
168825
168827
168829
168833
168834
168839
168840
168845
168848
168850
168851
168852
168854
168855
168858
168862
168865
168871
168875
168878
168879
168880
168882
168886
168889
168890
168892
168893
168898
168900
168902
168903
168904
168906
168907
168908
168909
168911
168912
168915
168916
168917
168921
168923
168926
168927
168928
168929
168932
168933
168935
168938
168939
168942
168947
168948
168951
168955
168959
168961
168967
168969
168977
168980
168982
168984
168985
168986
168988
168989
168991
168999
169002
169010
169011
169012
169015
169020
169022
169023
169024
169027
169030
169031
169032
169033
169035
169038
169039
169040
169041
169042
169043
169044
169046
169047
169048
169049
169052
169053
169054
169055
169058
169062
169063
169064
169066
169069
169071
169072
169073
169074
169076
169077
169079
169081
169083
169085
169086
169087
169088
169090
169094
169095
169097
169099
169100
169101
169107
169108
169109
169110
169111
169112
169113
169116
169117
169119
169121
169122
169124
169126
169128
169130
169132
169133
169135
169136
169137
169138
169139
169145
169149
169150
169151
169153
169157
169160
169162
169163
169165
169167
169168
169169
169170
169171
169172
169174
169175
169176
169177
169179
169180
169184
169188
169189
169191
169193
169195
169196
169198
169200
169206
169207
169208
169209
169210
169217
169219
169220
169221
169222
169225
169227
169229
169231
169233
169234
169237
169238
169239
169240
169241
169242
169243
169244
169247
169248
169251
169255
169257
169258
169262
169263
169265
169267
169268
169269
169270
169271
169272
169273
169274
169275
169278
169280
169283
169292
169295
169302
169311
169312
169313
169315
169316
169318
169319
169321
169322
169324
169325
169326
169328
169329
169332
169334
169339
169340
169342
169344
169345
169350
169353
169355
169356
169359
169360
169362
169365
169366
169369
169373
169374
169375
169377
169378
169379
169380
169381
169382
169383
169384
169388
169389
169392
169394
169395
169396
169397
169398
169403
169404
169405
169406
169410
169412
169413
169417
169424
169425
169426
169427
169429
169430
169431
169433
169434
169439
169440
169442
169445
169446
169449
169452
169454
169456
169457
169458
169459
169461
169464
169470
169471
169473
169474
169478
169480
169481
169485
169486
169487
169488
169490
169491
169492
169493
169498
169499
169502
169503
169504
169505
169508
169509
169511
169517
169520
169522
169524
169526
169530
169531
169532
169536
169537
169539
169540
169541
169542
169543
169544
169545
169546
169551
169552
169553
169556
169557
169558
169559
169560
169561
169564
169567
169569
169571
169572
169575
169577
169580
169581
169583
169586
169593
169594
169600
169607
169608
169611
169613
169615
169617
169619
169621
169622
169625
169627
169629
169631
169634
169636
169638
169639
169640
169642
169645
169647
169648
169651
169652
169653
169655
169657
169660
169663
169665
169666
169667
169675
169676
169679
169681
169684
169685
169687
169690
169691
169692
169694
169695
169697
169698
169699
169701
169702
169704
169706
169708
169712
169713
169723
169724
169725
169726
169727
169729
169732
169733
169736
169738
169739
169740
169742
169744
169745
169746
169747
169748
169749
169750
169753
169754
169756
169761
169762
169763
169764
169772
169774
169775
169776
169777
169778
169781
169783
169786
169787
169788
169792
169794
169795
169797
169798
169801
169803
169804
169808
169810
169811
169819
169821
169824
169829
169832
169833
169835
169836
169838
169840
169844
169845
169847
169848
169850
169853
169854
169856
169857
169860
169862
169863
169865
169870
169873
169875
169876
169877
169878
169881
169882
169883
169887
169895
169896
169897
169898
169899
169900
169902
169903
169906
169907
169908
169909
169910
169911
169912
169913
169914
169915
169916
169919
169925
169930
169933
169934
169935
169937
169938
169940
169942
169943
169944
169945
169947
169948
169951
169954
169955
169956
169957
169959
169960
169961
169963
169964
169965
169966
169969
169970
169974
169975
169979
169981
169983
169985
169986
169990
169991
169992
169994
169998
169999
170001
170002
170003
170004
170005
170006
170007
170010
170011
170015
170016
170017
170019
170020
170021
170022
170023
170026
170027
170028
170031
170032
170035
170036
170037
170039
170041
170044
170045
170046
170047
170052
170053
170055
170056
170057
170059
170062
170065
170066
170068
170069
170070
170071
170072
170077
170078
170080
170082
170086
170087
170089
170092
170093
170094
170095
170100
170107
170109
170110
170113
170114
170117
170120
170124
170125
170128
170129
170130
170131
170132
170133
170137
170138
170140
170141
170142
170144
170145
170146
170147
170151
170153
170154
170155
170158
170159
170162
170163
170164
170165
170166
170171
170172
170174
170175
170176
170179
170181
170182
170185
170188
170191
170192
170193
170194
170195
170198
170199
170200
170202
170204
170209
170212
170213
170214
170217
170221
170222
170223
170224
170226
170227
170229
170232
170234
170237
170242
170243
170244
170246
170247
170248
170251
170253
170256
170258
170263
170265
170266
170267
170268
170269
170270
170272
170276
170279
170280
170285
170287
170292
170293
170294
170295
170296
170298
170299
170300
170302
170305
170306
170312
170314
170318
170320
170321
170322
170323
170324
170327
170328
170329
170331
170333
170334
170337
170338
170339
170341
170345
170347
170349
170351
170353
170354
170355
170356
170357
170359
170362
170364
170368
170374
170376
170379
170381
170383
170384
170387
170388
170393
170394
170395
170396
170398
170399
170401
170402
170403
170404
170405
170407
170408
170409
170410
170411
170412
170413
170414
170415
170417
170419
170421
170422
170423
170426
170428
170430
170433
170435
170437
170438
170440
170442
170443
170444
170445
170446
170447
170449
170451
170452
170453
170454
170455
170457
170459
170461
170464
170465
170466
170468
170469
170471
170472
170473
170476
170478
170479
170480
170484
170489
170490
170491
170494
170498
170499
170501
170506
170507
170508
170510
170513
170514
170515
170517
170519
170522
170523
170524
170525
170527
170529
170530
170531
170533
170534
170535
170536
170537
170539
170541
170542
170546
170551
170552
170553
170554
170555
170559
170560
170562
170565
170572
170575
170576
170578
170579
170580
170581
170585
170587
170588
170590
170591
170600
170601
170603
170604
170605
170606
170607
170609
170611
170612
170615
170616
170619
170620
170621
170622
170623
170626
170629
170631
170632
170633
170636
170637
170640
170641
170642
170643
170644
170645
170646
170647
170649
170652
170655
170657
170659
170660
170661
170667
170668
170671
170672
170673
170675
170679
170680
170682
170689
170690
170701
170702
170704
170705
170707
170709
170710
170713
170715
170718
170723
170726
170728
170730
170731
170732
170733
170734
170736
170739
170743
170745
170747
170750
170752
170753
170756
170759
170760
170762
170765
170766
170767
170770
170771
170772
170774
170776
170779
170780
170782
170783
170784
170788
170789
170795
170796
170797
170801
170802
170807
170808
170809
170812
170815
170818
170819
170820
170821
170823
170824
170826
170827
170828
170829
170830
170835
170836
170837
170838
170839
170840
170844
170845
170846
170849
170855
170856
170858
170859
170863
170865
170868
170869
170871
170873
170876
170877
170879
170882
170885
170891
170893
170894
170895
170896
170897
170899
170902
170903
170904
170906
170907
170909
170910
170913
170917
170918
170919
170920
170923
170924
170925
170928
170932
170933
170934
170936
170939
170940
170941
170942
170944
170945
170947
170948
170949
170951
170952
170954
170956
170957
170958
170959
170963
170964
170965
170968
170972
170973
170975
170976
170977
170979
170980
170984
170985
170986
170987
170989
170990
170994
170995
170996
170999
171000
171001
171002
171004
171006
171007
171008
171009
171011
171013
171014
171017
171020
171021
171022
171023
171024
171026
171029
171034
171036
171038
171039
171041
171042
171043
171045
171046
171048
171049
171051
171052
171058
171061
171062
171066
171069
171070
171072
171075
171077
171078
171080
171082
171086
171090
171094
171096
171097
171099
171103
171105
171107
171110
171113
171115
171116
171118
171119
171121
171124
171125
171126
171127
171138
171139
171145
171152
171155
171156
171157
171158
171159
171161
171163
171165
171166
171169
171170
171173
171176
171179
171180
171181
171183
171184
171185
171187
171193
171195
171197
171198
171199
171200
171201
171202
171203
171207
171211
171213
171214
171215
171216
171217
171219
171221
171225
171226
171229
171232
171233
171236
171237
171238
171242
171247
171249
171252
171253
171254
171260
171261
171265
171267
171268
171270
171275
171277
171279
171281
171284
171287
171288
171291
171292
171293
171294
171296
171297
171298
171301
171302
171304
171305
171308
171310
171311
171315
171317
171320
171322
171323
171327
171330
171332
171335
171337
171340
171342
171344
171349
171353
171355
171358
171359
171361
171364
171368
171369
171371
171376
171377
171379
171382
171385
171390
171391
171394
171396
171397
171400
171402
171403
171405
171406
171416
171417
171418
171419
171422
171423
171424
171427
171429
171433
171438
171441
171442
171445
171448
171451
171452
171454
171458
171461
171463
171464
171465
171466
171467
171468
171471
171472
171474
171475
171478
171481
171482
171484
171486
171488
171489
171490
171491
171492
171493
171495
171496
171497
171500
171502
171504
171506
171508
171512
171514
171515
171516
171517
171518
171519
171520
171524
171525
171527
171528
171531
171532
171534
171535
171537
171538
171540
171542
171544
171546
171548
171549
171551
171554
171560
171562
171563
171564
171565
171571
171572
171573
171575
171576
171579
171581
171585
171588
171592
171593
171594
171595
171597
171598
171599
171600
171601
171604
171605
171607
171608
171610
171611
171613
171614
171615
171616
171618
171619
171621
171624
171625
171627
171630
171631
171632
171633
171636
171637
171638
171639
171640
171642
171643
171645
171647
171649
171650
171654
171655
171656
171657
171658
171660
171661
171662
171665
171669
171670
171671
171673
171674
171677
171678
171679
171681
171682
171683
171686
171687
171688
171692
171695
171697
171698
171699
171700
171701
171704
171705
171706
171707
171708
171710
171711
171716
171717
171719
171721
171723
171725
171727
171731
171736
171740
171743
171745
171746
171749
171750
171753
171755
171757
171759
171760
171762
171764
171765
171767
171769
171774
171776
171781
171783
171784
171787
171788
171789
171791
171792
171798
171799
171800
171801
171802
171803
171804
171809
171810
171811
171813
171819
171820
171821
171823
171826
171830
171831
171832
171837
171838
171841
171842
171843
171845
171846
171850
171851
171854
171857
171858
171859
171862
171865
171867
171869
171873
171874
171876
171877
171878
171881
171883
171886
171891
171893
171896
171901
171903
171904
171905
171907
171908
171909
171910
171914
171917
171919
171920
171924
171926
171927
171928
171930
171935
171937
171938
171940
171942
171943
171946
171948
171949
171951
171952
171954
171955
171956
171957
171962
171963
171965
171967
171968
171969
171971
171972
171973
171976
171979
171980
171981
171983
171988
171989
171994
171995
171996
172000
172001
172003
172007
172008
172010
172013
172014
172018
172020
172021
172022
172026
172027
172028
172030
172033
172034
172037
172040
172041
172045
172047
172050
172051
172052
172053
172054
172059
172060
172064
172065
172066
172067
172068
172070
172075
172077
172078
172080
172082
172084
172086
172088
172092
172096
172097
172098
172099
172100
172103
172105
172109
172110
172111
172112
172114
172116
172117
172118
172119
172120
172121
172122
172123
172131
172132
172133
172134
172135
172141
172144
172147
172150
172156
172157
172158
172159
172161
172168
172170
172171
172172
172173
172174
172176
172179
172180
172181
172187
172188
172191
172192
172195
172196
172198
172199
172202
172203
172204
172206
172207
172210
172211
172212
172214
172216
172218
172222
172225
172226
172233
172234
172235
172236
172240
172241
172242
172243
172244
172246
172247
172249
172255
172259
172260
172261
172262
172263
172264
172270
172271
172273
172274
172275
172277
172278
172281
172285
172287
172289
172291
172292
172294
172297
172299
172300
172301
172304
172307
172309
172310
172311
172312
172313
172314
172315
172317
172318
172319
172320
172323
172325
172326
172327
172328
172332
172333
172339
172341
172344
172347
172349
172353
172354
172356
172357
172360
172361
172364
172365
172366
172368
172370
172372
172373
172376
172378
172381
172382
172383
172384
172386
172390
172391
172392
172393
172394
172397
172398
172400
172401
172402
172405
172407
172409
172410
172413
172414
172415
172417
172422
172427
172431
172432
172433
172434
172442
172443
172444
172445
172446
172447
172449
172451
172452
172456
172457
172458
172460
172461
172462
172465
172469
172470
172471
172473
172476
172477
172478
172480
172486
172493
172495
172496
172497
172498
172499
172500
172506
172508
172509
172511
172515
172518
172521
172522
172532
172533
172535
172536
172537
172538
172539
172540
172541
172543
172548
172549
172559
172564
172565
172566
172568
172569
172570
172572
172574
172577
172580
172581
172583
172587
172588
172591
172594
172600
172601
172604
172605
172608
172609
172612
172617
172620
172624
172625
172626
172627
172634
172638
172640
172643
172645
172646
172648
172649
172652
172653
172654
172655
172658
172660
172661
172662
172663
172665
172667
172670
172671
172672
172675
172676
172677
172678
172679
172680
172681
172684
172685
172686
172687
172688
172691
172693
172695
172696
172698
172702
172703
172704
172709
172711
172712
172713
172714
172717
172718
172720
172722
172723
172726
172728
172729
172730
172735
172736
172737
172738
172741
172743
172747
172750
172753
172755
172756
172757
172758
172759
172760
172761
172764
172765
172766
172770
172772
172773
172774
172776
172780
172781
172782
172783
172791
172794
172795
172798
172800
172807
172809
172810
172813
172814
172815
172818
172819
172820
172821
172822
172825
172829
172830
172831
172832
172833
172836
172839
172841
172843
172844
172845
172846
172849
172850
172852
172855
172856
172857
172859
172860
172862
172863
172864
172865
172866
172867
172868
172869
172870
172871
172872
172874
172881
172883
172885
172888
172889
172890
172891
172893
172894
172895
172897
172898
172901
172903
172904
172905
172909
172910
172911
172912
172913
172915
172920
172922
172924
172925
172926
172927
172928
172929
172932
172935
172937
172939
172941
172943
172944
172946
172947
172949
172952
172954
172961
172965
172968
172972
172978
172982
172983
172985
172987
172988
172989
172990
172994
172995
172997
172998
172999
173001
173003
173004
173005
173009
173011
173012
173015
173016
173017
173019
173020
173022
173024
173027
173028
173035
173037
173040
173047
173049
173050
173052
173054
173055
173056
173058
173059
173060
173063
173066
173068
173070
173072
173074
173076
173078
173079
173080
173084
173086
173087
173088
173089
173092
173093
173094
173095
173097
173098
173099
173100
173104
173105
173107
173109
173110
173111
173114
173119
173121
173122
173130
173132
173134
173136
173139
173141
173142
173144
173145
173146
173147
173148
173151
173152
173153
173155
173156
173159
173160
173162
173164
173166
173167
173168
173169
173170
173172
173175
173179
173180
173184
173186
173187
173188
173191
173192
173195
173196
173199
173200
173201
173203
173206
173209
173211
173213
173215
173216
173217
173220
173222
173225
173228
173229
173231
173232
173233
173234
173236
173238
173239
173240
173241
173242
173243
173247
173251
173252
173257
173259
173260
173262
173266
173272
173274
173277
173279
173281
173282
173284
173285
173286
173287
173288
173290
173294
173298
173299
173300
173301
173302
173303
173304
173307
173309
173310
173311
173317
173319
173321
173322
173326
173327
173329
173331
173333
173335
173337
173340
173341
173343
173352
173356
173360
173361
173362
173363
173366
173369
173370
173372
173373
173377
173379
173380
173382
173383
173385
173386
173387
173390
173391
173393
173394
173396
173398
173402
173403
173405
173407
173408
173410
173411
173413
173415
173416
173417
173420
173425
173426
173427
173429
173430
173431
173434
173435
173437
173438
173439
173443
173444
173445
173447
173448
173454
173457
173458
173459
173461
173462
173465
173466
173468
173475
173476
173477
173481
173483
173484
173485
173487
173488
173491
173492
173493
173495
173497
173500
173501
173504
173505
173506
173507
173508
173509
173510
173514
173515
173522
173524
173528
173529
173531
173533
173535
173537
173538
173540
173542
173544
173548
173551
173552
173555
173556
173557
173558
173559
173562
173570
173571
173572
173573
173574
173575
173576
173578
173581
173584
173586
173587
173588
173589
173590
173591
173592
173594
173595
173596
173597
173598
173600
173602
173605
173606
173607
173608
173610
173612
173613
173614
173615
173616
173617
173618
173621
173627
173629
173630
173635
173638
173641
173643
173648
173649
173650
173651
173652
173653
173654
173656
173658
173659
173661
173664
173665
173668
173670
173671
173672
173673
173675
173676
173677
173679
173680
173681
173682
173686
173688
173690
173691
173694
173699
173700
173702
173705
173706
173707
173709
173712
173713
173715
173717
173722
173724
173735
173736
173737
173740
173741
173742
173746
173748
173749
173750
173752
173753
173754
173756
173757
173758
173761
173762
173764
173768
173773
173774
173775
173776
173777
173778
173779
173781
173786
173791
173792
173795
173796
173798
173800
173802
173804
173805
173807
173808
173809
173812
173813
173815
173822
173824
173827
173828
173829
173833
173834
173836
173841
173844
173846
173847
173849
173851
173852
173853
173856
173857
173859
173864
173867
173868
173871
173873
173876
173880
173883
173886
173887
173888
173889
173891
173895
173896
173899
173900
173902
173904
173905
173906
173908
173911
173913
173914
173916
173917
173918
173919
173921
173923
173924
173929
173932
173933
173934
173935
173938
173941
173943
173944
173945
173947
173948
173949
173950
173951
173953
173956
173957
173959
173960
173961
173963
173964
173967
173969
173970
173971
173973
173974
173975
173978
173979
173984
173985
173991
173992
173995
173998
173999
174001
174002
174005
174006
174007
174008
174011
174012
174013
174019
174021
174023
174024
174028
174031
174032
174033
174034
174035
174040
174043
174044
174047
174049
174052
174054
174055
174060
174061
174062
174065
174066
174069
174071
174072
174073
174074
174075
174076
174078
174080
174082
174084
174086
174087
174088
174089
174091
174099
174100
174101
174103
174104
174105
174111
174112
174113
174114
174116
174120
174121
174125
174128
174131
174132
174136
174137
174139
174140
174142
174143
174144
174145
174146
174147
174148
174153
174154
174156
174159
174160
174163
174164
174166
174169
174171
174172
174173
174177
174178
174182
174183
174184
174187
174191
174194
174195
174196
174197
174198
174199
174202
174204
174206
174209
174211
174212
174213
174215
174216
174218
174219
174227
174228
174229
174230
174232
174233
174237
174238
174240
174241
174244
174250
174251
174254
174255
174256
174257
174258
174259
174260
174262
174263
174266
174269
174271
174273
174275
174276
174277
174278
174279
174280
174282
174283
174286
174287
174291
174294
174295
174297
174298
174299
174300
174304
174310
174311
174315
174316
174317
174318
174320
174322
174323
174328
174329
174332
174333
174335
174336
174338
174341
174343
174345
174346
174347
174350
174352
174358
174359
174362
174363
174365
174366
174368
174370
174374
174375
174381
174382
174386
174387
174388
174389
174390
174391
174392
174393
174395
174396
174398
174400
174402
174403
174405
174406
174407
174409
174410
174412
174413
174414
174415
174416
174417
174422
174424
174425
174426
174428
174429
174431
174433
174435
174438
174441
174442
174445
174446
174448
174449
174451
174452
174458
174459
174462
174463
174464
174467
174468
174469
174473
174474
174476
174478
174480
174481
174482
174483
174485
174487
174489
174494
174495
174496
174498
174502
174503
174506
174510
174514
174515
174517
174518
174521
174522
174523
174524
174525
174527
174529
174532
174533
174536
174537
174538
174542
174545
174546
174547
174550
174555
174557
174558
174560
174561
174562
174563
174566
174569
174571
174572
174573
174581
174582
174583
174584
174585
174586
174587
174589
174590
174591
174594
174596
174597
174605
174606
174607
174608
174609
174610
174613
174614
174616
174618
174619
174622
174623
174624
174627
174628
174629
174631
174634
174638
174639
174640
174642
174646
174649
174651
174652
174655
174656
174659
174660
174661
174663
174665
174666
174667
174668
174670
174675
174676
174677
174680
174681
174682
174684
174686
174691
174692
174693
174694
174695
174699
174701
174702
174703
174710
174711
174713
174714
174716
174722
174726
174727
174728
174729
174730
174733
174735
174736
174738
174739
174742
174748
174749
174750
174752
174754
174755
174756
174757
174758
174759
174761
174762
174763
174766
174769
174770
174772
174773
174774
174777
174780
174781
174784
174785
174789
174790
174791
174793
174796
174800
174801
174804
174806
174807
174810
174811
174812
174814
174815
174817
174818
174819
174820
174822
174823
174824
174826
174827
174828
174829
174830
174831
174832
174835
174836
174838
174840
174841
174844
174845
174848
174849
174851
174852
174853
174854
174856
174859
174862
174863
174867
174869
174870
174872
174875
174876
174879
174880
174885
174886
174890
174893
174896
174899
174900
174902
174904
174906
174907
174908
174909
174910
174919
174923
174924
174925
174928
174929
174931
174937
174940
174942
174943
174944
174945
174946
174954
174961
174962
174964
174965
174966
174967
174968
174970
174972
174975
174976
174977
174978
174979
174981
174982
174985
174986
174987
174988
174989
174993
174996
174997
174998
174999
175003
175004
175007
175010
175011
175012
175013
175014
175016
175019
175020
175021
175023
175026
175028
175032
175033
175034
175040
175041
175042
175043
175044
175046
175047
175050
175051
175053
175055
175056
175057
175059
175061
175064
175066
175068
175069
175070
175071
175076
175077
175078
175080
175081
175082
175084
175085
175091
175097
175101
175104
175106
175108
175109
175110
175111
175113
175114
175115
175116
175117
175118
175120
175127
175131
175133
175134
175140
175143
175145
175146
175151
175152
175153
175155
175156
175157
175158
175159
175162
175163
175164
175165
175166
175168
175169
175172
175175
175176
175180
175182
175184
175185
175187
175188
175189
175191
175192
175193
175195
175196
175197
175198
175199
175202
175203
175204
175205
175208
175212
175214
175216
175222
175223
175224
175227
175229
175231
175232
175237
175238
175239
175241
175242
175243
175244
175245
175246
175247
175249
175250
175252
175256
175258
175260
175264
175265
175266
175267
175269
175270
175271
175273
175274
175275
175278
175279
175280
175282
175283
175284
175285
175286
175289
175290
175300
175301
175302
175303
175304
175305
175310
175312
175316
175318
175323
175325
175331
175335
175340
175347
175348
175351
175352
175355
175358
175360
175364
175366
175370
175372
175374
175376
175377
175380
175381
175384
175385
175386
175388
175389
175390
175393
175394
175395
175397
175399
175401
175402
175403
175405
175406
175407
175408
175417
175420
175421
175422
175425
175426
175429
175430
175431
175433
175435
175436
175438
175439
175443
175444
175446
175447
175450
175451
175452
175454
175455
175456
175457
175462
175463
175467
175468
175469
175470
175473
175476
175477
175479
175480
175482
175483
175485
175487
175489
175490
175491
175492
175497
175498
175499
175503
175504
175505
175507
175511
175513
175514
175517
175518
175521
175525
175529
175532
175535
175536
175538
175539
175540
175541
175542
175543
175548
175550
175553
175554
175555
175557
175559
175560
175561
175566
175568
175575
175577
175579
175583
175584
175586
175591
175592
175594
175595
175596
175599
175602
175603
175604
175606
175607
175609
175616
175617
175619
175625
175627
175629
175630
175635
175636
175638
175640
175641
175642
175645
175650
175651
175652
175655
175656
175657
175658
175660
175663
175664
175666
175667
175669
175670
175671
175676
175678
175683
175685
175686
175687
175690
175691
175693
175694
175698
175699
175700
175705
175707
175710
175716
175717
175718
175719
175721
175722
175723
175725
175726
175728
175732
175733
175735
175736
175737
175742
175744
175747
175751
175752
175754
175756
175758
175762
175764
175771
175777
175779
175781
175785
175786
175788
175790
175792
175794
175795
175796
175798
175799
175801
175802
175806
175810
175812
175813
175815
175817
175819
175820
175822
175823
175824
175828
175829
175830
175831
175833
175835
175837
175844
175845
175846
175847
175852
175853
175854
175856
175857
175858
175865
175871
175873
175874
175875
175877
175879
175880
175881
175882
175883
175884
175885
175891
175892
175896
175898
175900
175902
175903
175904
175905
175906
175908
175909
175911
175912
175913
175917
175923
175924
175925
175926
175927
175929
175931
175932
175935
175936
175940
175941
175942
175943
175944
175945
175946
175949
175950
175951
175954
175958
175959
175962
175964
175965
175968
175969
175970
175971
175973
175974
175975
175976
175977
175982
175986
175990
175991
175993
176000
176001
176005
176006
176007
176009
176010
176012
176015
176016
176017
176019
176022
176024
176028
176029
176030
176031
176032
176033
176035
176036
176037
176040
176047
176049
176050
176053
176054
176056
176058
176059
176060
176061
176062
176063
176067
176069
176070
176075
176080
176082
176084
176087
176090
176091
176094
176096
176098
176099
176100
176101
176102
176103
176111
176116
176117
176118
176119
176123
176126
176132
176135
176137
176141
176142
176143
176144
176150
176152
176153
176154
176156
176158
176164
176165
176168
176169
176170
176171
176173
176174
176178
176180
176181
176187
176188
176191
176192
176194
176195
176196
176199
176200
176201
176203
176204
176205
176209
176212
176213
176214
176215
176217
176218
176219
176221
176222
176224
176225
176226
176228
176229
176236
176238
176239
176241
176242
176243
176244
176248
176251
176254
176258
176259
176261
176262
176266
176269
176270
176275
176277
176278
176279
176280
176282
176283
176288
176298
176300
176302
176306
176307
176308
176309
176311
176312
176314
176317
176322
176324
176328
176329
176330
176331
176333
176334
176335
176340
176343
176344
176349
176354
176356
176360
176363
176364
176367
176368
176369
176370
176374
176375
176376
176377
176378
176382
176391
176394
176395
176397
176402
176403
176405
176412
176413
176416
176417
176419
176420
176422
176426
176429
176430
176431
176432
176440
176448
176449
176450
176452
176454
176456
176458
176459
176460
176461
176463
176464
176465
176466
176471
176472
176473
176474
176475
176476
176478
176479
176481
176483
176484
176486
176488
176489
176493
176495
176496
176497
176498
176499
176500
176501
176505
176506
176507
176509
176512
176513
176514
176515
176516
176520
176524
176526
176527
176529
176532
176533
176534
176535
176538
176540
176541
176545
176546
176552
176557
176558
176561
176562
176565
176566
176567
176569
176570
176572
176573
176574
176575
176579
176580
176582
176583
176584
176585
176587
176588
176589
176590
176591
176592
176595
176597
176600
176601
176603
176606
176607
176608
176611
176615
176616
176617
176619
176621
176622
176623
176624
176625
176626
176627
176628
176629
176631
176634
176635
176637
176639
176643
176644
176646
176650
176653
176657
176659
176660
176663
176664
176666
176669
176671
176672
176673
176675
176676
176677
176678
176680
176681
176683
176685
176690
176692
176696
176697
176699
176700
176704
176705
176706
176708
176710
176713
176714
176720
176724
176725
176726
176729
176730
176733
176734
176735
176737
176739
176740
176741
176743
176745
176746
176747
176748
176751
176752
176754
176756
176758
176763
176764
176766
176767
176768
176769
176771
176772
176773
176775
176776
176779
176780
176782
176784
176786
176787
176789
176790
176792
176793
176794
176797
176798
176800
176802
176803
176806
176807
176811
176813
176814
176815
176816
176817
176818
176819
176821
176822
176823
176828
176829
176830
176831
176833
176834
176836
176837
176847
176848
176849
176850
176852
176855
176856
176858
176861
176864
176865
176866
176868
176869
176875
176877
176880
176883
176884
176885
176888
176889
176890
176892
176893
176896
176898
176899
176900
176903
176906
176911
176912
176914
176916
176920
176921
176922
176923
176924
176926
176927
176933
176935
176937
176938
176941
176942
176944
176947
176949
176951
176953
176955
176956
176959
176960
176962
176964
176965
176968
176969
176970
176971
176972
176973
176974
176975
176976
176979
176980
176982
176983
176985
176988
176989
176992
176996
177000
177001
177002
177003
177004
177005
177009
177014
177016
177017
177020
177023
177024
177026
177027
177029
177030
177032
177033
177036
177038
177039
177042
177043
177045
177047
177049
177050
177055
177056
177061
177063
177066
177068
177070
177073
177075
177078
177080
177081
177082
177083
177084
177087
177090
177094
177095
177096
177097
177098
177100
177105
177106
177112
177113
177116
177118
177119
177121
177122
177124
177129
177131
177134
177138
177139
177140
177142
177143
177145
177146
177148
177150
177151
177153
177156
177158
177161
177162
177164
177165
177166
177168
177170
177171
177172
177174
177176
177177
177180
177181
177182
177183
177184
177186
177187
177188
177190
177192
177193
177195
177200
177201
177202
177203
177204
177206
177208
177214
177216
177218
177224
177225
177228
177233
177234
177235
177238
177239
177240
177246
177249
177250
177251
177254
177257
177258
177260
177261
177262
177263
177267
177270
177272
177273
177274
177279
177280
177281
177282
177283
177284
177286
177287
177290
177292
177293
177294
177298
177300
177301
177304
177305
177309
177310
177311
177312
177313
177315
177316
177321
177324
177326
177327
177333
177334
177337
177338
177339
177340
177341
177342
177343
177344
177346
177347
177348
177349
177351
177354
177356
177362
177364
177365
177366
177367
177368
177371
177373
177378
177380
177381
177383
177385
177387
177388
177389
177392
177394
177397
177399
177400
177401
177402
177405
177406
177408
177409
177410
177411
177413
177414
177416
177417
177419
177420
177427
177429
177430
177432
177433
177434
177437
177438
177440
177442
177443
177444
177445
177449
177450
177452
177455
177456
177461
177464
177465
177466
177467
177468
177471
177472
177473
177475
177478
177479
177480
177483
177486
177487
177492
177496
177498
177500
177503
177507
177509
177512
177513
177518
177521
177525
177527
177530
177531
177532
177533
177534
177540
177541
177542
177544
177549
177550
177554
177555
177557
177559
177560
177561
177566
177568
177569
177570
177571
177572
177573
177576
177577
177578
177580
177583
177584
177585
177589
177596
177599
177600
177601
177603
177604
177605
177610
177611
177613
177617
177619
177622
177625
177626
177630
177632
177633
177635
177637
177638
177641
177643
177647
177648
177649
177652
177653
177657
177660
177666
177667
177670
177675
177676
177678
177680
177682
177683
177685
177686
177687
177688
177689
177692
177693
177695
177696
177697
177698
177699
177700
177701
177704
177706
177711
177713
177714
177716
177718
177721
177722
177723
177726
177730
177732
177734
177735
177736
177737
177740
177744
177747
177748
177750
177752
177754
177755
177756
177758
177759
177761
177763
177770
177771
177774
177778
177780
177781
177786
177787
177788
177790
177792
177795
177797
177801
177803
177805
177806
177807
177809
177810
177813
177820
177822
177823
177825
177826
177827
177829
177831
177832
177833
177834
177836
177839
177840
177842
177845
177846
177851
177852
177862
177866
177868
177870
177873
177875
177876
177878
177883
177885
177886
177888
177892
177896
177902
177907
177909
177913
177915
177916
177917
177921
177924
177926
177927
177928
177931
177935
177937
177939
177943
177949
177951
177953
177957
177959
177960
177961
177965
177966
177967
177968
177969
177970
177972
177973
177974
177975
177977
177979
177980
177981
177982
177984
177986
177987
177988
177990
177994
177996
177997
177999
178002
178005
178006
178007
178008
178011
178014
178016
178018
178021
178022
178023
178025
178026
178027
178030
178031
178032
178036
178038
178040
178041
178043
178046
178047
178049
178050
178051
178052
178055
178056
178058
178059
178062
178063
178064
178066
178067
178068
178069
178070
178072
178073
178074
178076
178077
178078
178080
178081
178084
178091
178092
178095
178099
178101
178102
178105
178106
178108
178110
178111
178113
178115
178118
178122
178123
178125
178128
178129
178132
178133
178134
178135
178136
178137
178139
178140
178143
178144
178146
178147
178149
178151
178153
178155
178158
178160
178161
178162
178163
178164
178165
178166
178167
178171
178172
178173
178174
178176
178178
178179
178180
178182
178185
178186
178192
178193
178195
178198
178200
178202
178204
178207
178208
178209
178212
178214
178217
178220
178221
178222
178223
178224
178225
178227
178228
178229
178231
178232
178234
178235
178236
178238
178240
178241
178243
178246
178247
178249
178250
178251
178255
178256
178258
178259
178262
178264
178266
178267
178270
178271
178272
178274
178275
178276
178277
178279
178280
178282
178283
178284
178285
178290
178291
178292
178293
178294
178297
178298
178303
178305
178309
178310
178313
178314
178315
178318
178319
178324
178325
178326
178329
178330
178332
178334
178335
178336
178341
178343
178347
178349
178350
178351
178352
178354
178355
178356
178357
178358
178359
178361
178362
178363
178365
178366
178369
178371
178372
178373
178377
178378
178379
178382
178385
178387
178388
178389
178392
178394
178397
178400
178401
178402
178403
178406
178407
178409
178410
178411
178412
178413
178416
178417
178420
178421
178422
178424
178427
178431
178435
178438
178440
178441
178443
178444
178445
178449
178450
178456
178457
178458
178459
178461
178468
178476
178478
178482
178488
178491
178493
178495
178497
178498
178499
178501
178502
178503
178504
178505
178507
178508
178509
178512
178522
178524
178527
178529
178530
178533
178534
178535
178536
178537
178538
178542
178547
178554
178555
178556
178559
178563
178564
178568
178569
178570
178576
178578
178580
178582
178587
178588
178589
178590
178591
178596
178599
178600
178602
178603
178606
178607
178610
178613
178616
178626
178627
178628
178629
178630
178631
178632
178634
178635
178638
178639
178645
178653
178654
178655
178665
178669
178671
178674
178676
178677
178678
178679
178681
178682
178683
178684
178686
178689
178690
178694
178699
178701
178703
178705
178707
178708
178710
178711
178713
178715
178718
178719
178720
178722
178725
178727
178730
178734
178737
178738
178741
178742
178743
178744
178750
178752
178753
178754
178762
178763
178764
178765
178767
178769
178770
178771
178773
178776
178778
178779
178780
178783
178786
178787
178788
178792
178793
178796
178798
178799
178802
178806
178807
178810
178813
178814
178815
178817
178818
178821
178822
178824
178827
178828
178829
178831
178832
178833
178836
178837
178838
178839
178842
178843
178847
178849
178851
178852
178854
178856
178858
178863
178865
178867
178868
178871
178874
178876
178877
178879
178880
178883
178885
178889
178892
178895
178897
178898
178903
178905
178906
178907
178910
178915
178916
178917
178918
178927
178934
178936
178937
178940
178944
178945
178946
178947
178949
178950
178951
178952
178954
178956
178957
178959
178960
178964
178966
178969
178971
178974
178976
178977
178978
178979
178984
178985
178990
178991
178992
178995
178997
178999
179004
179005
179008
179009
179010
179011
179016
179017
179018
179019
179020
179021
179022
179024
179027
179028
179029
179031
179034
179035
179036
179038
179040
179044
179045
179046
179047
179049
179050
179052
179054
179056
179067
179068
179070
179071
179076
179077
179079
179081
179082
179084
179085
179086
179087
179089
179090
179092
179094
179095
179097
179100
179106
179107
179108
179111
179112
179114
179115
179117
179118
179121
179122
179128
179129
179130
179133
179135
179136
179140
179142
179143
179144
179146
179147
179148
179149
179150
179151
179152
179154
179158
179159
179162
179164
179165
179166
179167
179168
179169
179171
179172
179174
179175
179177
179178
179179
179182
179185
179187
179193
179194
179196
179200
179201
179203
179204
179205
179209
179211
179214
179218
179221
179222
179226
179227
179229
179231
179233
179236
179239
179240
179241
179243
179244
179247
179248
179249
179250
179252
179258
179260
179261
179263
179265
179266
179268
179269
179272
179273
179279
179281
179282
179285
179288
179289
179290
179291
179293
179294
179302
179304
179307
179309
179310
179314
179315
179316
179319
179322
179323
179324
179326
179327
179328
179330
179331
179333
179334
179335
179336
179339
179340
179342
179346
179347
179349
179351
179352
179357
179358
179359
179362
179365
179369
179370
179373
179375
179377
179378
179379
179380
179381
179382
179383
179384
179385
179386
179390
179391
179392
179393
179394
179395
179396
179399
179401
179405
179409
179411
179413
179414
179417
179419
179420
179421
179422
179424
179427
179428
179429
179430
179432
179436
179437
179440
179441
179443
179445
179448
179449
179454
179456
179457
179458
179461
179463
179464
179465
179466
179468
179470
179471
179472
179473
179474
179475
179477
179478
179482
179484
179485
179486
179487
179490
179492
179493
179496
179498
179500
179503
179504
179506
179507
179509
179511
179513
179516
179520
179521
179523
179525
179526
179527
179528
179529
179530
179531
179532
179533
179537
179538
179539
179544
179545
179546
179547
179555
179561
179563
179565
179566
179568
179570
179576
179577
179579
179581
179582
179583
179588
179592
179593
179595
179597
179598
179599
179601
179602
179605
179606
179609
179611
179615
179617
179618
179619
179620
179621
179625
179626
179627
179628
179629
179631
179634
179637
179638
179639
179641
179642
179645
179647
179649
179653
179654
179656
179657
179658
179661
179662
179663
179665
179668
179669
179672
179675
179678
179679
179682
179683
179685
179688
179690
179691
179692
179693
179696
179697
179700
179701
179702
179705
179708
179709
179710
179711
179712
179715
179718
179719
179721
179722
179723
179724
179725
179729
179730
179731
179732
179733
179734
179735
179737
179739
179741
179742
179745
179746
179747
179750
179751
179753
179754
179755
179756
179757
179758
179760
179762
179764
179765
179768
179769
179770
179771
179773
179774
179775
179777
179778
179781
179782
179783
179784
179785
179786
179787
179788
179790
179795
179798
179801
179802
179803
179804
179805
179807
179810
179811
179813
179814
179816
179818
179820
179821
179823
179827
179829
179832
179834
179836
179837
179838
179840
179841
179842
179843
179846
179847
179851
179852
179856
179857
179861
179862
179863
179864
179865
179866
179871
179872
179873
179874
179880
179881
179882
179883
179885
179887
179889
179890
179891
179892
179896
179898
179901
179902
179904
179906
179907
179908
179909
179911
179912
179913
179917
179918
179919
179925
179929
179930
179932
179933
179935
179937
179938
179940
179941
179942
179945
179946
179947
179948
179949
179951
179952
179953
179954
179957
179958
179962
179963
179964
179965
179966
179967
179973
179974
179976
179977
179979
179980
179981
179982
179983
179984
179985
179986
179987
179988
179990
179991
179995
179997
180000
180001
180004
180005
180011
180013
180014
180016
180018
180020
180021
180022
180023
180024
180026
180030
180035
180036
180039
180042
180045
180049
180053
180054
180055
180057
180058
180060
180065
180067
180068
180071
180073
180075
180076
180077
180079
180085
180086
180089
180090
180092
180096
180097
180102
180103
180104
180109
180110
180112
180113
180114
180117
180118
180120
180123
180124
180127
180131
180132
180133
180134
180136
180137
180138
180142
180150
180151
180153
180155
180157
180158
180159
180160
180162
180163
180164
180166
180169
180170
180175
180177
180178
180179
180180
180181
180184
180188
180189
180193
180195
180196
180197
180199
180203
180204
180205
180206
180208
180209
180210
180215
180216
180218
180219
180222
180223
180224
180225
180227
180229
180230
180232
180234
180238
180241
180242
180243
180244
180245
180246
180247
180248
180249
180250
180254
180257
180258
180260
180263
180265
180266
180269
180271
180274
180275
180277
180278
180279
180280
180281
180283
180284
180286
180287
180288
180289
180291
180293
180294
180296
180299
180301
180302
180303
180304
180305
180307
180309
180310
180311
180313
180314
180315
180316
180318
180320
180323
180324
180325
180328
180331
180334
180335
180336
180337
180339
180343
180346
180347
180352
180353
180354
180359
180360
180365
180366
180367
180370
180371
180372
180374
180376
180378
180380
180381
180382
180385
180387
180389
180390
180393
180394
180395
180397
180398
180401
180403
180408
180410
180413
180418
180420
180422
180427
180428
180429
180430
180432
180436
180437
180439
180441
180444
180445
180448
180453
180454
180456
180460
180461
180466
180467
180469
180470
180471
180472
180473
180476
180479
180480
180481
180483
180484
180485
180486
180487
180489
180491
180492
180493
180494
180495
180498
180499
180505
180508
180510
180513
180518
180519
180520
180521
180522
180523
180525
180526
180527
180528
180529
180535
180537
180538
180541
180543
180544
180551
180552
180555
180556
180558
180561
180562
180563
180571
180572
180573
180575
180576
180581
180582
180583
180584
180585
180586
180588
180591
180594
180597
180599
180600
180606
180608
180611
180616
180624
180625
180626
180627
180628
180630
180631
180632
180633
180634
180636
180640
180641
180642
180643
180646
180650
180653
180657
180661
180662
180663
180666
180671
180673
180676
180679
180680
180681
180682
180684
180687
180688
180691
180693
180695
180697
180698
180699
180700
180701
180703
180704
180705
180706
180707
180708
180709
180710
180713
180714
180716
180720
180721
180722
180724
180726
180727
180728
180730
180731
180733
180737
180738
180740
180741
180743
180744
180749
180751
180753
180757
180759
180760
180761
180762
180764
180765
180766
180767
180768
180769
180771
180773
180774
180775
180777
180780
180781
180784
180788
180789
180790
180791
180792
180793
180795
180796
180797
180799
180804
180805
180806
180808
180809
180810
180811
180812
180813
180816
180817
180820
180821
180822
180823
180825
180826
180828
180831
180832
180833
180835
180836
180837
180839
180843
180849
180851
180857
180861
180862
180863
180864
180866
180867
180870
180872
180874
180878
180879
180880
180881
180882
180883
180884
180885
180886
180889
180892
180894
180896
180897
180899
180900
180901
180902
180903
180904
180905
180909
180910
180911
180913
180915
180919
180920
180921
180922
180923
180924
180930
180931
180932
180933
180937
180938
180942
180944
180945
180946
180947
180949
180950
180952
180953
180954
180956
180959
180960
180961
180965
180966
180967
180969
180970
180971
180973
180974
180975
180977
180978
180987
180991
180994
180995
180997
180998
181001
181003
181004
181006
181009
181010
181011
181012
181013
181014
181017
181021
181024
181026
181028
181029
181030
181031
181033
181036
181039
181040
181045
181050
181052
181054
181057
181058
181060
181063
181069
181070
181073
181078
181080
181081
181082
181084
181087
181089
181090
181098
181099
181100
181101
181102
181104
181108
181109
181110
181113
181115
181116
181117
181119
181120
181121
181123
181125
181129
181132
181133
181134
181135
181136
181138
181139
181146
181147
181148
181149
181151
181152
181153
181154
181155
181159
181166
181167
181169
181170
181172
181173
181175
181176
181177
181180
181182
181183
181184
181185
181186
181189
181191
181193
181196
181197
181200
181202
181207
181208
181212
181213
181215
181217
181218
181219
181220
181223
181224
181225
181226
181228
181230
181232
181233
181234
181236
181238
181239
181241
181243
181244
181245
181247
181251
181254
181256
181257
181265
181266
181272
181273
181277
181283
181286
181289
181290
181291
181293
181294
181296
181297
181298
181300
181302
181305
181309
181311
181312
181313
181315
181319
181322
181329
181330
181331
181332
181335
181338
181339
181341
181344
181345
181349
181352
181353
181355
181357
181358
181361
181362
181365
181368
181371
181372
181373
181374
181376
181377
181378
181382
181383
181386
181389
181390
181391
181392
181394
181396
181399
181402
181405
181407
181409
181413
181415
181416
181417
181418
181422
181423
181425
181427
181433
181434
181439
181440
181441
181443
181444
181447
181452
181457
181459
181460
181463
181464
181468
181470
181472
181473
181479
181480
181485
181486
181487
181490
181493
181496
181497
181499
181500
181501
181503
181504
181506
181507
181508
181509
181511
181512
181515
181518
181519
181520
181521
181522
181524
181528
181529
181530
181531
181533
181534
181535
181545
181546
181547
181548
181552
181553
181554
181557
181558
181559
181562
181563
181565
181566
181569
181570
181571
181575
181580
181581
181584
181587
181589
181590
181592
181593
181594
181595
181596
181598
181599
181606
181608
181615
181618
181625
181626
181627
181628
181631
181632
181633
181635
181636
181643
181645
181646
181648
181649
181653
181655
181657
181660
181661
181662
181663
181665
181666
181668
181670
181672
181675
181678
181679
181680
181682
181687
181688
181692
181694
181696
181698
181699
181700
181701
181709
181711
181712
181713
181714
181715
181716
181717
181718
181720
181724
181725
181727
181731
181735
181736
181737
181739
181742
181743
181744
181746
181747
181748
181755
181756
181758
181761
181762
181763
181766
181768
181769
181770
181773
181774
181776
181777
181778
181779
181780
181784
181786
181788
181791
181794
181802
181803
181804
181805
181806
181807
181808
181809
181811
181812
181813
181814
181815
181816
181818
181820
181821
181824
181825
181826
181828
181830
181831
181832
181833
181834
181835
181836
181839
181842
181844
181846
181849
181850
181851
181852
181855
181856
181858
181862
181864
181866
181868
181869
181870
181872
181873
181877
181878
181880
181881
181884
181885
181886
181888
181889
181891
181893
181894
181895
181902
181903
181905
181907
181910
181914
181915
181917
181918
181921
181922
181926
181930
181932
181940
181941
181942
181946
181947
181948
181950
181953
181956
181957
181959
181960
181963
181964
181965
181966
181969
181970
181972
181974
181980
181981
181982
181983
181986
181987
181988
181989
181990
181993
181995
181997
181998
182001
182005
182009
182010
182011
182013
182015
182016
182017
182018
182019
182020
182021
182023
182026
182027
182028
182029
182030
182031
182033
182034
182035
182036
182039
182040
182041
182043
182045
182047
182051
182053
182054
182055
182056
182058
182060
182061
182062
182064
182065
182067
182068
182069
182070
182072
182074
182075
182079
182083
182086
182087
182088
182089
182091
182092
182093
182094
182095
182096
182097
182101
182102
182105
182107
182108
182109
182112
182114
182117
182118
182119
182120
182123
182124
182125
182127
182128
182129
182130
182133
182134
182137
182138
182139
182143
182144
182146
182149
182150
182151
182152
182153
182154
182157
182158
182159
182164
182165
182169
182170
182171
182176
182177
182178
182179
182181
182183
182186
182187
182189
182190
182192
182193
182195
182196
182198
182199
182200
182203
182204
182205
182206
182209
182211
182220
182222
182223
182224
182225
182227
182231
182232
182233
182234
182237
182239
182240
182241
182243
182244
182246
182248
182252
182254
182255
182256
182258
182259
182260
182263
182264
182265
182266
182269
182272
182274
182275
182276
182282
182284
182285
182288
182289
182290
182291
182293
182294
182295
182296
182298
182302
182308
182310
182312
182313
182314
182315
182318
182319
182321
182322
182326
182329
182330
182331
182332
182334
182338
182343
182344
182346
182347
182348
182349
182350
182351
182356
182364
182365
182366
182369
182370
182373
182374
182375
182377
182378
182379
182380
182381
182382
182384
182386
182388
182389
182390
182391
182392
182394
182395
182396
182399
182400
182401
182402
182406
182408
182410
182411
182412
182413
182414
182415
182416
182420
182424
182430
182431
182434
182435
182436
182447
182449
182450
182451
182452
182454
182455
182458
182459
182460
182461
182462
182465
182466
182467
182469
182471
182472
182474
182475
182479
182480
182481
182483
182484
182488
182490
182491
182494
182497
182498
182500
182502
182503
182504
182508
182509
182511
182512
182513
182514
182518
182520
182526
182527
182528
182530
182531
182533
182534
182536
182539
182545
182546
182547
182551
182554
182561
182562
182570
182571
182572
182573
182574
182575
182576
182582
182583
182587
182588
182589
182590
182591
182593
182595
182596
182599
182603
182606
182608
182609
182610
182611
182613
182614
182615
182616
182618
182619
182620
182622
182624
182627
182629
182630
182631
182632
182635
182636
182638
182639
182640
182641
182643
182644
182646
182648
182650
182652
182654
182655
182656
182663
182665
182666
182667
182670
182671
182676
182677
182678
182681
182682
182685
182686
182687
182690
182691
182694
182699
182702
182703
182704
182705
182707
182710
182712
182713
182720
182721
182724
182729
182733
182734
182737
182742
182743
182744
182745
182746
182750
182752
182753
182754
182755
182762
182764
182766
182767
182768
182769
182774
182777
182778
182780
182781
182783
182784
182785
182789
182790
182791
182792
182793
182794
182796
182798
182799
182801
182803
182804
182806
182808
182809
182810
182817
182821
182824
182829
182832
182834
182838
182841
182842
182843
182845
182848
182852
182853
182854
182856
182858
182859
182860
182868
182871
182873
182875
182880
182881
182882
182883
182886
182887
182889
182890
182891
182892
182893
182894
182895
182897
182898
182899
182901
182902
182903
182907
182909
182910
182911
182912
182913
182915
182917
182918
182919
182921
182924
182926
182930
182932
182935
182936
182938
182939
182941
182943
182945
182947
182948
182951
182954
182958
182962
182963
182965
182966
182968
182969
182970
182971
182974
182976
182977
182979
182980
182981
182982
182983
182984
182985
182986
182987
182988
182991
182993
182994
182996
182997
182998
182999
183000
183003
183004
183006
183009
183010
183012
183013
183015
183019
183022
183025
183026
183029
183030
183031
183032
183033
183043
183045
183046
183050
183051
183053
183055
183056
183057
183058
183062
183067
183068
183069
183070
183072
183075
183081
183086
183088
183094
183097
183098
183099
183103
183105
183106
183107
183109
183112
183115
183117
183119
183121
183128
183130
183132
183133
183135
183138
183139
183140
183141
183142
183146
183147
183148
183149
183150
183151
183152
183153
183154
183155
183158
183159
183160
183164
183165
183166
183168
183170
183171
183172
183173
183174
183175
183176
183177
183178
183179
183180
183185
183186
183187
183188
183189
183191
183193
183194
183195
183196
183199
183200
183203
183204
183207
183210
183212
183214
183216
183217
183220
183221
183225
183227
183228
183237
183239
183240
183242
183243
183246
183251
183256
183257
183258
183259
183261
183263
183268
183269
183271
183277
183279
183282
183283
183289
183292
183293
183294
183295
183297
183300
183306
183309
183310
183312
183313
183315
183317
183318
183320
183321
183326
183331
183332
183333
183335
183339
183340
183342
183343
183350
183352
183353
183354
183355
183357
183358
183359
183360
183362
183363
183364
183365
183366
183372
183373
183374
183377
183378
183379
183381
183383
183387
183390
183392
183395
183400
183403
183405
183406
183408
183413
183415
183416
183417
183419
183420
183421
183422
183423
183424
183426
183427
183434
183441
183443
183444
183445
183446
183453
183455
183456
183458
183459
183460
183463
183465
183466
183467
183470
183471
183475
183477
183480
183484
183486
183487
183489
183494
183495
183496
183497
183499
183500
183501
183502
183504
183505
183506
183508
183509
183512
183514
183515
183516
183518
183519
183522
183524
183525
183526
183527
183528
183529
183533
183536
183537
183538
183539
183540
183541
183542
183544
183546
183547
183548
183552
183555
183558
183559
183560
183561
183562
183564
183567
183568
183569
183570
183571
183573
183574
183575
183576
183577
183580
183587
183590
183594
183596
183597
183601
183603
183604
183605
183607
183610
183611
183614
183615
183619
183621
183624
183626
183630
183635
183636
183637
183639
183640
183641
183644
183645
183646
183648
183650
183651
183652
183653
183654
183655
183657
183659
183660
183665
183666
183667
183668
183669
183671
183673
183675
183676
183677
183682
183685
183686
183687
183689
183691
183694
183695
183696
183697
183699
183703
183705
183706
183707
183709
183710
183711
183712
183714
183715
183717
183718
183719
183720
183721
183724
183725
183727
183730
183733
183738
183739
183741
183743
183748
183750
183751
183752
183753
183755
183756
183759
183760
183761
183762
183764
183765
183767
183768
183772
183776
183779
183782
183784
183786
183788
183791
183792
183794
183798
183799
183804
183806
183812
183813
183815
183816
183817
183822
183823
183825
183826
183830
183831
183832
183835
183836
183840
183843
183849
183857
183859
183863
183864
183868
183869
183871
183877
183879
183881
183884
183885
183887
183889
183892
183893
183896
183897
183899
183901
183902
183905
183907
183909
183910
183912
183913
183915
183920
183921
183923
183928
183931
183933
183934
183935
183936
183937
183939
183940
183944
183945
183946
183949
183950
183951
183952
183953
183955
183956
183957
183959
183961
183962
183964
183965
183966
183967
183971
183972
183974
183980
183981
183982
183983
183986
183996
183997
183999
184001
184003
184005
184009
184010
184011
184013
184014
184015
184017
184023
184025
184026
184028
184029
184034
184037
184039
184041
184045
184047
184048
184051
184053
184056
184058
184060
184064
184065
184067
184068
184069
184071
184072
184074
184075
184077
184078
184079
184082
184083
184085
184086
184088
184089
184092
184095
184096
184097
184098
184100
184101
184103
184105
184106
184108
184109
184110
184112
184115
184116
184118
184121
184123
184124
184125
184126
184127
184130
184132
184135
184136
184138
184139
184141
184142
184143
184144
184145
184146
184147
184150
184151
184152
184155
184156
184158
184160
184161
184164
184165
184166
184167
184168
184169
184172
184174
184175
184176
184180
184182
184183
184184
184187
184189
184191
184196
184197
184202
184206
184207
184208
184209
184210
184211
184212
184214
184218
184219
184221
184225
184226
184228
184230
184236
184239
184240
184244
184245
184246
184251
184252
184255
184256
184258
184262
184263
184265
184270
184271
184272
184274
184275
184279
184280
184281
184283
184284
184285
184286
184289
184290
184292
184294
184295
184296
184297
184299
184301
184302
184304
184305
184311
184313
184321
184323
184324
184326
184327
184328
184329
184332
184335
184336
184340
184341
184343
184347
184348
184350
184352
184353
184355
184357
184358
184359
184360
184361
184363
184366
184368
184371
184372
184373
184374
184377
184379
184380
184382
184385
184387
184390
184392
184394
184397
184399
184400
184405
184406
184407
184408
184409
184411
184414
184415
184417
184419
184420
184422
184426
184429
184430
184434
184436
184438
184439
184441
184442
184446
184447
184448
184450
184453
184459
184462
184463
184465
184467
184469
184474
184475
184478
184479
184480
184482
184483
184484
184485
184487
184489
184492
184495
184496
184497
184500
184503
184504
184505
184506
184509
184510
184511
184512
184513
184514
184515
184516
184517
184519
184520
184521
184522
184523
184526
184527
184529
184535
184536
184537
184539
184541
184546
184547
184549
184550
184554
184555
184556
184557
184558
184560
184562
184563
184565
184567
184569
184573
184574
184581
184583
184590
184591
184592
184593
184598
184601
184602
184603
184604
184610
184611
184612
184614
184616
184618
184619
184621
184624
184625
184626
184629
184632
184637
184639
184640
184641
184644
184645
184646
184652
184654
184655
184660
184662
184664
184665
184668
184674
184676
184678
184679
184681
184682
184683
184684
184687
184688
184690
184691
184693
184695
184701
184706
184707
184708
184710
184711
184712
184714
184717
184719
184720
184726
184729
184731
184734
184736
184737
184739
184740
184741
184743
184745
184747
184749
184752
184754
184755
184756
184762
184763
184765
184767
184772
184773
184775
184779
184783
184787
184793
184796
184797
184799
184800
184802
184807
184812
184813
184818
184819
184820
184821
184822
184823
184824
184825
184829
184831
184832
184835
184837
184839
184841
184842
184843
184849
184850
184854
184855
184856
184858
184860
184861
184863
184867
184868
184869
184872
184876
184877
184882
184885
184887
184889
184893
184894
184897
184899
184900
184903
184906
184911
184913
184914
184915
184916
184917
184922
184923
184924
184929
184931
184933
184935
184938
184940
184941
184945
184948
184949
184950
184951
184952
184956
184957
184958
184965
184966
184969
184972
184973
184974
184977
184978
184979
184980
184982
184985
184990
184992
184993
184994
184997
184999
185001
185004
185005
185009
185011
185017
185018
185020
185021
185025
185026
185028
185029
185030
185031
185032
185033
185042
185046
185048
185052
185053
185054
185056
185057
185058
185069
185070
185071
185072
185074
185075
185078
185079
185080
185081
185082
185083
185084
185087
185089
185090
185094
185095
185097
185102
185104
185105
185107
185108
185111
185113
185114
185115
185119
185120
185122
185124
185125
185126
185128
185129
185131
185133
185134
185136
185137
185139
185140
185142
185144
185145
185146
185149
185150
185151
185152
185154
185157
185158
185163
185164
185166
185167
185168
185170
185171
185173
185176
185178
185179
185180
185181
185183
185184
185185
185186
185189
185190
185191
185194
185196
185198
185199
185200
185203
185204
185205
185209
185210
185212
185213
185217
185218
185219
185221
185222
185225
185226
185227
185229
185232
185234
185235
185236
185237
185238
185241
185245
185247
185248
185249
185250
185252
185253
185256
185259
185261
185262
185264
185265
185266
185267
185268
185275
185276
185279
185280
185284
185289
185291
185293
185294
185296
185298
185300
185301
185302
185303
185304
185305
185306
185307
185309
185310
185311
185312
185320
185321
185324
185325
185329
185331
185333
185335
185336
185337
185342
185344
185352
185354
185355
185356
185358
185359
185360
185362
185364
185367
185368
185371
185373
185377
185379
185385
185386
185387
185388
185390
185391
185392
185394
185399
185400
185403
185404
185405
185407
185408
185409
185411
185412
185415
185417
185418
185423
185427
185428
185429
185431
185432
185440
185441
185443
185445
185447
185448
185451
185452
185459
185460
185461
185463
185464
185469
185470
185471
185472
185475
185477
185478
185479
185483
185485
185487
185488
185489
185490
185491
185492
185494
185495
185496
185497
185499
185500
185503
185506
185507
185510
185512
185514
185515
185516
185517
185518
185521
185524
185526
185527
185532
185537
185538
185540
185541
185542
185544
185546
185548
185552
185553
185554
185555
185557
185558
185560
185563
185564
185565
185567
185568
185569
185570
185571
185573
185574
185576
185577
185579
185583
185589
185591
185593
185594
185597
185598
185599
185602
185603
185605
185607
185608
185609
185614
185615
185616
185618
185620
185621
185622
185625
185627
185637
185639
185640
185641
185642
185645
185646
185651
185652
185657
185658
185662
185670
185671
185672
185674
185677
185679
185680
185681
185684
185685
185686
185688
185689
185690
185691
185693
185694
185697
185699
185700
185702
185706
185707
185708
185709
185710
185711
185712
185713
185714
185715
185718
185721
185722
185724
185725
185726
185731
185732
185734
185735
185736
185738
185742
185743
185744
185745
185748
185750
185751
185752
185753
185754
185756
185757
185760
185762
185763
185766
185768
185772
185773
185774
185775
185776
185778
185779
185781
185782
185784
185785
185786
185790
185793
185795
185797
185802
185803
185806
185808
185810
185811
185812
185814
185816
185817
185820
185821
185823
185824
185827
185829
185830
185834
185835
185836
185838
185839
185840
185843
185846
185851
185853
185859
185860
185861
185862
185865
185866
185867
185869
185872
185875
185877
185880
185884
185885
185886
185887
185888
185891
185892
185895
185896
185899
185902
185907
185908
185911
185914
185915
185917
185919
185920
185922
185923
185924
185925
185926
185927
185929
185932
185934
185936
185938
185943
185945
185946
185949
185950
185951
185952
185955
185956
185957
185958
185960
185964
185965
185966
185968
185970
185971
185972
185973
185974
185977
185979
185980
185981
185983
185985
185986
185987
185996
185997
186000
186003
186004
186006
186008
186010
186011
186014
186017
186019
186021
186022
186025
186027
186028
186029
186030
186031
186035
186036
186037
186042
186043
186046
186048
186050
186052
186054
186055
186056
186057
186058
186060
186063
186068
186069
186070
186072
186073
186075
186076
186078
186082
186084
186085
186087
186096
186097
186100
186101
186105
186107
186110
186113
186114
186115
186116
186117
186118
186122
186123
186124
186126
186128
186129
186130
186131
186133
186135
186136
186138
186139
186141
186144
186147
186148
186151
186152
186153
186155
186156
186157
186161
186162
186164
186167
186169
186171
186172
186173
186175
186176
186178
186179
186180
186184
186185
186189
186192
186195
186196
186198
186202
186203
186204
186205
186206
186208
186214
186216
186218
186220
186221
186224
186230
186231
186236
186238
186239
186241
186247
186248
186249
186251
186255
186256
186257
186260
186261
186263
186264
186265
186266
186267
186268
186270
186274
186275
186277
186278
186279
186280
186281
186282
186283
186284
186288
186289
186292
186295
186297
186298
186300
186301
186302
186303
186304
186309
186310
186311
186317
186319
186320
186323
186324
186325
186326
186327
186328
186330
186331
186332
186333
186336
186338
186342
186343
186345
186346
186348
186351
186353
186357
186359
186360
186362
186364
186367
186369
186371
186373
186374
186375
186376
186377
186380
186381
186385
186386
186388
186393
186400
186402
186406
186412
186416
186417
186418
186420
186421
186422
186423
186428
186429
186431
186432
186435
186436
186437
186438
186440
186442
186447
186448
186449
186450
186451
186452
186453
186462
186466
186467
186469
186470
186473
186474
186475
186481
186486
186488
186489
186490
186493
186494
186495
186496
186499
186505
186506
186511
186512
186515
186516
186520
186521
186524
186525
186526
186527
186528
186530
186533
186534
186535
186536
186538
186539
186541
186542
186543
186547
186549
186552
186553
186554
186555
186557
186558
186559
186560
186561
186562
186564
186565
186566
186570
186572
186577
186578
186579
186581
186582
186584
186586
186589
186590
186591
186592
186593
186595
186596
186597
186603
186604
186605
186606
186610
186613
186614
186616
186617
186619
186620
186621
186622
186625
186626
186627
186628
186629
186631
186635
186637
186638
186641
186645
186646
186647
186650
186651
186652
186654
186655
186657
186659
186660
186661
186663
186671
186672
186673
186676
186677
186678
186679
186682
186683
186685
186687
186689
186690
186692
186697
186698
186701
186702
186704
186707
186709
186710
186712
186713
186716
186717
186719
186721
186723
186724
186726
186727
186732
186735
186736
186738
186740
186743
186745
186746
186748
186750
186754
186755
186756
186757
186759
186765
186771
186772
186773
186775
186777
186780
186781
186782
186784
186786
186788
186791
186792
186793
186794
186796
186806
186808
186809
186810
186811
186812
186813
186815
186818
186820
186823
186826
186830
186836
186839
186840
186847
186848
186850
186854
186855
186858
186859
186860
186863
186870
186871
186872
186874
186876
186878
186882
186884
186885
186886
186887
186893
186894
186895
186898
186899
186900
186903
186905
186906
186907
186909
186912
186913
186916
186919
186923
186924
186926
186929
186931
186933
186937
186938
186940
186946
186947
186948
186951
186952
186953
186956
186957
186959
186962
186963
186964
186965
186967
186968
186971
186972
186973
186976
186977
186978
186979
186981
186983
186984
186986
186989
186990
186992
186993
186995
186996
186997
186999
187001
187004
187005
187007
187008
187010
187011
187012
187013
187014
187016
187018
187020
187024
187027
187028
187030
187031
187033
187034
187036
187039
187041
187044
187046
187048
187064
187065
187067
187071
187074
187076
187077
187079
187080
187081
187084
187087
187090
187091
187092
187093
187094
187095
187097
187100
187101
187107
187108
187110
187111
187112
187114
187116
187118
187123
187125
187126
187127
187128
187129
187130
187131
187133
187136
187138
187140
187142
187148
187153
187156
187157
187159
187164
187165
187169
187170
187172
187174
187177
187178
187183
187186
187187
187188
187189
187192
187193
187195
187196
187202
187203
187205
187206
187209
187210
187213
187214
187215
187220
187223
187228
187229
187230
187232
187236
187237
187238
187241
187243
187244
187245
187246
187248
187251
187254
187263
187264
187267
187268
187270
187271
187272
187273
187275
187277
187279
187280
187281
187282
187283
187288
187291
187292
187293
187295
187298
187301
187302
187303
187304
187308
187311
187313
187317
187319
187322
187323
187331
187332
187333
187339
187340
187344
187345
187350
187351
187354
187356
187358
187360
187361
187362
187363
187367
187368
187372
187374
187377
187378
187382
187383
187385
187387
187388
187389
187390
187396
187397
187399
187401
187403
187406
187409
187412
187415
187418
187422
187428
187429
187430
187433
187436
187437
187438
187439
187440
187443
187447
187452
187453
187454
187459
187460
187463
187465
187466
187468
187469
187471
187475
187479
187480
187481
187483
187486
187487
187492
187496
187497
187498
187499
187500
187501
187502
187507
187508
187511
187512
187514
187515
187517
187518
187519
187520
187522
187526
187527
187529
187530
187533
187534
187536
187537
187538
187543
187545
187546
187548
187551
187552
187553
187554
187556
187557
187559
187560
187561
187562
187563
187564
187565
187567
187571
187572
187574
187575
187576
187578
187579
187581
187585
187590
187595
187597
187601
187605
187608
187610
187611
187617
187618
187619
187622
187623
187624
187625
187626
187627
187628
187631
187633
187635
187642
187644
187645
187646
187649
187653
187654
187657
187659
187660
187662
187667
187670
187671
187675
187677
187678
187680
187686
187687
187689
187691
187694
187695
187696
187697
187701
187707
187713
187714
187716
187717
187718
187721
187723
187725
187726
187728
187730
187731
187733
187734
187739
187740
187742
187743
187744
187747
187749
187754
187755
187758
187765
187771
187772
187773
187775
187777
187778
187781
187782
187786
187792
187794
187797
187799
187806
187808
187811
187813
187815
187816
187818
187819
187820
187822
187826
187827
187828
187829
187831
187836
187839
187842
187844
187845
187846
187847
187850
187851
187852
187853
187854
187857
187858
187860
187861
187862
187863
187865
187869
187870
187872
187873
187874
187875
187876
187877
187878
187883
187884
187885
187886
187887
187889
187894
187897
187898
187899
187900
187903
187904
187905
187906
187907
187908
187911
187914
187915
187916
187917
187918
187926
187929
187930
187931
187932
187937
187938
187939
187941
187942
187943
187947
187948
187949
187950
187951
187952
187954
187955
187956
187957
187958
187959
187960
187961
187962
187963
187966
187967
187969
187970
187973
187976
187978
187983
187985
187987
187989
187990
187993
187994
187995
187999
188003
188004
188005
188006
188009
188014
188018
188024
188026
188027
188028
188030
188032
188035
188036
188037
188041
188042
188044
188045
188048
188050
188052
188053
188055
188056
188058
188059
188062
188063
188064
188066
188067
188068
188071
188072
188073
188074
188075
188076
188078
188079
188081
188082
188083
188085
188086
188087
188089
188090
188092
188094
188095
188096
188098
188103
188104
188105
188107
188108
188109
188110
188111
188112
188114
188118
188119
188121
188123
188125
188126
188129
188132
188134
188135
188136
188138
188139
188143
188144
188148
188149
188150
188154
188158
188160
188161
188162
188164
188167
188168
188174
188175
188176
188177
188185
188189
188193
188196
188197
188199
188204
188206
188208
188213
188215
188216
188218
188223
188225
188227
188232
188235
188239
188240
188241
188242
188245
188250
188253
188259
188262
188263
188264
188266
188267
188268
188271
188273
188275
188276
188278
188279
188284
188287
188288
188290
188291
188295
188296
188304
188305
188307
188309
188310
188311
188312
188313
188314
188315
188316
188317
188322
188323
188324
188325
188327
188328
188329
188331
188332
188333
188334
188337
188339
188341
188343
188344
188346
188347
188348
188350
188351
188352
188353
188355
188356
188358
188359
188361
188363
188364
188365
188366
188371
188373
188374
188376
188378
188381
188382
188385
188388
188389
188390
188391
188393
188396
188397
188398
188399
188400
188401
188404
188408
188409
188410
188413
188414
188417
188419
188420
188422
188423
188424
188425
188427
188428
188429
188430
188432
188435
188436
188437
188438
188439
188440
188442
188443
188447
188450
188454
188455
188456
188457
188459
188461
188462
188464
188465
188466
188467
188468
188472
188474
188478
188479
188481
188485
188486
188488
188490
188492
188493
188494
188496
188499
188500
188501
188504
188505
188506
188508
188511
188512
188513
188516
188518
188521
188523
188524
188527
188529
188532
188535
188536
188537
188542
188543
188547
188551
188553
188554
188557
188558
188559
188564
188565
188566
188567
188570
188573
188574
188578
188580
188581
188583
188584
188588
188589
188590
188591
188598
188600
188606
188607
188608
188609
188612
188613
188614
188616
188618
188620
188621
188622
188623
188624
188626
188629
188630
188632
188633
188638
188639
188641
188642
188646
188648
188649
188650
188655
188656
188657
188658
188659
188665
188668
188669
188670
188680
188681
188683
188684
188689
188692
188693
188694
188695
188696
188698
188699
188700
188701
188702
188703
188707
188710
188713
188714
188715
188716
188718
188720
188721
188722
188723
188724
188728
188729
188734
188737
188738
188741
188742
188743
188744
188747
188748
188750
188752
188754
188755
188757
188764
188766
188767
188769
188771
188773
188774
188775
188776
188777
188782
188783
188787
188791
188793
188794
188799
188805
188806
188807
188808
188810
188811
188812
188814
188818
188820
188821
188822
188823
188824
188827
188833
188834
188836
188838
188839
188841
188842
188843
188851
188852
188854
188856
188858
188859
188860
188863
188864
188867
188872
188873
188874
188877
188880
188884
188885
188886
188887
188890
188891
188893
188894
188896
188897
188902
188904
188907
188909
188910
188912
188916
188917
188918
188919
188920
188921
188922
188925
188926
188927
188928
188930
188932
188935
188936
188938
188940
188945
188947
188948
188949
188956
188957
188959
188961
188962
188964
188967
188968
188970
188971
188972
188978
188979
188983
188992
188993
188997
188999
189001
189002
189003
189004
189005
189006
189007
189008
189010
189012
189013
189016
189018
189020
189021
189023
189024
189027
189028
189029
189030
189031
189032
189033
189034
189036
189041
189043
189044
189045
189046
189052
189054
189055
189057
189059
189060
189062
189063
189065
189066
189067
189068
189069
189071
189073
189074
189076
189081
189084
189085
189086
189087
189089
189090
189091
189095
189097
189098
189100
189102
189105
189106
189108
189110
189111
189112
189113
189114
189119
189120
189122
189124
189125
189126
189127
189130
189131
189132
189133
189134
189136
189137
189138
189141
189143
189144
189145
189150
189151
189158
189159
189161
189162
189163
189164
189166
189167
189169
189170
189172
189173
189174
189178
189180
189181
189182
189183
189187
189188
189190
189192
189193
189194
189196
189197
189198
189203
189205
189207
189208
189209
189213
189218
189219
189223
189225
189227
189229
189230
189231
189233
189234
189235
189237
189241
189245
189246
189247
189248
189254
189260
189261
189263
189264
189266
189268
189269
189272
189277
189279
189282
189283
189295
189297
189301
189302
189304
189306
189308
189314
189315
189316
189319
189320
189323
189325
189328
189329
189331
189332
189333
189335
189336
189337
189338
189340
189341
189342
189344
189349
189351
189353
189354
189359
189360
189361
189362
189364
189366
189368
189371
189372
189373
189375
189376
189378
189379
189380
189381
189382
189385
189386
189388
189389
189390
189391
189393
189394
189395
189396
189397
189398
189399
189400
189401
189402
189408
189409
189415
189418
189420
189426
189427
189428
189431
189433
189434
189436
189438
189439
189441
189443
189445
189446
189449
189451
189452
189455
189457
189459
189460
189467
189468
189469
189470
189471
189475
189476
189477
189479
189484
189485
189486
189487
189493
189494
189500
189507
189508
189509
189510
189512
189515
189516
189518
189519
189522
189523
189524
189526
189531
189533
189534
189540
189545
189546
189552
189554
189555
189557
189558
189559
189563
189564
189570
189571
189573
189575
189576
189579
189581
189583
189585
189586
189587
189589
189590
189591
189592
189594
189595
189597
189599
189600
189602
189604
189605
189607
189610
189613
189614
189616
189617
189618
189619
189620
189622
189623
189624
189625
189626
189627
189632
189634
189636
189639
189642
189646
189651
189653
189657
189659
189660
189666
189670
189671
189672
189673
189676
189678
189679
189680
189681
189684
189686
189687
189688
189691
189694
189695
189696
189697
189699
189700
189702
189704
189706
189707
189711
189713
189715
189719
189721
189722
189724
189725
189726
189727
189728
189729
189733
189735
189737
189740
189744
189745
189746
189747
189748
189750
189754
189757
189758
189760
189765
189766
189767
189770
189773
189774
189778
189779
189780
189782
189785
189786
189788
189789
189790
189791
189792
189795
189798
189801
189802
189807
189808
189812
189815
189816
189817
189818
189820
189821
189822
189823
189827
189828
189832
189833
189836
189839
189841
189842
189843
189844
189848
189849
189854
189856
189857
189858
189859
189860
189861
189862
189863
189864
189865
189866
189870
189871
189872
189873
189876
189878
189879
189880
189885
189887
189888
189889
189890
189891
189892
189895
189899
189901
189904
189905
189906
189907
189908
189909
189910
189914
189917
189919
189922
189931
189933
189937
189938
189939
189940
189941
189946
189947
189948
189949
189950
189951
189953
189956
189958
189959
189963
189965
189968
189969
189972
189975
189980
189981
189984
189985
189989
189993
189994
190001
190002
190004
190005
190006
190008
190009
190010
190011
190013
190014
190018
190019
190022
190023
190026
190028
190029
190030
190031
190033
190034
190040
190042
190047
190048
190054
190055
190064
190066
190068
190070
190071
190072
190075
190076
190077
190078
190079
190080
190081
190082
190085
190089
190090
190092
190093
190094
190095
190097
190100
190103
190105
190106
190108
190109
190113
190114
190117
190118
190121
190123
190124
190125
190126
190128
190131
190132
190136
190139
190147
190148
190149
190151
190152
190153
190154
190155
190157
190158
190159
190160
190163
190165
190166
190168
190171
190172
190173
190176
190180
190183
190184
190188
190191
190192
190195
190197
190198
190203
190210
190211
190212
190214
190215
190216
190219
190220
190221
190222
190223
190224
190225
190232
190234
190237
190240
190242
190243
190244
190246
190251
190253
190254
190255
190256
190260
190262
190264
190267
190271
190272
190274
190279
190281
190283
190284
190285
190286
190287
190291
190292
190294
190295
190296
190297
190299
190302
190304
190305
190306
190309
190310
190312
190315
190316
190318
190322
190323
190326
190327
190334
190336
190342
190343
190344
190348
190349
190353
190355
190356
190363
190367
190368
190372
190373
190374
190376
190377
190378
190383
190384
190387
190390
190391
190392
190393
190394
190395
190396
190401
190402
190405
190406
190408
190411
190414
190418
190420
190421
190423
190425
190428
190430
190431
190432
190433
190435
190437
190439
190440
190445
190446
190450
190453
190454
190455
190456
190458
190459
190461
190462
190463
190465
190469
190470
190471
190474
190475
190476
190478
190479
190482
190484
190485
190486
190487
190488
190490
190491
190493
190495
190496
190502
190503
190504
190505
190512
190513
190515
190516
190518
190519
190520
190521
190522
190526
190529
190531
190532
190534
190540
190544
190547
190548
190549
190550
190551
190552
190553
190554
190555
190556
190559
190561
190562
190564
190566
190567
190573
190574
190576
190577
190579
190585
190588
190589
190592
190593
190594
190596
190598
190600
190602
190603
190605
190607
190609
190610
190611
190612
190613
190614
190617
190618
190619
190621
190624
190625
190626
190627
190629
190630
190632
190634
190636
190638
190639
190640
190646
190647
190648
190653
190654
190657
190660
190664
190668
190670
190674
190675
190676
190678
190679
190680
190681
190682
190684
190685
190686
190688
190692
190694
190695
190697
190698
190699
190701
190702
190705
190707
190709
190713
190715
190716
190717
190723
190726
190727
190728
190729
190731
190733
190734
190736
190738
190740
190741
190742
190746
190747
190748
190750
190751
190753
190754
190758
190760
190764
190767
190768
190769
190770
190771
190773
190775
190779
190781
190783
190787
190788
190791
190792
190793
190795
190798
190799
190800
190805
190807
190808
190809
190811
190813
190815
190816
190817
190818
190819
190822
190824
190825
190828
190829
190833
190834
190835
190836
190839
190840
190842
190843
190844
190852
190855
190856
190859
190860
190862
190863
190864
190871
190872
190875
190877
190879
190880
190881
190883
190884
190885
190889
190891
190892
190893
190895
190897
190899
190901
190902
190907
190908
190909
190912
190913
190916
190918
190921
190925
190928
190930
190932
190933
190937
190939
190942
190944
190945
190948
190950
190952
190956
190957
190958
190959
190962
190964
190971
190975
190977
190979
190980
190984
190985
190986
190989
190990
190992
190996
190997
191000
191001
191004
191007
191010
191011
191013
191016
191017
191018
191023
191024
191025
191026
191027
191029
191034
191035
191040
191043
191044
191045
191047
191050
191053
191056
191058
191060
191061
191062
191064
191066
191068
191073
191074
191075
191076
191077
191078
191079
191080
191081
191083
191085
191086
191089
191090
191097
191099
191100
191101
191103
191108
191110
191111
191114
191117
191119
191121
191122
191124
191125
191126
191128
191130
191134
191135
191137
191140
191141
191142
191144
191151
191158
191160
191161
191162
191163
191166
191167
191168
191172
191173
191174
191177
191178
191180
191181
191182
191183
191186
191190
191192
191193
191194
191195
191196
191197
191199
191202
191203
191204
191206
191207
191208
191209
191210
191212
191215
191217
191218
191222
191223
191226
191229
191236
191237
191238
191242
191244
191245
191246
191247
191249
191251
191252
191253
191255
191257
191259
191261
191262
191263
191265
191266
191268
191270
191272
191273
191274
191277
191278
191279
191280
191281
191282
191284
191285
191286
191288
191289
191290
191292
191293
191295
191296
191298
191300
191301
191303
191304
191305
191307
191308
191312
191313
191314
191316
191319
191323
191324
191326
191327
191328
191329
191331
191332
191333
191335
191336
191337
191343
191344
191350
191352
191362
191363
191365
191366
191368
191369
191370
191371
191372
191373
191376
191377
191380
191381
191382
191388
191391
191394
191396
191398
191399
191400
191404
191405
191406
191408
191409
191410
191413
191414
191415
191416
191417
191419
191420
191423
191425
191427
191429
191435
191437
191438
191439
191441
191442
191444
191445
191448
191452
191456
191458
191463
191464
191466
191468
191470
191472
191476
191478
191479
191480
191483
191486
191488
191489
191490
191491
191492
191493
191496
191499
191502
191504
191505
191507
191508
191509
191514
191515
191518
191520
191521
191522
191524
191525
191526
191528
191529
191531
191535
191536
191538
191540
191544
191547
191548
191549
191551
191552
191554
191556
191557
191558
191559
191561
191562
191564
191566
191568
191570
191573
191576
191577
191579
191580
191581
191582
191584
191585
191586
191587
191588
191589
191594
191595
191596
191601
191604
191606
191608
191609
191611
191617
191619
191620
191622
191624
191625
191627
191628
191629
191631
191633
191635
191638
191639
191640
191641
191643
191644
191645
191647
191649
191650
191651
191654
191657
191658
191661
191662
191663
191664
191665
191666
191667
191669
191670
191671
191673
191674
191676
191677
191680
191683
191684
191687
191689
191690
191691
191693
191697
191701
191702
191703
191704
191708
191711
191712
191715
191716
191717
191718
191720
191721
191722
191723
191724
191725
191727
191728
191733
191734
191737
191739
191740
191743
191746
191748
191750
191751
191754
191755
191756
191759
191761
191764
191765
191767
191771
191772
191775
191776
191777
191779
191780
191783
191786
191788
191789
191791
191792
191794
191796
191797
191798
191800
191801
191802
191804
191806
191807
191810
191811
191814
191815
191818
191820
191821
191822
191829
191830
191835
191836
191837
191838
191841
191842
191843
191845
191846
191848
191849
191850
191851
191853
191856
191858
191859
191862
191863
191867
191868
191870
191871
191873
191874
191875
191878
191880
191882
191884
191885
191887
191888
191889
191890
191891
191892
191895
191898
191899
191900
191902
191908
191909
191910
191911
191912
191915
191916
191920
191922
191928
191930
191931
191937
191938
191939
191940
191944
191946
191947
191950
191953
191956
191958
191961
191963
191964
191965
191966
191970
191971
191976
191977
191978
191979
191981
191983
191984
191985
191987
191989
191990
191992
191995
191999
192000
192002
192004
192006
192007
192008
192010
192011
192012
192015
192017
192021
192022
192023
192025
192026
192028
192029
192031
192036
192038
192040
192041
192042
192043
192044
192054
192056
192057
192058
192060
192061
192062
192065
192066
192067
192075
192077
192078
192079
192081
192083
192084
192086
192087
192088
192089
192091
192092
192097
192099
192101
192103
192104
192106
192108
192109
192110
192115
192116
192120
192121
192122
192124
192126
192127
192130
192131
192132
192135
192143
192145
192146
192147
192149
192151
192152
192156
192161
192162
192163
192168
192169
192170
192171
192172
192177
192180
192185
192186
192192
192193
192194
192196
192197
192199
192200
192201
192205
192206
192208
192210
192212
192213
192216
192218
192220
192222
192224
192226
192229
192231
192232
192234
192236
192237
192239
192243
192245
192246
192248
192251
192253
192255
192256
192259
192265
192266
192268
192269
192270
192271
192273
192281
192282
192287
192288
192291
192294
192295
192296
192298
192299
192300
192305
192307
192308
192313
192314
192315
192317
192318
192320
192321
192322
192324
192325
192327
192331
192332
192333
192334
192335
192339
192341
192342
192343
192345
192346
192347
192349
192351
192353
192355
192356
192357
192359
192360
192361
192362
192363
192366
192370
192375
192376
192377
192378
192380
192382
192387
192388
192391
192392
192394
192395
192396
192397
192400
192401
192402
192404
192407
192410
192413
192417
192418
192424
192427
192429
192431
192433
192436
192438
192440
192445
192447
192448
192452
192453
192457
192458
192462
192466
192467
192468
192469
192470
192471
192472
192473
192475
192477
192479
192481
192482
192483
192486
192489
192490
192491
192497
192498
192500
192501
192502
192507
192508
192510
192513
192515
192516
192517
192518
192519
192520
192523
192525
192527
192528
192529
192530
192532
192537
192540
192548
192551
192555
192557
192560
192561
192562
192564
192566
192568
192569
192570
192573
192574
192575
192576
192580
192582
192583
192585
192586
192587
192589
192590
192591
192594
192595
192599
192600
192601
192602
192605
192608
192609
192610
192611
192613
192617
192622
192624
192625
192629
192635
192636
192637
192638
192640
192642
192645
192647
192648
192653
192656
192657
192660
192661
192663
192664
192665
192667
192668
192669
192671
192675
192676
192679
192680
192682
192684
192688
192692
192695
192696
192698
192704
192705
192707
192708
192711
192712
192713
192714
192716
192726
192728
192729
192730
192731
192733
192734
192736
192737
192738
192741
192742
192746
192748
192749
192750
192751
192752
192753
192760
192762
192764
192766
192768
192770
192771
192772
192774
192775
192776
192779
192780
192782
192785
192787
192788
192792
192793
192794
192795
192796
192797
192799
192800
192801
192802
192803
192807
192808
192810
192811
192813
192817
192818
192819
192820
192823
192832
192833
192834
192835
192836
192840
192841
192843
192848
192851
192853
192854
192856
192858
192861
192866
192869
192876
192879
192880
192881
192885
192888
192889
192890
192891
192892
192893
192894
192895
192896
192897
192899
192900
192901
192904
192906
192907
192909
192910
192912
192914
192917
192918
192919
192920
192922
192923
192926
192927
192930
192931
192932
192933
192934
192937
192939
192940
192941
192942
192945
192946
192947
192948
192950
192951
192952
192953
192954
192957
192959
192960
192962
192963
192964
192966
192967
192970
192971
192972
192973
192976
192978
192980
192983
192985
192993
192994
192995
192998
192999
193002
193011
193013
193014
193016
193020
193022
193029
193031
193032
193034
193037
193038
193039
193040
193041
193042
193043
193044
193045
193046
193047
193048
193049
193053
193054
193056
193061
193065
193067
193068
193069
193070
193071
193072
193076
193080
193081
193082
193083
193084
193086
193087
193088
193089
193090
193092
193093
193094
193095
193096
193100
193102
193103
193105
193106
193108
193109
193110
193111
193112
193113
193115
193117
193118
193119
193121
193122
193124
193125
193126
193127
193128
193131
193132
193138
193140
193141
193143
193144
193147
193149
193150
193151
193152
193155
193156
193157
193162
193163
193164
193166
193168
193171
193172
193175
193176
193178
193181
193183
193189
193190
193191
193197
193199
193201
193205
193210
193213
193216
193220
193221
193223
193224
193225
193230
193231
193232
193234
193235
193236
193237
193239
193241
193245
193248
193249
193252
193255
193257
193260
193261
193264
193266
193269
193272
193273
193275
193276
193278
193279
193280
193281
193283
193292
193294
193299
193300
193301
193302
193303
193304
193308
193310
193311
193312
193314
193321
193322
193323
193324
193325
193326
193329
193331
193334
193335
193336
193337
193338
193341
193343
193347
193351
193352
193355
193356
193357
193358
193359
193361
193363
193364
193367
193368
193370
193372
193373
193374
193375
193377
193387
193390
193391
193392
193394
193397
193398
193399
193401
193402
193406
193407
193408
193411
193412
193413
193415
193416
193418
193419
193425
193426
193433
193434
193437
193438
193439
193446
193447
193448
193449
193451
193453
193456
193458
193464
193466
193468
193471
193472
193473
193474
193476
193479
193480
193482
193483
193485
193487
193491
193492
193493
193495
193497
193498
193499
193504
193506
193508
193511
193513
193519
193520
193521
193522
193523
193525
193526
193529
193531
193534
193535
193537
193539
193540
193541
193543
193547
193548
193551
193552
193554
193555
193558
193559
193561
193562
193566
193572
193574
193575
193576
193578
193579
193580
193581
193583
193585
193586
193587
193590
193595
193597
193598
193599
193600
193602
193603
193606
193608
193612
193613
193614
193616
193617
193620
193623
193626
193632
193633
193634
193636
193638
193639
193640
193643
193645
193648
193653
193656
193657
193658
193659
193661
193662
193665
193667
193669
193672
193673
193674
193677
193678
193682
193683
193684
193685
193687
193688
193689
193690
193692
193693
193694
193695
193696
193697
193698
193700
193702
193703
193705
193706
193707
193710
193713
193716
193717
193720
193721
193722
193723
193728
193730
193731
193734
193735
193738
193739
193742
193744
193745
193750
193751
193752
193753
193754
193755
193756
193759
193761
193762
193763
193766
193767
193768
193769
193770
193771
193773
193774
193775
193780
193785
193786
193787
193788
193792
193793
193796
193798
193799
193802
193804
193805
193811
193813
193814
193815
193816
193818
193821
193822
193823
193825
193828
193830
193831
193838
193839
193840
193841
193842
193843
193847
193849
193851
193854
193856
193858
193860
193861
193862
193863
193864
193868
193871
193872
193874
193875
193876
193879
193880
193881
193883
193884
193885
193886
193887
193888
193892
193893
193897
193900
193903
193905
193906
193907
193908
193911
193913
193916
193917
193918
193920
193923
193925
193927
193928
193931
193933
193934
193936
193941
193942
193944
193946
193947
193948
193951
193953
193954
193956
193960
193964
193969
193972
193975
193976
193978
193982
193991
193993
193994
193995
193996
193997
193999
194000
194002
194003
194008
194009
194010
194013
194014
194016
194017
194019
194020
194023
194024
194025
194027
194030
194031
194032
194033
194034
194035
194036
194038
194039
194042
194043
194047
194051
194056
194059
194061
194065
194066
194073
194076
194079
194081
194083
194084
194085
194086
194087
194088
194091
194092
194095
194097
194098
194099
194101
194102
194103
194106
194107
194108
194109
194110
194111
194112
194113
194114
194115
194116
194117
194119
194120
194121
194124
194125
194126
194129
194130
194131
194133
194134
194139
194141
194143
194144
194147
194148
194149
194150
194151
194152
194154
194156
194157
194158
194159
194160
194163
194166
194167
194168
194169
194176
194178
194179
194180
194181
194184
194185
194187
194188
194189
194190
194191
194193
194195
194196
194197
194198
194199
194201
194205
194207
194208
194209
194210
194213
194214
194218
194219
194221
194222
194234
194235
194237
194238
194239
194242
194244
194245
194249
194251
194252
194253
194254
194255
194256
194257
194258
194260
194263
194264
194267
194268
194269
194271
194273
194274
194276
194279
194280
194281
194282
194283
194285
194288
194289
194290
194291
194295
194296
194301
194302
194307
194308
194309
194310
194311
194312
194313
194317
194320
194324
194331
194333
194335
194337
194339
194341
194342
194344
194352
194353
194356
194357
194358
194359
194360
194363
194364
194366
194369
194370
194372
194375
194382
194384
194386
194387
194391
194392
194394
194395
194397
194398
194399
194401
194406
194407
194409
194410
194414
194417
194418
194420
194422
194423
194424
194426
194427
194429
194431
194432
194433
194435
194436
194438
194443
194445
194446
194452
194453
194454
194455
194456
194459
194462
194466
194467
194471
194476
194479
194480
194483
194484
194490
194492
194494
194496
194503
194504
194506
194507
194508
194509
194510
194513
194514
194516
194521
194522
194524
194525
194528
194529
194530
194531
194535
194537
194540
194541
194542
194545
194547
194550
194551
194553
194559
194560
194566
194567
194568
194571
194572
194574
194576
194578
194580
194582
194585
194587
194592
194593
194596
194600
194602
194603
194604
194605
194606
194613
194615
194616
194618
194619
194622
194623
194624
194625
194626
194627
194629
194631
194632
194633
194634
194635
194637
194638
194639
194640
194641
194642
194643
194649
194650
194651
194653
194654
194658
194659
194660
194663
194665
194670
194671
194672
194675
194676
194677
194678
194681
194682
194686
194691
194692
194693
194694
194695
194698
194699
194700
194703
194707
194708
194709
194710
194711
194713
194714
194716
194717
194719
194720
194722
194724
194726
194727
194728
194733
194734
194735
194736
194740
194744
194745
194746
194747
194748
194749
194752
194753
194755
194756
194757
194758
194759
194760
194761
194762
194763
194767
194768
194769
194770
194771
194773
194774
194775
194778
194779
194781
194782
194783
194784
194785
194788
194789
194790
194793
194796
194798
194800
194801
194803
194804
194806
194807
194808
194809
194810
194813
194814
194816
194818
194819
194820
194821
194822
194823
194826
194828
194829
194830
194833
194834
194836
194841
194842
194845
194848
194849
194852
194854
194855
194857
194859
194860
194861
194868
194869
194871
194872
194873
194874
194875
194878
194879
194883
194885
194888
194889
194891
194896
194899
194902
194905
194909
194911
194913
194914
194915
194916
194917
194919
194920
194921
194922
194923
194931
194932
194934
194935
194936
194937
194938
194939
194940
194941
194942
194944
194948
194949
194950
194951
194952
194953
194954
194956
194958
194960
194961
194963
194966
194967
194968
194970
194971
194973
194974
194976
194982
194983
194984
194985
194986
194987
194988
194991
194992
194998
195000
195001
195003
195006
195008
195010
195016
195017
195018
195019
195021
195023
195031
195033
195042
195044
195046
195047
195048
195049
195050
195052
195054
195055
195057
195060
195061
195065
195067
195069
195070
195073
195078
195079
195084
195087
195089
195090
195092
195093
195094
195095
195096
195104
195105
195106
195109
195112
195115
195116
195118
195119
195121
195123
195127
195128
195129
195133
195136
195137
195139
195142
195143
195146
195148
195150
195157
195158
195160
195161
195163
195164
195166
195169
195170
195171
195172
195173
195175
195176
195179
195182
195183
195184
195185
195187
195191
195192
195193
195197
195200
195203
195208
195210
195211
195213
195215
195216
195217
195218
195219
195221
195224
195226
195227
195230
195232
195238
195239
195248
195250
195255
195256
195257
195258
195259
195261
195263
195264
195265
195266
195267
195270
195271
195277
195279
195280
195281
195283
195286
195288
195290
195291
195292
195293
195294
195299
195302
195303
195306
195309
195310
195311
195314
195316
195317
195319
195320
195323
195325
195326
195327
195328
195330
195332
195337
195338
195339
195341
195342
195346
195347
195348
195349
195350
195351
195355
195357
195358
195361
195362
195368
195369
195374
195375
195376
195377
195378
195380
195381
195382
195386
195387
195389
195390
195397
195401
195403
195405
195406
195408
195409
195411
195416
195418
195420
195421
195427
195428
195429
195430
195435
195436
195437
195438
195439
195440
195441
195444
195445
195452
195455
195456
195457
195458
195460
195461
195462
195465
195466
195467
195470
195471
195472
195475
195478
195479
195481
195482
195483
195484
195486
195489
195490
195491
195492
195495
195496
195500
195504
195507
195508
195509
195511
195512
195513
195514
195516
195517
195518
195520
195521
195523
195524
195525
195527
195528
195529
195531
195533
195534
195539
195545
195546
195548
195551
195554
195556
195558
195561
195562
195563
195566
195567
195570
195571
195572
195573
195574
195576
195577
195586
195587
195588
195589
195590
195592
195593
195594
195597
195599
195601
195602
195604
195605
195607
195608
195609
195612
195614
195617
195621
195622
195623
195624
195626
195627
195628
195629
195632
195633
195635
195636
195638
195639
195641
195642
195644
195645
195647
195649
195650
195651
195653
195654
195655
195657
195658
195659
195660
195661
195662
195663
195664
195665
195667
195668
195669
195671
195672
195673
195675
195679
195680
195681
195683
195684
195685
195687
195691
195693
195694
195697
195698
195699
195700
195701
195702
195703
195704
195708
195713
195716
195717
195718
195719
195721
195722
195723
195725
195728
195732
195733
195736
195737
195740
195741
195745
195746
195747
195748
195750
195751
195752
195753
195761
195763
195764
195766
195767
195768
195769
195770
195772
195773
195774
195777
195778
195779
195780
195784
195787
195788
195790
195792
195793
195794
195797
195808
195809
195811
195812
195813
195815
195817
195818
195819
195820
195823
195828
195829
195830
195831
195832
195835
195836
195851
195852
195853
195859
195861
195863
195864
195865
195866
195867
195869
195870
195872
195874
195875
195876
195880
195885
195886
195887
195890
195891
195892
195895
195897
195899
195900
195902
195904
195908
195910
195912
195915
195916
195917
195923
195926
195932
195936
195937
195938
195940
195941
195949
195951
195953
195954
195955
195957
195959
195960
195961
195962
195966
195972
195974
195977
195978
195979
195982
195983
195985
195987
195989
195992
195994
195995
195996
195998
195999
196000
196002
196003
196005
196007
196008
196010
196011
196013
196014
196015
196017
196018
196019
196020
196022
196023
196026
196028
196029
196031
196034
196036
196038
196039
196041
196044
196048
196049
196050
196059
196062
196063
196067
196068
196069
196075
196077
196080
196081
196089
196093
196096
196097
196101
196102
196104
196109
196110
196111
196113
196114
196116
196118
196122
196123
196127
196129
196132
196133
196134
196137
196139
196140
196141
196144
196146
196149
196152
196153
196154
196155
196158
196165
196167
196168
196169
196171
196172
196173
196174
196175
196179
196181
196182
196183
196184
196185
196186
196188
196189
196191
196192
196193
196196
196197
196198
196199
196201
196203
196204
196206
196207
196209
196211
196214
196217
196218
196219
196220
196222
196223
196224
196226
196231
196236
196239
196240
196241
196242
196243
196245
196246
196247
196249
196252
196253
196255
196256
196258
196259
196260
196261
196262
196265
196266
196270
196272
196273
196274
196275
196279
196282
196283
196284
196286
196287
196292
196293
196294
196295
196296
196297
196298
196299
196301
196304
196305
196306
196307
196309
196312
196313
196314
196315
196316
196318
196319
196324
196325
196326
196329
196331
196332
196333
196335
196336
196338
196340
196342
196343
196345
196350
196353
196357
196358
196359
196360
196361
196364
196366
196367
196368
196371
196372
196379
196381
196382
196383
196384
196386
196387
196388
196399
196400
196401
196402
196407
196408
196412
196413
196414
196419
196421
196422
196423
196424
196425
196427
196432
196433
196435
196436
196437
196438
196440
196442
196446
196447
196448
196450
196451
196453
196456
196457
196458
196461
196463
196464
196465
196467
196472
196474
196478
196479
196481
196482
196484
196485
196486
196487
196491
196493
196497
196501
196502
196503
196504
196505
196506
196509
196511
196512
196515
196521
196522
196524
196525
196528
196529
196530
196536
196537
196538
196542
196549
196551
196553
196555
196560
196562
196563
196564
196567
196573
196575
196578
196582
196584
196586
196587
196588
196590
196591
196593
196595
196597
196598
196599
196600
196602
196607
196609
196611
196612
196617
196618
196621
196623
196625
196626
196629
196630
196631
196632
196634
196635
196637
196638
196639
196640
196641
196642
196643
196651
196654
196656
196659
196660
196665
196667
196669
196671
196672
196675
196677
196680
196682
196685
196686
196687
196691
196693
196694
196697
196698
196699
196700
196701
196702
196704
196705
196708
196713
196718
196721
196722
196723
196727
196730
196733
196734
196737
196738
196741
196743
196747
196750
196755
196757
196758
196762
196764
196767
196768
196770
196771
196772
196777
196778
196779
196781
196782
196786
196787
196788
196789
196790
196791
196792
196793
196796
196799
196800
196801
196802
196803
196804
196805
196806
196808
196809
196810
196811
196812
196816
196818
196820
196826
196827
196830
196831
196834
196837
196839
196841
196843
196844
196845
196847
196848
196849
196854
196855
196859
196860
196867
196872
196876
196877
196879
196882
196883
196884
196885
196887
196889
196891
196894
196897
196898
196899
196901
196903
196904
196908
196909
196910
196912
196913
196914
196917
196918
196921
196925
196926
196929
196930
196931
196936
196937
196938
196942
196945
196946
196947
196949
196950
196951
196956
196957
196962
196963
196964
196967
196968
196972
196973
196976
196981
196982
196984
196985
196988
196990
196991
196992
196994
196995
196998
196999
197000
197001
197002
197003
197004
197006
197007
197009
197011
197012
197014
197015
197020
197021
197024
197025
197028
197029
197030
197031
197032
197033
197035
197038
197039
197041
197044
197046
197048
197050
197055
197060
197062
197063
197064
197065
197066
197069
197070
197071
197072
197073
197074
197075
197078
197080
197081
197083
197084
197086
197088
197089
197090
197091
197093
197094
197097
197100
197101
197103
197104
197108
197109
197110
197111
197114
197115
197117
197119
197121
197122
197127
197133
197134
197135
197136
197137
197138
197145
197148
197153
197154
197157
197158
197160
197161
197163
197164
197169
197170
197172
197173
197179
197181
197183
197188
197193
197194
197196
197198
197200
197202
197205
197206
197207
197214
197215
197216
197217
197220
197221
197223
197225
197228
197229
197230
197231
197233
197234
197235
197236
197237
197239
197241
197245
197246
197249
197250
197251
197252
197253
197254
197256
197259
197263
197264
197272
197273
197274
197275
197276
197278
197279
197281
197282
197284
197285
197287
197288
197291
197295
197297
197298
197299
197301
197302
197303
197304
197307
197308
197309
197311
197313
197315
197320
197322
197324
197325
197326
197328
197329
197331
197332
197337
197338
197340
197346
197351
197352
197354
197356
197358
197363
197364
197365
197366
197367
197368
197371
197373
197375
197376
197377
197379
197380
197381
197382
197386
197390
197394
197396
197400
197405
197406
197409
197410
197411
197415
197418
197423
197426
197428
197430
197432
197433
197435
197436
197437
197438
197440
197442
197444
197445
197447
197448
197450
197454
197456
197458
197460
197461
197462
197464
197465
197467
197468
197469
197471
197472
197473
197475
197477
197478
197479
197484
197487
197488
197489
197490
197493
197494
197495
197496
197497
197498
197499
197500
197501
197503
197504
197505
197507
197509
197510
197511
197512
197513
197516
197517
197518
197521
197522
197523
197525
197527
197528
197529
197531
197532
197533
197534
197535
197536
197538
197542
197544
197549
197551
197553
197555
197556
197560
197564
197565
197568
197569
197571
197573
197574
197576
197578
197583
197585
197586
197588
197589
197592
197593
197594
197595
197597
197598
197600
197601
197602
197604
197605
197606
197607
197609
197610
197613
197614
197616
197618
197619
197625
197626
197627
197633
197634
197640
197641
197643
197644
197645
197647
197648
197650
197651
197654
197659
197660
197661
197666
197667
197668
197670
197672
197673
197674
197675
197676
197677
197684
197685
197686
197687
197688
197689
197690
197691
197692
197695
197698
197700
197702
197703
197704
197705
197706
197710
197711
197712
197713
197718
197725
197726
197729
197733
197735
197736
197737
197738
197739
197740
197741
197742
197744
197745
197748
197750
197751
197753
197754
197756
197758
197759
197760
197761
197762
197765
197766
197767
197768
197770
197771
197772
197773
197775
197776
197779
197780
197781
197783
197785
197786
197788
197789
197793
197794
197796
197798
197799
197802
197803
197809
197811
197812
197815
197816
197817
197818
197819
197820
197821
197823
197824
197831
197832
197839
197841
197842
197843
197844
197845
197847
197848
197852
197853
197854
197856
197858
197859
197860
197861
197863
197864
197865
197869
197870
197871
197876
197878
197879
197883
197886
197890
197891
197892
197893
197894
197898
197900
197904
197906
197908
197909
197913
197916
197917
197921
197924
197925
197926
197930
197931
197932
197935
197937
197940
197942
197945
197948
197950
197952
197956
197962
197963
197964
197965
197970
197971
197973
197974
197976
197981
197983
197986
197989
197990
197991
197992
197993
197994
197995
197996
197997
198004
198005
198006
198007
198008
198009
198010
198015
198019
198023
198025
198026
198027
198029
198030
198031
198032
198033
198034
198037
198038
198039
198041
198042
198043
198045
198047
198048
198049
198053
198058
198059
198060
198061
198062
198064
198065
198067
198068
198072
198074
198075
198076
198080
198081
198084
198091
198092
198093
198101
198105
198108
198110
198111
198112
198113
198115
198117
198118
198119
198122
198123
198126
198127
198128
198130
198133
198134
198139
198141
198142
198143
198145
198147
198148
198149
198150
198151
198155
198157
198158
198160
198165
198166
198167
198168
198169
198171
198174
198175
198177
198179
198180
198181
198182
198183
198185
198190
198192
198193
198194
198195
198196
198199
198203
198204
198206
198209
198210
198214
198215
198217
198218
198219
198221
198223
198224
198226
198227
198229
198230
198232
198233
198234
198235
198236
198237
198240
198243
198246
198247
198248
198249
198250
198252
198258
198261
198262
198263
198265
198266
198267
198270
198271
198273
198274
198278
198280
198283
198284
198289
198290
198291
198292
198294
198296
198298
198301
198303
198305
198306
198308
198309
198315
198316
198319
198320
198331
198332
198333
198335
198336
198337
198342
198343
198344
198346
198348
198349
198351
198355
198356
198360
198361
198365
198366
198368
198369
198372
198375
198376
198380
198382
198386
198388
198389
198390
198392
198394
198399
198400
198404
198405
198407
198408
198409
198413
198415
198417
198420
198423
198426
198429
198430
198433
198436
198442
198443
198444
198446
198447
198449
198452
198453
198459
198461
198462
198464
198465
198467
198468
198470
198473
198474
198477
198478
198480
198485
198487
198492
198493
198494
198496
198497
198498
198499
198502
198504
198505
198507
198510
198512
198513
198514
198515
198516
198518
198519
198521
198525
198529
198530
198531
198536
198538
198543
198545
198548
198549
198550
198552
198553
198554
198559
198560
198562
198563
198564
198565
198567
198571
198575
198576
198577
198578
198585
198586
198588
198590
198593
198595
198596
198597
198598
198600
198601
198602
198605
198606
198609
198611
198616
198618
198619
198620
198621
198624
198629
198630
198631
198632
198636
198638
198639
198642
198644
198645
198649
198651
198652
198655
198657
198658
198659
198664
198670
198672
198673
198674
198677
198678
198680
198681
198685
198687
198688
198690
198691
198692
198696
198699
198700
198701
198702
198703
198704
198708
198709
198714
198720
198721
198722
198723
198724
198725
198727
198728
198729
198731
198732
198733
198736
198741
198742
198743
198744
198745
198746
198747
198748
198749
198754
198755
198756
198759
198760
198761
198763
198764
198765
198767
198768
198770
198771
198775
198777
198781
198782
198784
198789
198790
198791
198793
198797
198798
198801
198803
198804
198805
198809
198810
198811
198815
198818
198819
198820
198821
198822
198823
198826
198827
198828
198832
198834
198835
198837
198838
198842
198843
198844
198846
198850
198851
198852
198853
198856
198858
198861
198862
198864
198865
198867
198869
198872
198876
198879
198881
198882
198884
198887
198891
198892
198893
198898
198899
198900
198901
198903
198904
198907
198908
198909
198913
198914
198916
198919
198921
198925
198926
198929
198930
198932
198934
198937
198938
198940
198941
198943
198944
198945
198947
198948
198949
198950
198954
198955
198958
198960
198961
198962
198963
198967
198968
198970
198971
198973
198978
198979
198981
198982
198986
198987
198990
198991
198995
198996
198998
199000
199001
199003
199005
199009
199011
199012
199016
199017
199020
199021
199023
199024
199026
199027
199028
199029
199030
199031
199032
199033
199038
199039
199043
199045
199046
199047
199048
199051
199052
199055
199056
199058
199060
199061
199062
199064
199065
199068
199069
199071
199072
199074
199075
199079
199080
199081
199083
199084
199086
199088
199089
199090
199091
199095
199097
199098
199102
199111
199112
199113
199114
199120
199121
199124
199126
199127
199128
199130
199134
199135
199138
199140
199141
199142
199144
199145
199148
199149
199150
199151
199152
199154
199156
199157
199158
199160
199162
199163
199164
199165
199169
199170
199171
199174
199175
199179
199180
199182
199184
199187
199188
199189
199190
199191
199192
199197
199199
199210
199211
199212
199213
199217
199220
199222
199229
199232
199233
199234
199235
199236
199237
199238
199240
199243
199244
199245
199246
199247
199248
199249
199250
199251
199252
199253
199257
199259
199261
199264
199265
199266
199267
199268
199269
199272
199275
199277
199280
199290
199291
199292
199293
199295
199296
199299
199300
199303
199309
199311
199314
199316
199320
199322
199327
199328
199329
199331
199336
199337
199338
199339
199342
199343
199344
199348
199353
199357
199359
199360
199361
199362
199363
199367
199369
199372
199374
199375
199376
199377
199378
199381
199382
199383
199384
199386
199387
199388
199390
199392
199394
199397
199400
199407
199409
199414
199417
199420
199421
199423
199425
199427
199428
199429
199430
199431
199432
199433
199435
199437
199438
199439
199446
199447
199449
199450
199452
199453
199461
199463
199464
199465
199466
199469
199471
199473
199475
199476
199478
199480
199482
199483
199487
199489
199490
199491
199492
199493
199494
199496
199499
199500
199502
199504
199509
199510
199511
199512
199513
199516
199518
199522
199523
199525
199526
199527
199529
199530
199531
199535
199538
199539
199543
199544
199547
199549
199551
199552
199557
199560
199561
199564
199565
199567
199571
199572
199573
199574
199576
199580
199581
199583
199584
199585
199587
199588
199590
199596
199597
199598
199601
199602
199605
199609
199610
199611
199613
199617
199619
199625
199626
199628
199631
199632
199633
199637
199639
199642
199647
199650
199651
199655
199656
199657
199659
199660
199662
199663
199664
199665
199668
199669
199673
199678
199679
199682
199685
199688
199689
199690
199691
199692
199694
199699
199700
199702
199703
199704
199710
199711
199714
199715
199716
199719
199720
199721
199723
199724
199726
199727
199729
199731
199732
199733
199734
199735
199736
199737
199738
199742
199746
199748
199755
199756
199757
199759
199762
199763
199764
199766
199767
199769
199770
199772
199776
199777
199782
199783
199785
199787
199789
199790
199795
199799
199800
199801
199802
199807
199814
199816
199818
199819
199822
199823
199825
199828
199831
199832
199834
199835
199836
199837
199838
199839
199841
199845
199847
199850
199851
199853
199857
199858
199860
199861
199865
199868
199870
199873
199874
199877
199882
199883
199884
199885
199887
199889
199890
199891
199893
199895
199896
199898
199899
199900
199901
199902
199904
199906
199907
199908
199909
199911
199913
199918
199919
199920
199921
199922
199926
199927
199928
199931
199932
199935
199936
199937
199941
199943
199944
199946
199949
199950
199952
199954
199957
199958
199959
199961
199962
199963
199964
199965
199966
199970
199972
199973
199974
199978
199979
199981
199982
199983
199986
199987
199989
199990
199991
199992
199993
199996
200001
200003
200005
200006
200007
200008
200009
200010
200011
200016
200021
200022
200023
200024
200026
200030
200031
200032
200034
200035
200040
200041
200042
200045
200046
200049
200051
200056
200057
200058
200059
200060
200061
200062
200065
200067
200069
200070
200071
200074
200078
200079
200080
200083
200085
200089
200093
200094
200095
200096
200097
200099
200100
200101
200104
200105
200107
200114
200117
200120
200121
200122
200125
200126
200129
200130
200131
200132
200134
200140
200145
200146
200147
200149
200157
200159
200160
200162
200163
200165
200166
200168
200169
200171
200172
200174
200175
200179
200181
200182
200183
200187
200188
200189
200190
200191
200194
200195
200197
200202
200205
200206
200209
200211
200212
200214
200215
200216
200219
200220
200221
200222
200223
200227
200228
200231
200232
200236
200237
200240
200243
200245
200247
200252
200253
200254
200258
200259
200260
200262
200263
200264
200265
200266
200267
200268
200271
200273
200278
200279
200280
200281
200282
200283
200286
200288
200289
200292
200299
200303
200304
200307
200308
200309
200310
200311
200312
200314
200315
200316
200318
200319
200320
200324
200325
200326
200330
200333
200334
200336
200337
200342
200344
200347
200349
200353
200354
200355
200357
200359
200360
200361
200362
200365
200366
200369
200377
200378
200379
200383
200384
200385
200386
200391
200393
200394
200395
200397
200398
200399
200400
200401
200404
200407
200408
200410
200412
200413
200416
200417
200419
200424
200427
200429
200437
200439
200442
200445
200446
200448
200449
200453
200454
200455
200457
200458
200460
200461
200462
200464
200465
200466
200467
200469
200470
200472
200474
200476
200478
200480
200483
200484
200490
200491
200492
200494
200495
200496
200497
200498
200499
200501
200502
200504
200505
200509
200510
200512
200514
200516
200517
200520
200521
200523
200525
200528
200529
200531
200532
200533
200534
200535
200537
200539
200540
200541
200543
200544
200549
200550
200551
200552
200553
200562
200563
200564
200567
200569
200570
200572
200577
200578
200579
200580
200581
200583
200584
200585
200586
200587
200592
200593
200596
200597
200598
200600
200601
200602
200604
200605
200609
200610
200611
200612
200613
200616
200617
200620
200621
200625
200626
200629
200630
200636
200637
200638
200640
200641
200643
200644
200645
200647
200650
200652
200653
200654
200656
200658
200660
200661
200662
200665
200668
200672
200673
200675
200677
200678
200683
200684
200691
200692
200696
200697
200698
200699
200704
200706
200707
200708
200712
200713
200715
200716
200717
200721
200722
200723
200725
200727
200728
200731
200736
200737
200739
200740
200743
200745
200747
200749
200750
200754
200755
200757
200758
200759
200760
200761
200763
200764
200765
200766
200767
200768
200769
200772
200773
200774
200777
200778
200780
200782
200783
200784
200785
200786
200787
200789
200790
200791
200792
200793
200794
200797
200798
200801
200804
200806
200809
200810
200813
200814
200818
200820
200821
200823
200824
200825
200826
200829
200830
200834
200835
200837
200838
200839
200840
200841
200842
200843
200849
200852
200853
200854
200856
200858
200859
200865
200866
200868
200869
200876
200878
200879
200880
200883
200885
200887
200888
200889
200890
200891
200893
200894
200895
200899
200900
200905
200906
200908
200911
200912
200915
200917
200919
200920
200926
200927
200932
200933
200934
200936
200938
200939
200940
200941
200944
200945
200947
200948
200950
200952
200953
200955
200957
200963
200964
200965
200967
200968
200969
200971
200972
200973
200978
200980
200984
200987
200988
200989
200992
200995
200997
200999
201001
201002
201006
201007
201009
201010
201011
201016
201017
201018
201024
201031
201033
201035
201042
201043
201045
201049
201050
201052
201057
201058
201059
201060
201061
201062
201065
201067
201068
201069
201071
201072
201076
201078
201081
201082
201090
201091
201092
201093
201096
201097
201099
201100
201102
201103
201106
201107
201108
201109
201113
201114
201115
201116
201118
201120
201121
201122
201124
201125
201128
201129
201132
201134
201138
201141
201144
201145
201147
201154
201155
201156
201163
201165
201166
201167
201168
201169
201172
201174
201175
201177
201179
201181
201183
201185
201190
201192
201194
201195
201196
201198
201200
201201
201202
201203
201204
201206
201207
201209
201211
201213
201216
201222
201227
201229
201230
201231
201233
201237
201238
201243
201244
201245
201246
201247
201250
201251
201255
201258
201260
201261
201262
201266
201268
201271
201273
201275
201276
201278
201279
201282
201283
201284
201287
201289
201290
201292
201293
201297
201299
201300
201301
201304
201305
201306
201309
201311
201315
201317
201318
201321
201324
201327
201328
201329
201332
201334
201336
201338
201339
201340
201341
201343
201345
201346
201348
201350
201352
201356
201361
201362
201367
201368
201369
201370
201372
201374
201376
201378
201381
201382
201384
201386
201389
201391
201392
201394
201396
201397
201398
201399
201401
201404
201405
201406
201410
201412
201414
201416
201418
201419
201421
201422
201424
201426
201429
201430
201431
201432
201434
201440
201441
201443
201444
201445
201447
201449
201451
201452
201454
201457
201460
201461
201464
201466
201467
201468
201470
201475
201476
201478
201479
201481
201484
201488
201489
201490
201495
201496
201497
201498
201504
201506
201507
201508
201509
201510
201511
201516
201517
201518
201519
201521
201524
201525
201526
201528
201530
201533
201534
201541
201542
201546
201547
201548
201551
201552
201553
201555
201556
201562
201563
201565
201572
201573
201574
201575
201577
201578
201579
201580
201581
201585
201586
201587
201588
201589
201591
201593
201594
201596
201598
201599
201605
201607
201609
201610
201611
201614
201615
201617
201619
201622
201623
201625
201627
201629
201631
201633
201634
201638
201642
201643
201644
201647
201650
201653
201655
201657
201658
201664
201665
201666
201667
201669
201670
201672
201674
201675
201677
201678
201687
201688
201690
201691
201695
201697
201699
201701
201702
201707
201709
201711
201712
201713
201716
201721
201726
201727
201728
201729
201731
201734
201736
201743
201744
201745
201748
201749
201750
201751
201753
201756
201758
201759
201760
201763
201765
201770
201771
201773
201774
201776
201780
201781
201782
201784
201786
201787
201789
201790
201793
201794
201795
201799
201800
201803
201804
201807
201808
201810
201813
201816
201817
201822
201823
201824
201835
201836
201837
201841
201842
201843
201844
201847
201850
201851
201853
201854
201855
201856
201857
201860
201861
201866
201869
201870
201871
201875
201876
201877
201878
201881
201882
201883
201885
201886
201888
201891
201896
201898
201900
201901
201902
201904
201906
201909
201911
201912
201913
201914
201917
201919
201921
201922
201923
201927
201929
201932
201933
201935
201943
201944
201945
201946
201948
201949
201951
201952
201953
201957
201959
201963
201967
201972
201975
201976
201984
201986
201987
201989
201993
201994
201996
201998
202002
202003
202006
202008
202009
202010
202011
202014
202016
202020
202021
202024
202025
202026
202029
202033
202034
202036
202038
202039
202040
202041
202042
202043
202044
202047
202048
202049
202051
202052
202054
202055
202057
202059
202060
202061
202063
202072
202074
202075
202076
202081
202085
202088
202089
202090
202091
202092
202093
202094
202095
202096
202098
202099
202101
202102
202108
202111
202119
202120
202121
202124
202126
202128
202131
202132
202133
202136
202138
202139
202141
202142
202146
202148
202149
202150
202152
202153
202155
202160
202161
202162
202167
202169
202171
202172
202176
202178
202183
202184
202187
202188
202190
202191
202195
202197
202199
202200
202203
202204
202205
202207
202209
202210
202214
202215
202217
202218
202220
202222
202223
202225
202226
202227
202228
202230
202231
202234
202236
202237
202239
202240
202241
202244
202246
202247
202248
202255
202256
202261
202264
202265
202267
202270
202273
202274
202275
202277
202281
202283
202285
202286
202287
202288
202290
202293
202294
202298
202299
202300
202304
202306
202307
202308
202309
202310
202313
202315
202317
202319
202321
202324
202325
202326
202327
202329
202332
202333
202335
202336
202337
202339
202340
202341
202342
202343
202344
202346
202347
202348
202350
202353
202354
202359
202360
202361
202362
202363
202365
202369
202372
202373
202374
202375
202376
202377
202378
202380
202381
202382
202384
202392
202393
202397
202398
202399
202401
202403
202404
202413
202414
202415
202416
202417
202420
202423
202424
202426
202428
202429
202434
202436
202437
202438
202439
202440
202441
202442
202446
202447
202449
202452
202456
202457
202458
202459
202460
202461
202462
202463
202465
202467
202468
202471
202472
202474
202475
202476
202481
202486
202490
202492
202496
202497
202500
202501
202503
202505
202507
202509
202510
202511
202514
202515
202516
202519
202521
202522
202523
202524
202528
202529
202530
202532
202533
202534
202536
202541
202544
202546
202549
202552
202558
202559
202561
202562
202566
202568
202570
202573
202574
202576
202577
202581
202582
202583
202585
202587
202588
202589
202592
202594
202598
202600
202602
202604
202605
202606
202607
202608
202609
202610
202611
202612
202613
202614
202617
202618
202621
202622
202623
202624
202628
202630
202631
202639
202640
202642
202643
202644
202646
202648
202649
202652
202653
202657
202659
202662
202663
202665
202666
202667
202668
202670
202671
202673
202674
202675
202676
202680
202683
202684
202686
202688
202689
202690
202691
202696
202698
202702
202703
202705
202706
202707
202708
202710
202711
202713
202715
202716
202717
202719
202720
202721
202722
202723
202724
202725
202726
202728
202730
202731
202735
202737
202738
202739
202743
202745
202746
202747
202751
202752
202756
202757
202766
202768
202772
202773
202774
202775
202777
202778
202781
202782
202784
202785
202786
202791
202793
202795
202796
202797
202798
202800
202802
202805
202806
202808
202809
202811
202814
202815
202820
202822
202824
202825
202827
202828
202829
202831
202834
202835
202837
202839
202841
202844
202845
202846
202847
202850
202854
202859
202860
202862
202864
202865
202866
202871
202873
202874
202876
202878
202880
202881
202884
202885
202888
202892
202893
202894
202895
202897
202898
202899
202900
202901
202902
202905
202906
202907
202908
202909
202911
202912
202914
202915
202916
202917
202918
202920
202922
202924
202925
202932
202934
202935
202936
202937
202938
202940
202941
202943
202944
202946
202948
202949
202951
202952
202953
202954
202955
202956
202957
202958
202959
202960
202964
202965
202973
202974
202977
202978
202980
202982
202983
202985
202988
202989
202997
203001
203002
203003
203004
203005
203006
203009
203012
203013
203016
203017
203018
203021
203022
203028
203029
203032
203035
203037
203039
203040
203041
203043
203044
203046
203047
203053
203055
203058
203059
203060
203061
203064
203065
203067
203068
203070
203072
203074
203075
203078
203080
203082
203084
203085
203087
203088
203092
203098
203099
203100
203103
203104
203105
203107
203108
203109
203110
203112
203113
203114
203117
203118
203120
203121
203122
203123
203125
203127
203130
203131
203132
203133
203134
203135
203136
203137
203138
203139
203140
203141
203144
203147
203149
203154
203155
203156
203157
203158
203159
203160
203161
203162
203163
203165
203166
203168
203169
203170
203172
203174
203175
203177
203181
203186
203188
203190
203195
203197
203200
203202
203203
203204
203205
203206
203207
203208
203215
203216
203219
203222
203225
203226
203231
203232
203233
203234
203243
203245
203250
203252
203253
203257
203259
203264
203266
203267
203269
203272
203274
203275
203276
203281
203285
203287
203288
203289
203291
203293
203295
203298
203301
203302
203305
203306
203307
203308
203309
203311
203315
203316
203317
203318
203319
203320
203321
203323
203324
203326
203327
203328
203331
203332
203333
203334
203339
203341
203345
203346
203349
203351
203352
203354
203361
203362
203363
203364
203365
203366
203370
203371
203372
203373
203374
203376
203383
203385
203387
203388
203391
203392
203393
203396
203397
203398
203399
203402
203405
203407
203408
203410
203411
203412
203414
203415
203416
203418
203419
203431
203435
203436
203437
203438
203440
203441
203442
203443
203447
203451
203453
203457
203464
203470
203472
203474
203475
203476
203477
203481
203482
203483
203484
203486
203487
203489
203490
203491
203494
203496
203497
203499
203500
203501
203502
203504
203505
203506
203507
203509
203510
203514
203515
203516
203517
203518
203520
203522
203524
203525
203527
203528
203530
203531
203534
203535
203537
203538
203540
203543
203550
203552
203557
203560
203561
203563
203564
203565
203567
203569
203570
203572
203577
203580
203582
203583
203587
203592
203593
203595
203597
203599
203602
203603
203604
203605
203606
203610
203611
203613
203616
203623
203626
203627
203629
203630
203631
203634
203640
203643
203644
203645
203646
203647
203649
203650
203652
203655
203657
203658
203659
203660
203666
203668
203670
203671
203672
203674
203675
203676
203678
203681
203682
203684
203686
203687
203689
203690
203691
203693
203694
203695
203696
203702
203703
203706
203710
203711
203715
203720
203721
203722
203723
203726
203729
203731
203733
203737
203739
203743
203746
203751
203755
203758
203760
203761
203762
203763
203764
203767
203768
203771
203772
203773
203774
203778
203779
203783
203785
203786
203797
203799
203800
203801
203802
203803
203804
203805
203806
203810
203812
203814
203817
203819
203820
203821
203823
203824
203826
203831
203835
203841
203843
203847
203849
203850
203851
203857
203858
203861
203862
203863
203865
203867
203868
203870
203871
203872
203873
203876
203877
203878
203879
203880
203881
203884
203888
203889
203894
203897
203898
203899
203910
203911
203913
203914
203916
203917
203919
203920
203923
203924
203925
203926
203927
203928
203933
203935
203937
203939
203942
203943
203944
203945
203947
203950
203951
203952
203954
203955
203959
203960
203961
203964
203968
203974
203978
203982
203984
203985
203986
203987
203988
203989
203990
203992
203994
203995
203996
203999
204000
204002
204003
204005
204006
204007
204008
204010
204012
204013
204018
204019
204020
204021
204022
204025
204026
204027
204030
204034
204041
204043
204045
204048
204049
204053
204056
204058
204060
204061
204062
204063
204067
204069
204074
204078
204079
204080
204081
204083
204086
204087
204091
204092
204093
204094
204097
204098
204099
204100
204102
204103
204104
204105
204106
204108
204111
204115
204116
204117
204118
204121
204123
204125
204126
204130
204131
204132
204133
204134
204135
204136
204138
204141
204143
204144
204147
204148
204149
204152
204153
204155
204157
204158
204159
204160
204161
204163
204167
204168
204170
204171
204172
204173
204174
204175
204176
204178
204183
204187
204190
204191
204195
204197
204198
204199
204200
204202
204204
204208
204209
204210
204211
204213
204214
204219
204220
204221
204222
204224
204225
204231
204232
204233
204234
204235
204237
204238
204239
204241
204243
204244
204245
204247
204250
204251
204252
204254
204264
204265
204268
204270
204274
204275
204276
204277
204278
204281
204282
204283
204285
204288
204290
204295
204297
204299
204300
204302
204305
204306
204307
204309
204312
204314
204315
204316
204317
204318
204319
204321
204323
204326
204327
204328
204330
204331
204334
204336
204337
204339
204345
204346
204348
204352
204354
204355
204358
204359
204360
204362
204364
204366
204369
204374
204375
204376
204377
204381
204382
204383
204384
204389
204391
204392
204394
204397
204400
204402
204403
204408
204409
204410
204411
204412
204413
204415
204417
204418
204422
204425
204427
204428
204431
204435
204437
204438
204440
204442
204444
204445
204446
204447
204449
204451
204453
204454
204458
204460
204461
204463
204464
204465
204468
204469
204471
204477
204478
204479
204480
204481
204482
204485
204486
204488
204489
204490
204494
204495
204498
204500
204504
204505
204506
204507
204509
204512
204517
204519
204522
204523
204524
204527
204533
204540
204542
204543
204544
204545
204546
204547
204548
204549
204550
204551
204553
204554
204556
204557
204559
204561
204562
204563
204564
204566
204568
204575
204576
204578
204584
204587
204588
204590
204591
204592
204599
204601
204604
204605
204606
204607
204608
204609
204611
204613
204614
204615
204616
204620
204625
204627
204630
204635
204636
204638
204639
204643
204644
204645
204648
204650
204652
204653
204654
204655
204658
204660
204662
204663
204664
204666
204667
204668
204669
204670
204671
204673
204675
204676
204677
204679
204682
204683
204684
204685
204687
204688
204691
204693
204694
204695
204698
204700
204703
204706
204710
204711
204712
204714
204715
204716
204717
204719
204720
204721
204723
204724
204725
204727
204728
204730
204732
204735
204745
204746
204749
204752
204755
204760
204761
204762
204763
204764
204765
204766
204768
204769
204770
204771
204772
204775
204778
204780
204781
204782
204783
204784
204785
204786
204788
204790
204791
204792
204793
204796
204798
204799
204802
204805
204806
204807
204808
204809
204811
204820
204823
204825
204826
204827
204829
204830
204831
204834
204835
204836
204837
204840
204841
204842
204844
204846
204847
204848
204849
204850
204855
204856
204857
204859
204866
204867
204871
204873
204875
204879
204885
204886
204888
204891
204894
204898
204899
204902
204903
204905
204907
204909
204910
204911
204912
204914
204917
204920
204923
204924
204925
204926
204927
204928
204930
204931
204932
204934
204936
204938
204940
204942
204944
204948
204949
204951
204953
204954
204955
204956
204958
204960
204965
204966
204967
204968
204969
204977
204980
204982
204984
204985
204986
204987
204988
204989
204991
204992
204993
204995
204996
205000
205003
205008
205009
205010
205014
205015
205021
205023
205024
205025
205027
205029
205032
205033
205036
205037
205039
205040
205041
205042
205043
205045
205049
205051
205053
205054
205058
205059
205061
205062
205063
205064
205066
205072
205073
205076
205077
205079
205080
205082
205083
205085
205087
205088
205089
205090
205092
205093
205095
205100
205104
205105
205106
205110
205111
205112
205113
205114
205115
205116
205117
205118
205119
205121
205122
205123
205124
205125
205126
205129
205130
205135
205137
205140
205143
205144
205146
205148
205149
205152
205154
205155
205157
205159
205160
205161
205162
205164
205167
205168
205169
205173
205176
205177
205178
205179
205180
205181
205186
205189
205191
205194
205197
205198
205201
205203
205208
205210
205211
205213
205214
205218
205219
205220
205224
205229
205230
205231
205232
205233
205237
205238
205239
205243
205247
205249
205256
205257
205258
205259
205262
205265
205267
205271
205274
205275
205279
205281
205282
205283
205289
205290
205295
205296
205298
205299
205301
205304
205306
205308
205310
205311
205314
205316
205324
205326
205327
205328
205330
205334
205338
205341
205343
205346
205349
205350
205351
205352
205353
205355
205357
205358
205359
205360
205363
205365
205367
205368
205369
205370
205372
205373
205374
205377
205378
205379
205380
205381
205385
205390
205391
205392
205395
205396
205399
205402
205403
205404
205407
205408
205410
205411
205415
205418
205420
205421
205422
205425
205427
205429
205432
205433
205434
205435
205438
205440
205441
205442
205443
205446
205448
205451
205453
205454
205456
205457
205459
205460
205461
205464
205465
205466
205469
205470
205472
205473
205474
205475
205476
205477
205479
205481
205482
205484
205489
205497
205498
205501
205503
205506
205508
205509
205510
205512
205515
205516
205518
205519
205521
205523
205527
205529
205535
205536
205537
205541
205542
205546
205550
205552
205554
205556
205561
205562
205563
205566
205568
205569
205575
205576
205577
205583
205585
205586
205589
205595
205596
205598
205599
205600
205601
205602
205604
205607
205610
205611
205612
205613
205614
205615
205617
205618
205622
205623
205626
205628
205629
205630
205631
205633
205635
205640
205642
205643
205646
205648
205651
205652
205656
205660
205662
205663
205667
205670
205672
205673
205675
205676
205679
205684
205685
205690
205692
205694
205695
205696
205699
205700
205702
205703
205707
205710
205711
205714
205715
205716
205723
205725
205726
205728
205729
205730
205735
205737
205740
205742
205748
205750
205754
205755
205756
205759
205760
205761
205763
205765
205766
205769
205770
205771
205772
205779
205780
205782
205783
205785
205786
205788
205793
205795
205796
205797
205799
205801
205803
205806
205808
205815
205820
205821
205824
205825
205826
205831
205834
205835
205837
205838
205840
205842
205849
205850
205851
205852
205853
205854
205856
205858
205864
205865
205866
205868
205870
205871
205872
205874
205875
205878
205879
205882
205883
205884
205886
205888
205889
205895
205896
205897
205900
205902
205904
205905
205906
205907
205908
205911
205913
205914
205915
205921
205924
205926
205931
205933
205934
205935
205937
205940
205941
205942
205949
205951
205953
205955
205959
205962
205964
205965
205969
205970
205971
205974
205976
205978
205979
205981
205983
205985
205986
205990
205993
205994
205997
206000
206001
206002
206004
206005
206006
206010
206011
206012
206013
206014
206015
206017
206018
206020
206021
206022
206023
206025
206026
206027
206029
206031
206032
206033
206038
206039
206041
206042
206046
206048
206051
206052
206054
206055
206058
206059
206062
206065
206070
206071
206072
206075
206078
206079
206080
206081
206084
206087
206088
206091
206092
206094
206095
206098
206100
206103
206105
206106
206107
206111
206113
206114
206115
206117
206118
206121
206124
206126
206127
206128
206130
206132
206133
206134
206136
206137
206138
206139
206141
206143
206144
206145
206147
206149
206152
206154
206158
206161
206163
206164
206166
206167
206168
206169
206170
206172
206173
206174
206175
206179
206181
206182
206184
206185
206186
206187
206188
206189
206191
206193
206194
206200
206201
206206
206208
206209
206210
206211
206213
206214
206215
206216
206223
206224
206226
206227
206228
206232
206236
206238
206239
206241
206246
206247
206251
206252
206253
206254
206256
206257
206260
206262
206263
206266
206267
206269
206271
206273
206274
206276
206279
206280
206282
206283
206285
206286
206290
206291
206292
206293
206298
206299
206300
206303
206304
206307
206308
206310
206311
206316
206317
206319
206323
206324
206326
206329
206332
206333
206334
206335
206337
206340
206341
206343
206344
206345
206349
206351
206353
206354
206355
206358
206360
206362
206363
206364
206365
206366
206368
206371
206372
206375
206383
206384
206385
206389
206390
206391
206393
206395
206398
206399
206401
206403
206405
206408
206411
206414
206415
206416
206417
206420
206421
206422
206423
206425
206426
206427
206428
206429
206431
206435
206436
206437
206438
206439
206441
206442
206445
206447
206448
206449
206450
206451
206452
206453
206454
206457
206459
206462
206466
206467
206471
206472
206473
206474
206475
206476
206477
206482
206483
206491
206492
206497
206499
206500
206507
206508
206509
206512
206514
206515
206517
206518
206520
206522
206524
206525
206527
206528
206529
206530
206532
206536
206538
206539
206544
206547
206548
206550
206551
206554
206555
206557
206558
206562
206563
206565
206569
206570
206574
206577
206580
206587
206592
206593
206594
206598
206600
206602
206604
206611
206612
206613
206614
206615
206616
206621
206623
206629
206631
206634
206635
206637
206642
206643
206648
206651
206652
206654
206655
206656
206658
206661
206664
206665
206666
206667
206668
206672
206675
206677
206679
206681
206683
206684
206688
206690
206691
206692
206694
206695
206696
206697
206701
206702
206703
206705
206707
206708
206710
206712
206721
206723
206724
206727
206731
206736
206737
206738
206739
206740
206742
206746
206747
206748
206750
206751
206753
206755
206756
206757
206758
206759
206760
206762
206763
206764
206765
206768
206769
206770
206772
206773
206777
206778
206780
206781
206785
206789
206791
206792
206793
206796
206797
206801
206802
206803
206804
206805
206806
206808
206809
206810
206814
206816
206817
206818
206819
206824
206827
206828
206829
206830
206836
206839
206840
206841
206843
206845
206846
206847
206848
206849
206850
206855
206858
206860
206861
206864
206865
206868
206869
206870
206872
206873
206874
206881
206884
206885
206886
206887
206889
206890
206891
206893
206894
206899
206900
206904
206906
206909
206910
206915
206919
206920
206921
206924
206926
206932
206934
206935
206937
206940
206941
206945
206946
206947
206952
206955
206956
206958
206959
206960
206962
206963
206965
206969
206973
206974
206975
206977
206978
206979
206980
206982
206984
206985
206988
206989
206990
206991
206994
206995
206996
206997
207000
207001
207003
207005
207007
207010
207011
207014
207015
207016
207019
207024
207025
207026
207027
207029
207031
207033
207034
207036
207037
207041
207044
207046
207048
207049
207050
207051
207056
207058
207059
207060
207063
207065
207068
207069
207070
207071
207073
207076
207077
207078
207079
207080
207081
207085
207088
207089
207090
207092
207093
207094
207095
207098
207099
207101
207102
207104
207105
207108
207109
207111
207112
207113
207114
207116
207119
207122
207125
207127
207128
207129
207130
207132
207137
207139
207141
207142
207143
207146
207148
207149
207153
207155
207157
207158
207163
207164
207166
207167
207168
207169
207170
207171
207172
207173
207174
207179
207181
207183
207186
207187
207189
207192
207193
207194
207196
207197
207203
207205
207207
207208
207210
207215
207216
207217
207218
207220
207223
207224
207226
207229
207230
207231
207232
207236
207239
207240
207244
207245
207246
207247
207250
207251
207253
207255
207256
207257
207260
207261
207262
207265
207269
207270
207272
207276
207277
207278
207279
207280
207281
207282
207283
207284
207287
207290
207291
207292
207293
207294
207297
207299
207301
207304
207309
207310
207313
207314
207320
207324
207326
207327
207328
207329
207330
207332
207334
207335
207336
207338
207339
207345
207346
207349
207350
207352
207353
207354
207357
207358
207362
207364
207367
207368
207369
207372
207375
207376
207379
207387
207388
207392
207393
207394
207397
207399
207400
207401
207402
207404
207406
207407
207410
207412
207414
207417
207420
207421
207422
207423
207425
207428
207430
207432
207433
207442
207443
207446
207450
207454
207456
207457
207462
207463
207466
207467
207469
207470
207474
207475
207476
207478
207480
207482
207485
207486
207488
207493
207495
207498
207500
207501
207503
207505
207507
207509
207510
207512
207513
207514
207515
207516
207517
207518
207519
207521
207522
207525
207527
207529
207532
207535
207537
207540
207541
207543
207546
207548
207551
207553
207556
207559
207560
207562
207564
207565
207566
207567
207571
207572
207580
207581
207582
207583
207586
207591
207593
207594
207595
207596
207600
207601
207602
207605
207607
207611
207612
207613
207614
207615
207619
207620
207621
207622
207623
207624
207625
207627
207628
207629
207631
207633
207634
207637
207639
207640
207643
207644
207645
207646
207647
207649
207651
207654
207660
207663
207669
207670
207671
207673
207676
207678
207679
207680
207682
207686
207689
207690
207694
207697
207699
207700
207702
207704
207705
207706
207708
207711
207712
207714
207715
207717
207718
207720
207723
207726
207729
207730
207732
207733
207735
207736
207737
207739
207743
207745
207746
207747
207748
207751
207755
207758
207759
207760
207766
207767
207770
207772
207774
207775
207776
207777
207779
207780
207782
207783
207786
207787
207792
207793
207794
207795
207797
207798
207799
207801
207802
207804
207805
207806
207807
207811
207812
207814
207815
207816
207817
207819
207821
207822
207823
207824
207828
207831
207834
207835
207840
207841
207842
207844
207845
207846
207849
207850
207851
207853
207854
207855
207856
207857
207858
207861
207862
207864
207865
207866
207867
207868
207870
207871
207872
207873
207874
207875
207878
207879
207880
207882
207883
207884
207889
207892
207893
207894
207895
207898
207900
207902
207905
207906
207908
207912
207914
207915
207917
207919
207924
207926
207927
207928
207929
207934
207936
207939
207940
207944
207945
207947
207948
207949
207950
207951
207953
207954
207955
207956
207958
207960
207961
207962
207963
207965
207967
207969
207970
207971
207972
207974
207978
207985
207986
207987
207988
207989
207993
207994
207995
207997
207998
207999
208000
208002
208003
208005
208008
208009
208010
208011
208014
208018
208019
208024
208025
208028
208029
208030
208033
208034
208036
208037
208043
208045
208046
208047
208050
208051
208052
208066
208068
208074
208077
208078
208079
208081
208083
208087
208088
208090
208091
208093
208094
208095
208100
208104
208105
208107
208108
208112
208113
208116
208119
208120
208121
208122
208124
208125
208127
208128
208129
208131
208133
208135
208138
208139
208140
208143
208144
208145
208146
208148
208151
208153
208156
208158
208163
208166
208168
208170
208173
208176
208179
208180
208181
208182
208183
208184
208185
208186
208189
208190
208191
208192
208193
208195
208200
208203
208204
208205
208211
208214
208216
208219
208220
208222
208227
208229
208230
208231
208232
208233
208234
208237
208238
208240
208241
208242
208243
208246
208247
208249
208253
208254
208260
208261
208266
208267
208272
208278
208279
208282
208284
208287
208288
208289
208290
208292
208293
208295
208296
208298
208300
208305
208307
208312
208313
208315
208316
208317
208318
208319
208320
208323
208324
208325
208327
208328
208332
208333
208335
208338
208342
208345
208347
208348
208350
208351
208352
208355
208356
208358
208359
208360
208365
208369
208370
208371
208373
208374
208375
208377
208378
208380
208381
208384
208385
208386
208387
208389
208390
208392
208393
208395
208399
208400
208401
208402
208407
208410
208412
208413
208415
208416
208417
208418
208421
208422
208423
208424
208426
208427
208433
208434
208439
208443
208445
208446
208447
208448
208450
208452
208457
208461
208462
208463
208465
208470
208471
208475
208477
208478
208481
208482
208483
208487
208488
208489
208490
208491
208494
208495
208497
208498
208500
208504
208507
208508
208510
208511
208512
208513
208514
208516
208517
208521
208522
208524
208527
208528
208531
208532
208534
208537
208543
208545
208546
208547
208548
208550
208552
208553
208555
208557
208558
208559
208560
208563
208565
208566
208567
208569
208570
208571
208572
208576
208577
208581
208582
208583
208585
208586
208587
208588
208591
208593
208595
208596
208597
208598
208599
208600
208601
208603
208604
208605
208606
208613
208614
208617
208618
208619
208620
208622
208623
208626
208627
208629
208630
208633
208634
208636
208637
208638
208639
208643
208644
208647
208651
208653
208654
208660
208661
208663
208664
208665
208666
208667
208669
208671
208672
208673
208676
208681
208682
208683
208684
208685
208686
208687
208688
208690
208691
208694
208697
208698
208700
208703
208705
208709
208710
208711
208712
208713
208714
208715
208716
208718
208719
208720
208721
208723
208724
208727
208728
208730
208731
208732
208734
208736
208738
208739
208741
208742
208743
208745
208746
208747
208748
208749
208750
208752
208758
208760
208761
208762
208763
208764
208768
208773
208774
208775
208776
208778
208779
208780
208782
208783
208784
208787
208789
208791
208792
208793
208794
208795
208796
208798
208800
208801
208804
208805
208806
208810
208817
208818
208820
208821
208822
208823
208825
208827
208829
208832
208834
208836
208838
208839
208843
208847
208851
208855
208856
208859
208860
208861
208862
208864
208865
208866
208872
208874
208875
208876
208877
208878
208880
208881
208883
208886
208889
208890
208893
208900
208901
208905
208907
208909
208910
208912
208913
208915
208918
208919
208920
208923
208924
208926
208927
208928
208929
208931
208933
208935
208938
208941
208942
208944
208946
208949
208951
208954
208955
208956
208961
208962
208963
208966
208969
208974
208977
208979
208980
208982
208984
208985
208988
208991
208993
208994
208996
208997
208998
209001
209003
209005
209008
209015
209016
209017
209018
209022
209023
209025
209027
209029
209035
209042
209043
209045
209047
209048
209049
209050
209051
209052
209053
209054
209055
209056
209057
209058
209059
209060
209063
209065
209067
209070
209074
209076
209077
209080
209081
209082
209085
209087
209088
209089
209090
209095
209096
209098
209103
209107
209114
209116
209118
209124
209125
209127
209128
209129
209132
209136
209141
209147
209148
209149
209150
209154
209156
209166
209171
209173
209174
209176
209181
209182
209184
209186
209188
209191
209192
209193
209194
209196
209198
209208
209209
209211
209212
209214
209215
209216
209219
209221
209222
209224
209227
209228
209229
209232
209233
209234
209235
209237
209239
209243
209244
209246
209247
209248
209249
209250
209253
209256
209258
209260
209262
209263
209264
209265
209268
209269
209273
209274
209278
209279
209280
209283
209284
209287
209288
209290
209291
209293
209295
209300
209301
209304
209305
209306
209307
209308
209310
209315
209316
209317
209320
209323
209330
209331
209333
209334
209335
209337
209338
209339
209340
209342
209344
209345
209346
209347
209351
209352
209354
209357
209358
209359
209362
209363
209365
209367
209368
209369
209370
209372
209373
209374
209375
209376
209377
209378
209381
209383
209384
209385
209386
209391
209393
209395
209396
209399
209400
209403
209404
209405
209408
209409
209410
209411
209413
209414
209415
209416
209418
209422
209424
209426
209427
209431
209432
209436
209439
209440
209441
209442
209446
209447
209449
209452
209455
209456
209457
209460
209461
209463
209464
209468
209470
209471
209472
209474
209475
209480
209483
209484
209487
209491
209494
209496
209504
209505
209507
209508
209509
209510
209513
209514
209515
209517
209518
209519
209520
209521
209524
209525
209528
209529
209530
209531
209533
209534
209537
209538
209539
209541
209546
209547
209548
209550
209551
209552
209554
209559
209561
209562
209565
209567
209569
209570
209573
209578
209579
209583
209584
209585
209586
209590
209591
209598
209599
209600
209601
209606
209608
209609
209612
209614
209616
209617
209618
209619
209620
209621
209624
209625
209627
209629
209632
209633
209634
209635
209636
209638
209639
209644
209650
209652
209654
209656
209657
209659
209660
209662
209663
209668
209673
209674
209675
209678
209679
209680
209681
209682
209683
209684
209685
209689
209691
209693
209694
209695
209699
209701
209705
209707
209710
209711
209712
209713
209714
209715
209722
209726
209731
209733
209736
209738
209740
209741
209742
209743
209744
209746
209747
209749
209752
209753
209754
209757
209758
209763
209764
209768
209769
209770
209771
209772
209774
209777
209779
209781
209783
209784
209785
209786
209788
209789
209790
209794
209798
209799
209800
209801
209802
209803
209804
209805
209806
209808
209809
209810
209811
209814
209815
209816
209820
209821
209822
209823
209824
209827
209831
209833
209836
209837
209838
209839
209840
209843
209844
209846
209849
209851
209852
209855
209856
209858
209859
209860
209861
209865
209866
209870
209874
209875
209876
209879
209883
209884
209886
209887
209888
209890
209891
209892
209893
209895
209898
209899
209902
209903
209905
209906
209907
209908
209909
209911
209913
209919
209920
209921
209923
209925
209926
209928
209929
209930
209932
209934
209935
209936
209938
209940
209941
209942
209948
209949
209951
209952
209953
209954
209956
209963
209964
209965
209966
209967
209968
209969
209970
209972
209973
209976
209978
209980
209982
209984
209985
209987
209989
209990
209991
209993
210004
210006
210008
210009
210010
210012
210014
210019
210020
210021
210025
210027
210029
210031
210033
210034
210037
210038
210041
210042
210047
210050
210051
210053
210056
210058
210062
210063
210065
210066
210068
210069
210071
210075
210078
210084
210085
210086
210087
210090
210091
210092
210094
210095
210098
210099
210102
210103
210104
210107
210108
210110
210111
210113
210114
210117
210118
210120
210122
210125
210126
210127
210129
210131
210135
210136
210137
210141
210143
210144
210146
210147
210148
210149
210152
210154
210156
210158
210159
210160
210162
210163
210164
210166
210167
210170
210172
210175
210176
210177
210179
210180
210185
210186
210187
210189
210190
210193
210194
210200
210202
210203
210204
210205
210207
210209
210210
210211
210214
210215
210216
210219
210220
210223
210225
210227
210228
210229
210231
210232
210234
210237
210238
210241
210242
210243
210244
210248
210250
210251
210252
210254
210255
210256
210257
210258
210260
210261
210264
210265
210268
210269
210270
210271
210274
210277
210281
210282
210283
210284
210285
210286
210287
210288
210292
210295
210296
210297
210298
210299
210300
210302
210306
210309
210313
210317
210319
210325
210326
210329
210336
210339
210343
210347
210348
210349
210350
210353
210355
210356
210358
210359
210363
210364
210365
210367
210368
210370
210372
210378
210379
210380
210381
210382
210386
210387
210388
210389
210390
210391
210392
210395
210398
210400
210401
210403
210404
210407
210408
210410
210411
210413
210415
210423
210424
210428
210430
210431
210432
210433
210435
210436
210440
210441
210442
210444
210446
210448
210450
210451
210453
210455
210457
210460
210461
210462
210463
210465
210467
210469
210470
210471
210474
210475
210476
210479
210481
210482
210483
210484
210487
210488
210490
210495
210496
210497
210500
210502
210506
210507
210509
210510
210512
210514
210517
210519
210520
210524
210525
210526
210527
210531
210533
210534
210536
210541
210542
210544
210545
210550
210555
210557
210558
210559
210560
210562
210563
210565
210566
210569
210570
210571
210572
210575
210577
210578
210580
210581
210582
210583
210584
210587
210594
210596
210597
210598
210600
210603
210605
210607
210608
210613
210615
210616
210619
210620
210621
210622
210623
210624
210625
210626
210627
210628
210631
210637
210638
210640
210641
210643
210645
210647
210648
210651
210652
210653
210654
210655
210657
210659
210663
210667
210674
210675
210679
210681
210682
210684
210685
210686
210688
210689
210690
210696
210697
210699
210701
210706
210707
210709
210711
210712
210716
210718
210719
210720
210721
210722
210724
210725
210734
210736
210737
210739
210742
210743
210748
210750
210751
210754
210755
210756
210757
210758
210759
210761
210764
210765
210766
210767
210768
210770
210771
210773
210778
210779
210781
210783
210785
210788
210789
210790
210792
210793
210797
210798
210799
210802
210804
210805
210808
210811
210814
210817
210818
210821
210822
210823
210826
210832
210836
210838
210840
210841
210842
210845
210847
210849
210850
210852
210853
210855
210857
210858
210859
210862
210864
210865
210866
210867
210868
210871
210875
210878
210879
210880
210881
210883
210884
210885
210886
210887
210888
210895
210896
210898
210901
210902
210903
210904
210905
210906
210907
210909
210910
210911
210912
210913
210914
210917
210918
210919
210920
210921
210922
210923
210929
210930
210931
210932
210933
210936
210937
210938
210945
210946
210954
210955
210956
210959
210961
210964
210969
210970
210971
210972
210973
210974
210977
210978
210980
210981
210984
210985
210986
210987
210988
210989
210991
210992
210995
211000
211003
211004
211007
211008
211009
211011
211012
211014
211015
211017
211020
211024
211027
211028
211030
211032
211036
211037
211041
211042
211043
211044
211045
211048
211049
211050
211051
211053
211054
211056
211057
211059
211060
211064
211067
211070
211071
211072
211075
211077
211079
211080
211081
211082
211083
211085
211087
211088
211089
211092
211093
211094
211096
211098
211102
211105
211106
211109
211110
211111
211112
211115
211116
211117
211118
211121
211124
211125
211126
211128
211130
211133
211135
211136
211137
211138
211139
211141
211142
211144
211147
211148
211149
211152
211153
211155
211158
211159
211164
211165
211166
211167
211168
211170
211171
211173
211174
211176
211177
211178
211183
211186
211187
211188
211189
211192
211196
211197
211198
211201
211202
211203
211204
211209
211210
211212
211214
211215
211218
211222
211224
211234
211236
211238
211241
211248
211251
211252
211253
211255
211257
211262
211263
211265
211267
211268
211271
211272
211274
211275
211276
211278
211279
211280
211284
211285
211287
211288
211291
211293
211295
211297
211302
211304
211305
211306
211307
211309
211310
211315
211318
211319
211320
211321
211323
211324
211325
211326
211327
211328
211332
211334
211336
211340
211345
211347
211350
211351
211352
211353
211355
211357
211358
211359
211363
211364
211367
211368
211369
211370
211371
211374
211375
211377
211378
211379
211380
211381
211384
211385
211390
211393
211394
211395
211396
211398
211399
211400
211402
211403
211406
211407
211408
211409
211410
211411
211412
211414
211416
211417
211418
211421
211422
211425
211426
211428
211430
211431
211433
211434
211435
211436
211437
211438
211439
211441
211443
211446
211448
211449
211453
211455
211456
211460
211461
211462
211463
211464
211467
211468
211469
211472
211475
211476
211477
211479
211480
211481
211482
211483
211484
211487
211488
211489
211493
211494
211497
211501
211502
211503
211504
211506
211509
211510
211511
211513
211514
211515
211517
211518
211521
211522
211523
211524
211527
211528
211529
211530
211533
211538
211539
211540
211541
211542
211549
211552
211553
211554
211564
211566
211567
211568
211571
211573
211574
211575
211579
211581
211582
211589
211590
211591
211592
211593
211594
211596
211598
211599
211601
211602
211603
211606
211607
211611
211613
211614
211615
211616
211617
211618
211619
211620
211621
211623
211625
211627
211628
211629
211630
211631
211636
211638
211641
211642
211643
211645
211650
211651
211653
211654
211658
211659
211660
211662
211667
211669
211686
211691
211692
211693
211694
211697
211703
211710
211713
211716
211718
211720
211725
211727
211729
211730
211733
211742
211744
211746
211748
211750
211751
211752
211753
211754
211759
211760
211761
211765
211766
211767
211768
211769
211772
211773
211777
211779
211780
211782
211783
211785
211787
211788
211789
211792
211794
211796
211799
211801
211804
211805
211807
211809
211810
211812
211815
211816
211819
211822
211825
211827
211828
211832
211833
211834
211842
211844
211846
211847
211848
211851
211852
211853
211854
211856
211859
211863
211865
211870
211874
211876
211879
211881
211882
211884
211888
211889
211890
211891
211894
211895
211899
211900
211904
211906
211907
211908
211910
211915
211919
211921
211922
211923
211924
211927
211928
211933
211934
211936
211937
211940
211941
211942
211945
211946
211948
211953
211956
211957
211959
211960
211961
211962
211963
211964
211966
211968
211969
211971
211975
211978
211982
211983
211984
211986
211987
211988
211989
211994
211995
211998
211999
212000
212001
212002
212011
212017
212018
212019
212022
212026
212027
212029
212031
212033
212034
212037
212038
212041
212042
212044
212045
212047
212051
212052
212053
212055
212056
212059
212060
212061
212064
212066
212067
212068
212072
212073
212075
212076
212077
212078
212079
212083
212084
212085
212088
212089
212090
212091
212093
212094
212097
212101
212103
212104
212105
212106
212107
212113
212114
212116
212118
212121
212123
212124
212126
212128
212130
212131
212135
212138
212139
212140
212145
212146
212148
212149
212150
212154
212155
212158
212159
212163
212167
212168
212171
212172
212173
212174
212175
212176
212177
212180
212181
212182
212184
212187
212188
212190
212192
212193
212198
212199
212202
212203
212204
212211
212215
212216
212217
212222
212223
212226
212227
212230
212236
212237
212238
212239
212242
212243
212245
212246
212249
212251
212252
212253
212260
212261
212263
212265
212266
212268
212269
212270
212271
212275
212277
212278
212281
212282
212284
212286
212287
212288
212291
212292
212294
212295
212296
212297
212298
212299
212302
212303
212304
212307
212309
212310
212313
212321
212323
212329
212331
212333
212334
212336
212339
212342
212343
212346
212348
212349
212350
212352
212353
212358
212360
212361
212362
212364
212365
212366
212372
212373
212375
212376
212380
212381
212382
212384
212385
212387
212389
212390
212393
212395
212398
212399
212401
212402
212403
212404
212405
212406
212407
212408
212409
212411
212415
212416
212417
212418
212420
212422
212425
212426
212427
212428
212430
212431
212432
212434
212435
212436
212438
212439
212440
212442
212443
212445
212447
212449
212451
212452
212454
212458
212460
212463
212465
212471
212475
212481
212482
212483
212484
212487
212489
212490
212491
212492
212493
212501
212503
212506
212509
212510
212512
212513
212514
212517
212518
212519
212520
212523
212524
212525
212526
212527
212529
212531
212532
212533
212534
212535
212536
212538
212539
212541
212542
212543
212544
212545
212549
212552
212555
212556
212557
212561
212562
212565
212566
212567
212568
212573
212574
212575
212577
212579
212580
212581
212583
212585
212587
212588
212589
212591
212593
212597
212600
212601
212602
212605
212608
212610
212614
212619
212622
212624
212625
212627
212629
212631
212632
212637
212638
212642
212643
212645
212646
212647
212648
212650
212655
212656
212662
212663
212665
212667
212671
212672
212673
212676
212677
212678
212679
212681
212682
212683
212686
212687
212689
212690
212691
212694
212696
212698
212700
212701
212704
212705
212706
212707
212708
212709
212710
212712
212714
212716
212721
212723
212724
212725
212727
212729
212732
212734
212735
212736
212737
212739
212740
212741
212742
212744
212746
212747
212749
212752
212753
212754
212756
212757
212759
212760
212764
212766
212768
212769
212771
212774
212777
212778
212779
212780
212784
212787
212788
212790
212792
212794
212795
212801
212803
212804
212805
212807
212808
212809
212810
212814
212815
212816
212817
212819
212821
212823
212825
212826
212829
212830
212832
212833
212836
212837
212838
212839
212842
212843
212852
212854
212856
212858
212860
212862
212863
212864
212865
212866
212867
212869
212873
212874
212875
212878
212879
212880
212881
212882
212885
212887
212888
212889
212891
212892
212895
212897
212899
212900
212901
212902
212903
212906
212907
212909
212911
212915
212916
212920
212922
212923
212924
212925
212929
212930
212933
212936
212937
212938
212940
212942
212945
212948
212950
212951
212954
212956
212959
212962
212963
212965
212967
212969
212970
212971
212975
212976
212977
212978
212981
212982
212983
212984
212986
212989
212990
212991
212992
212993
212995
212996
212999
213000
213002
213004
213007
213009
213010
213011
213012
213015
213017
213018
213021
213023
213024
213028
213029
213032
213033
213034
213037
213040
213042
213044
213045
213046
213047
213048
213050
213051
213052
213055
213056
213058
213061
213063
213065
213066
213068
213069
213070
213071
213072
213073
213077
213078
213081
213084
213085
213086
213089
213090
213093
213097
213098
213099
213100
213101
213102
213105
213106
213109
213110
213111
213117
213119
213122
213124
213126
213127
213129
213130
213131
213132
213133
213134
213135
213139
213141
213145
213146
213147
213148
213149
213150
213153
213158
213159
213160
213161
213163
213170
213172
213183
213184
213188
213190
213191
213192
213193
213194
213199
213200
213201
213204
213205
213208
213210
213213
213215
213219
213224
213227
213228
213229
213231
213232
213233
213235
213237
213240
213241
213242
213243
213244
213247
213249
213252
213255
213258
213260
213264
213265
213266
213268
213270
213273
213279
213280
213285
213286
213288
213291
213292
213294
213297
213302
213303
213304
213307
213311
213312
213313
213317
213319
213320
213321
213322
213323
213326
213335
213336
213337
213342
213345
213346
213347
213348
213352
213354
213357
213358
213360
213361
213363
213364
213365
213366
213369
213370
213372
213373
213375
213378
213382
213386
213387
213388
213390
213391
213393
213395
213396
213397
213400
213402
213403
213404
213406
213407
213409
213411
213412
213416
213417
213418
213419
213420
213422
213423
213424
213425
213430
213432
213434
213440
213442
213443
213444
213445
213447
213449
213451
213452
213453
213455
213456
213458
213459
213461
213464
213466
213468
213469
213470
213472
213473
213474
213475
213477
213481
213482
213483
213485
213486
213487
213488
213489
213490
213492
213493
213497
213498
213499
213500
213501
213504
213505
213507
213508
213509
213514
213515
213518
213520
213521
213522
213523
213526
213527
213528
213529
213530
213531
213533
213534
213535
213537
213539
213541
213543
213545
213547
213549
213550
213553
213555
213557
213561
213562
213565
213566
213568
213569
213572
213575
213577
213579
213580
213583
213584
213589
213591
213592
213595
213598
213599
213600
213602
213604
213605
213606
213608
213610
213611
213614
213615
213617
213618
213619
213620
213622
213624
213625
213627
213629
213632
213638
213639
213641
213643
213644
213645
213647
213650
213651
213652
213654
213657
213661
213668
213671
213672
213675
213676
213677
213678
213680
213682
213683
213686
213688
213689
213692
213693
213699
213700
213701
213702
213703
213705
213706
213707
213708
213710
213716
213718
213721
213722
213725
213726
213727
213728
213731
213736
213737
213738
213739
213740
213742
213744
213751
213753
213754
213760
213761
213764
213765
213767
213775
213779
213780
213785
213787
213788
213789
213790
213794
213795
213796
213797
213798
213799
213802
213804
213805
213812
213814
213815
213816
213818
213821
213823
213824
213826
213827
213830
213831
213833
213834
213835
213836
213838
213840
213842
213844
213846
213850
213853
213855
213856
213859
213860
213861
213862
213865
213868
213870
213876
213877
213878
213882
213885
213886
213887
213888
213890
213891
213895
213897
213898
213899
213900
213901
213902
213903
213904
213905
213907
213908
213909
213911
213912
213914
213918
213920
213921
213923
213924
213925
213926
213928
213932
213933
213934
213935
213938
213939
213940
213941
213943
213946
213948
213952
213953
213954
213960
213961
213968
213970
213971
213974
213975
213981
213982
213983
213984
213986
213987
213988
213989
213990
213992
213993
213994
213997
214000
214001
214002
214004
214005
214007
214009
214013
214016
214017
214018
214019
214020
214022
214023
214025
214027
214028
214030
214031
214032
214033
214037
214038
214039
214040
214042
214043
214045
214047
214048
214049
214055
214056
214058
214060
214062
214064
214065
214067
214068
214072
214073
214075
214076
214077
214078
214080
214082
214089
214090
214092
214094
214095
214096
214100
214101
214102
214104
214106
214107
214108
214111
214112
214113
214114
214115
214118
214119
214120
214126
214127
214130
214132
214133
214134
214138
214139
214140
214141
214147
214148
214150
214152
214160
214163
214167
214169
214170
214171
214173
214175
214177
214178
214179
214180
214181
214182
214184
214186
214189
214190
214192
214193
214197
214199
214201
214202
214204
214206
214208
214209
214210
214211
214212
214213
214217
214218
214219
214220
214223
214224
214226
214227
214229
214230
214232
214234
214235
214236
214237
214238
214241
214245
214246
214248
214249
214250
214252
214254
214255
214257
214259
214261
214262
214263
214266
214273
214274
214279
214283
214285
214289
214294
214296
214302
214308
214310
214311
214312
214313
214315
214318
214322
214323
214324
214325
214328
214331
214332
214335
214336
214347
214348
214352
214353
214354
214355
214356
214358
214359
214360
214364
214365
214366
214368
214370
214373
214374
214376
214377
214381
214382
214383
214386
214387
214388
214390
214395
214396
214398
214399
214402
214406
214407
214408
214409
214410
214413
214415
214416
214419
214420
214422
214425
214426
214427
214428
214430
214432
214435
214436
214439
214440
214444
214450
214451
214452
214454
214455
214457
214461
214464
214466
214471
214474
214475
214476
214477
214479
214480
214481
214482
214485
214486
214487
214488
214489
214491
214492
214498
214499
214500
214501
214502
214504
214506
214508
214509
214510
214511
214515
214518
214521
214522
214524
214525
214530
214533
214534
214535
214539
214540
214541
214544
214551
214553
214554
214555
214557
214558
214560
214562
214563
214564
214565
214566
214569
214571
214575
214576
214577
214580
214581
214583
214584
214586
214588
214589
214590
214591
214592
214593
214594
214595
214596
214603
214607
214608
214609
214614
214615
214617
214620
214621
214624
214626
214627
214631
214632
214633
214634
214636
214637
214641
214642
214643
214646
214648
214650
214652
214654
214657
214658
214659
214660
214661
214662
214663
214664
214667
214668
214669
214670
214672
214673
214675
214677
214678
214679
214680
214681
214682
214684
214688
214695
214698
214699
214700
214702
214706
214707
214708
214709
214710
214711
214713
214715
214717
214718
214723
214727
214728
214729
214731
214732
214733
214735
214737
214739
214740
214745
214746
214747
214749
214756
214757
214758
214760
214763
214764
214765
214767
214769
214774
214775
214776
214780
214781
214784
214785
214787
214789
214790
214795
214797
214799
214801
214802
214803
214804
214805
214808
214809
214810
214811
214812
214816
214817
214818
214821
214822
214823
214825
214827
214830
214831
214832
214833
214837
214838
214839
214840
214842
214846
214848
214851
214852
214854
214855
214857
214858
214859
214861
214862
214864
214870
214872
214875
214881
214882
214884
214887
214889
214890
214892
214894
214895
214898
214900
214904
214907
214910
214911
214915
214918
214919
214921
214925
214933
214936
214938
214940
214944
214946
214947
214948
214950
214952
214955
214960
214962
214965
214966
214967
214969
214973
214975
214976
214977
214981
214983
214985
214986
214987
214988
214989
214990
214992
214994
214996
214998
214999
215001
215003
215004
215005
215006
215008
215009
215012
215014
215016
215017
215018
215023
215027
215028
215029
215031
215033
215037
215039
215041
215043
215044
215050
215054
215055
215060
215062
215064
215067
215071
215072
215075
215076
215077
215078
215081
215083
215085
215088
215090
215091
215093
215094
215100
215101
215102
215103
215110
215112
215113
215114
215116
215117
215120
215121
215123
215125
215127
215128
215129
215130
215132
215134
215136
215137
215138
215139
215141
215149
215150
215151
215152
215153
215154
215155
215156
215157
215159
215160
215161
215162
215163
215164
215165
215166
215167
215175
215178
215180
215182
215184
215187
215191
215192
215194
215198
215199
215200
215201
215203
215205
215206
215207
215209
215210
215211
215221
215222
215223
215226
215227
215236
215237
215241
215245
215246
215247
215248
215250
215254
215255
215256
215258
215260
215261
215263
215266
215270
215272
215275
215276
215278
215286
215289
215293
215295
215298
215302
215304
215305
215307
215308
215310
215311
215313
215314
215316
215318
215323
215325
215326
215328
215330
215331
215332
215334
215335
215336
215337
215340
215343
215345
215347
215349
215350
215351
215352
215353
215355
215356
215358
215359
215360
215362
215364
215365
215366
215368
215370
215372
215373
215374
215375
215376
215380
215382
215385
215389
215390
215391
215395
215397
215398
215399
215400
215401
215404
215405
215408
215409
215410
215413
215414
215423
215424
215429
215432
215433
215434
215435
215437
215439
215440
215441
215443
215445
215446
215447
215448
215456
215457
215458
215460
215462
215466
215467
215468
215474
215475
215478
215483
215485
215487
215490
215495
215503
215504
215506
215507
215508
215510
215512
215513
215515
215517
215518
215519
215520
215521
215526
215528
215529
215531
215533
215535
215536
215538
215541
215542
215543
215544
215546
215547
215548
215549
215550
215553
215554
215555
215556
215557
215558
215559
215563
215564
215565
215568
215575
215579
215580
215581
215582
215583
215586
215587
215589
215592
215593
215594
215595
215598
215601
215602
215604
215605
215612
215614
215615
215616
215617
215618
215620
215621
215622
215624
215625
215628
215629
215630
215631
215634
215635
215642
215644
215648
215649
215653
215654
215655
215656
215659
215660
215661
215663
215665
215666
215667
215671
215674
215675
215676
215677
215678
215682
215684
215685
215688
215689
215690
215695
215696
215699
215700
215701
215707
215713
215716
215718
215720
215724
215726
215727
215729
215733
215735
215736
215737
215741
215746
215747
215748
215749
215754
215756
215758
215759
215764
215765
215767
215769
215770
215772
215778
215780
215781
215782
215787
215789
215790
215791
215794
215795
215797
215798
215799
215800
215801
215802
215804
215805
215808
215809
215810
215817
215818
215820
215821
215822
215826
215828
215832
215833
215834
215838
215840
215841
215845
215847
215850
215854
215855
215856
215861
215863
215864
215865
215866
215868
215870
215872
215875
215876
215877
215881
215883
215885
215893
215894
215897
215900
215901
215902
215903
215904
215906
215909
215914
215916
215917
215920
215927
215931
215932
215934
215935
215940
215941
215944
215947
215952
215953
215954
215955
215957
215958
215961
215966
215969
215970
215971
215974
215975
215976
215977
215980
215981
215982
215983
215984
215986
215988
215992
215993
215997
215998
216000
216001
216002
216003
216005
216006
216007
216008
216009
216011
216019
216020
216022
216023
216024
216028
216033
216034
216035
216036
216037
216038
216042
216043
216044
216045
216047
216050
216051
216052
216053
216054
216055
216056
216060
216061
216062
216065
216066
216068
216069
216070
216072
216073
216076
216078
216079
216081
216082
216084
216086
216088
216090
216091
216092
216093
216094
216100
216101
216102
216103
216104
216107
216108
216109
216111
216113
216114
216116
216120
216123
216128
216129
216130
216134
216135
216137
216138
216139
216140
216142
216143
216144
216145
216146
216148
216149
216150
216151
216152
216154
216159
216161
216163
216164
216165
216166
216168
216173
216175
216176
216177
216178
216181
216182
216184
216185
216186
216187
216188
216190
216191
216195
216197
216200
216202
216203
216204
216208
216209
216210
216212
216213
216216
216218
216220
216221
216222
216223
216226
216227
216228
216229
216234
216235
216236
216238
216239
216241
216242
216243
216246
216247
216253
216256
216258
216263
216266
216269
216275
216276
216277
216280
216282
216283
216288
216289
216290
216294
216299
216306
216310
216312
216315
216318
216323
216324
216325
216326
216329
216330
216336
216340
216342
216343
216344
216345
216347
216349
216350
216353
216357
216361
216363
216364
216366
216367
216370
216372
216376
216377
216384
216385
216387
216393
216394
216397
216398
216402
216404
216406
216407
216408
216409
216412
216413
216416
216417
216418
216421
216422
216423
216424
216425
216427
216428
216429
216430
216432
216436
216437
216438
216439
216445
216448
216449
216450
216459
216460
216464
216465
216467
216469
216471
216473
216474
216478
216479
216480
216481
216485
216487
216493
216496
216499
216500
216502
216503
216504
216506
216507
216509
216510
216511
216514
216516
216518
216520
216523
216526
216528
216529
216530
216534
216536
216538
216539
216540
216541
216542
216543
216545
216546
216548
216549
216553
216554
216555
216556
216558
216559
216560
216565
216566
216568
216572
216573
216577
216581
216583
216584
216587
216588
216589
216592
216594
216597
216599
216600
216602
216604
216605
216608
216610
216611
216615
216616
216617
216619
216624
216625
216626
216627
216628
216629
216630
216631
216632
216634
216635
216637
216638
216640
216641
216642
216646
216650
216651
216652
216655
216656
216660
216662
216665
216668
216670
216671
216677
216678
216679
216681
216684
216685
216686
216687
216688
216690
216692
216694
216695
216697
216700
216701
216702
216703
216711
216714
216716
216717
216719
216720
216721
216724
216726
216727
216728
216729
216730
216733
216736
216738
216739
216741
216742
216745
216746
216748
216749
216750
216752
216757
216758
216759
216760
216762
216767
216771
216774
216775
216779
216781
216782
216784
216787
216788
216790
216795
216797
216800
216801
216805
216806
216813
216815
216816
216817
216819
216820
216821
216824
216835
216836
216838
216841
216844
216848
216849
216850
216852
216854
216855
216858
216859
216865
216866
216870
216875
216876
216877
216878
216881
216884
216886
216888
216892
216893
216894
216896
216897
216898
216899
216901
216902
216903
216907
216911
216912
216916
216919
216921
216922
216923
216925
216926
216928
216933
216934
216936
216938
216939
216945
216946
216947
216949
216950
216952
216953
216955
216957
216958
216960
216961
216962
216963
216971
216975
216976
216979
216983
216985
216986
216988
216989
216991
216998
216999
217001
217002
217003
217007
217011
217013
217016
217018
217019
217020
217021
217024
217026
217027
217029
217030
217031
217033
217039
217040
217043
217046
217048
217049
217051
217053
217057
217060
217061
217062
217063
217064
217065
217067
217068
217069
217074
217075
217076
217080
217081
217082
217083
217084
217085
217087
217088
217089
217091
217092
217094
217097
217100
217101
217104
217105
217109
217110
217111
217113
217115
217116
217119
217121
217123
217125
217126
217127
217129
217133
217136
217137
217138
217139
217142
217143
217144
217145
217146
217151
217156
217157
217159
217161
217162
217165
217168
217169
217170
217172
217173
217174
217176
217178
217179
217183
217187
217189
217192
217194
217195
217198
217201
217204
217210
217214
217217
217219
217220
217221
217222
217225
217226
217227
217229
217231
217232
217233
217238
217241
217242
217243
217244
217246
217249
217251
217252
217257
217261
217262
217264
217265
217266
217268
217269
217270
217272
217274
217275
217276
217277
217279
217280
217282
217283
217285
217286
217287
217288
217291
217294
217295
217296
217298
217299
217301
217302
217304
217306
217307
217308
217309
217310
217311
217312
217313
217314
217315
217316
217320
217322
217324
217325
217326
217328
217329
217330
217333
217335
217338
217340
217341
217345
217347
217348
217349
217350
217351
217352
217353
217354
217356
217357
217360
217362
217364
217369
217370
217371
217375
217376
217377
217379
217383
217385
217386
217387
217388
217390
217391
217396
217398
217399
217401
217405
217410
217411
217415
217417
217420
217421
217422
217424
217427
217428
217429
217430
217432
217433
217434
217435
217437
217440
217441
217442
217443
217444
217445
217450
217451
217452
217454
217456
217458
217459
217460
217462
217463
217464
217465
217469
217470
217471
217473
217474
217475
217476
217477
217478
217479
217481
217486
217487
217490
217494
217495
217500
217501
217504
217506
217507
217508
217510
217512
217513
217514
217518
217519
217520
217521
217523
217525
217526
217527
217532
217533
217537
217540
217541
217544
217545
217546
217547
217548
217549
217551
217552
217557
217558
217559
217563
217565
217567
217570
217571
217574
217575
217577
217578
217579
217583
217584
217586
217590
217591
217592
217597
217598
217599
217603
217605
217606
217607
217609
217611
217615
217617
217618
217619
217620
217623
217625
217626
217627
217629
217630
217631
217636
217640
217644
217646
217648
217654
217656
217657
217660
217662
217667
217669
217670
217672
217675
217676
217677
217678
217687
217688
217693
217696
217698
217700
217701
217702
217707
217708
217711
217712
217713
217716
217718
217719
217720
217722
217723
217727
217728
217731
217732
217733
217734
217735
217736
217738
217739
217742
217745
217747
217751
217758
217759
217762
217763
217765
217767
217768
217769
217770
217772
217778
217779
217783
217784
217785
217786
217787
217788
217789
217793
217794
217797
217802
217803
217805
217806
217809
217814
217818
217821
217824
217826
217828
217832
217835
217836
217838
217840
217842
217843
217845
217846
217847
217848
217850
217852
217853
217856
217859
217862
217863
217864
217865
217866
217867
217868
217869
217871
217872
217873
217878
217880
217881
217882
217883
217884
217885
217887
217889
217891
217893
217894
217895
217898
217899
217900
217901
217902
217904
217905
217909
217910
217911
217913
217915
217918
217922
217923
217924
217927
217930
217932
217934
217936
217937
217938
217939
217942
217943
217944
217945
217946
217947
217950
217951
217952
217954
217955
217956
217959
217960
217961
217962
217963
217964
217965
217967
217970
217972
217975
217980
217981
217982
217985
217989
217990
217992
217993
217996
217997
217998
217999
218000
218001
218004
218005
218009
218010
218013
218014
218015
218016
218018
218019
218021
218022
218023
218025
218026
218028
218032
218036
218038
218039
218043
218044
218046
218050
218052
218054
218055
218056
218058
218061
218063
218066
218067
218068
218073
218079
218081
218083
218084
218087
218089
218090
218092
218093
218094
218095
218096
218098
218099
218100
218103
218105
218106
218109
218110
218115
218116
218117
218118
218122
218131
218132
218133
218136
218137
218139
218140
218142
218145
218147
218148
218150
218152
218153
218154
218155
218156
218158
218159
218164
218165
218168
218169
218171
218173
218174
218175
218178
218183
218185
218189
218191
218195
218197
218198
218199
218200
218202
218203
218204
218205
218206
218207
218208
218209
218210
218212
218214
218216
218217
218218
218220
218221
218222
218228
218229
218235
218236
218238
218239
218240
218241
218243
218246
218250
218252
218255
218259
218261
218262
218263
218264
218265
218267
218268
218269
218271
218272
218273
218274
218275
218281
218282
218283
218284
218285
218288
218291
218293
218294
218295
218296
218299
218300
218301
218302
218303
218306
218308
218309
218310
218311
218313
218314
218319
218320
218323
218328
218329
218330
218334
218337
218338
218339
218341
218343
218344
218349
218352
218354
218355
218359
218360
218363
218368
218370
218371
218372
218374
218375
218377
218378
218380
218382
218383
218384
218385
218386
218387
218389
218390
218391
218392
218397
218398
218400
218401
218405
218408
218409
218410
218411
218415
218416
218418
218419
218424
218426
218427
218428
218429
218433
218434
218435
218440
218441
218447
218448
218449
218452
218455
218460
218462
218465
218467
218468
218469
218472
218482
218483
218485
218486
218490
218494
218495
218498
218499
218503
218504
218505
218506
218507
218508
218509
218510
218515
218517
218518
218521
218525
218526
218530
218531
218533
218535
218537
218540
218544
218545
218546
218551
218555
218556
218559
218560
218562
218566
218568
218569
218573
218574
218575
218577
218580
218581
218582
218584
218587
218591
218593
218594
218595
218598
218599
218600
218603
218604
218605
218606
218608
218612
218613
218614
218615
218616
218619
218624
218625
218626
218627
218628
218630
218633
218634
218637
218644
218646
218648
218652
218653
218656
218657
218658
218659
218661
218664
218665
218670
218673
218675
218679
218680
218681
218682
218683
218684
218685
218687
218692
218694
218695
218696
218700
218702
218707
218708
218709
218710
218711
218715
218722
218725
218730
218732
218734
218738
218739
218743
218744
218749
218750
218751
218752
218753
218754
218756
218758
218764
218765
218766
218767
218769
218770
218771
218772
218773
218774
218775
218778
218779
218781
218782
218783
218784
218787
218790
218792
218793
218794
218795
218796
218801
218802
218804
218806
218807
218809
218811
218812
218813
218815
218818
218827
218828
218829
218831
218832
218833
218836
218837
218839
218841
218842
218843
218844
218846
218847
218848
218849
218850
218851
218852
218855
218857
218860
218862
218865
218866
218868
218870
218873
218874
218876
218878
218882
218883
218887
218888
218893
218895
218897
218898
218899
218900
218901
218902
218906
218907
218908
218913
218915
218916
218917
218918
218919
218920
218922
218926
218927
218928
218929
218931
218936
218937
218939
218948
218951
218952
218955
218956
218957
218958
218961
218963
218966
218967
218968
218969
218970
218973
218976
218977
218978
218979
218980
218984
218985
218986
218988
218991
218992
218993
218995
218997
218998
219001
219007
219008
219010
219011
219015
219017
219020
219021
219024
219027
219030
219032
219033
219036
219039
219040
219041
219043
219044
219045
219049
219050
219054
219062
219067
219068
219070
219072
219073
219079
219084
219085
219087
219088
219091
219092
219093
219094
219095
219097
219100
219103
219106
219109
219113
219114
219115
219116
219118
219122
219125
219129
219130
219132
219133
219134
219135
219136
219138
219142
219143
219144
219150
219151
219152
219159
219161
219162
219163
219169
219170
219173
219178
219179
219181
219184
219186
219191
219192
219194
219197
219198
219201
219204
219206
219207
219208
219215
219217
219218
219220
219222
219223
219224
219226
219228
219229
219230
219231
219235
219240
219245
219246
219247
219249
219250
219251
219253
219254
219255
219257
219260
219262
219263
219269
219271
219272
219275
219277
219280
219281
219282
219284
219285
219286
219287
219292
219293
219294
219295
219296
219298
219302
219309
219310
219311
219312
219314
219316
219317
219318
219321
219325
219329
219331
219332
219334
219335
219337
219338
219340
219341
219342
219343
219349
219351
219354
219355
219356
219357
219365
219368
219369
219370
219372
219375
219376
219380
219384
219386
219388
219391
219392
219399
219411
219412
219413
219416
219419
219420
219423
219424
219430
219437
219438
219439
219441
219442
219444
219446
219448
219450
219451
219453
219455
219456
219458
219460
219463
219465
219468
219469
219470
219473
219474
219477
219479
219480
219483
219486
219487
219491
219492
219493
219498
219499
219500
219501
219503
219505
219508
219509
219510
219511
219512
219514
219516
219517
219522
219523
219528
219533
219536
219537
219541
219542
219545
219546
219547
219549
219550
219551
219553
219554
219556
219559
219561
219564
219565
219566
219567
219570
219571
219575
219578
219579
219581
219582
219584
219585
219591
219594
219596
219598
219599
219606
219607
219609
219612
219615
219618
219620
219621
219622
219627
219628
219630
219633
219635
219638
219639
219641
219642
219644
219645
219646
219649
219656
219663
219664
219665
219669
219671
219672
219674
219676
219677
219678
219680
219681
219683
219686
219687
219689
219698
219699
219701
219702
219704
219705
219706
219710
219711
219715
219718
219720
219721
219722
219724
219725
219728
219729
219730
219731
219734
219738
219740
219741
219742
219743
219744
219745
219747
219748
219750
219751
219752
219753
219756
219762
219763
219765
219770
219773
219776
219778
219779
219785
219788
219789
219791
219794
219795
219796
219797
219799
219800
219802
219804
219806
219809
219811
219812
219813
219814
219815
219816
219820
219821
219823
219827
219829
219830
219831
219832
219833
219834
219835
219836
219839
219840
219845
219850
219852
219857
219858
219863
219865
219867
219869
219870
219874
219876
219878
219879
219880
219881
219887
219888
219890
219892
219893
219894
219898
219899
219904
219908
219909
219910
219911
219912
219915
219919
219922
219923
219925
219926
219929
219930
219932
219934
219936
219937
219939
219944
219946
219948
219949
219951
219952
219953
219954
219955
219957
219959
219960
219961
219962
219964
219968
219970
219976
219978
219981
219984
219985
219986
219987
219988
219989
219990
219993
219994
219996
219997
220002
220003
220005
220008
220009
220011
220012
220014
220015
220018
220019
220020
220021
220022
220025
220031
220035
220036
220037
220038
220040
220042
220043
220044
220046
220047
220048
220053
220054
220055
220057
220059
220060
220066
220068
220069
220070
220071
220073
220074
220079
220080
220083
220084
220086
220089
220090
220092
220093
220095
220096
220102
220103
220104
220109
220110
220111
220113
220116
220117
220121
220124
220127
220131
220133
220134
220135
220138
220139
220142
220143
220145
220150
220151
220152
220154
220157
220159
220160
220162
220164
220165
220168
220169
220173
220174
220177
220178
220180
220182
220183
220185
220186
220188
220194
220195
220199
220200
220201
220202
220206
220207
220208
220210
220212
220215
220217
220218
220219
220223
220226
220229
220230
220231
220233
220234
220236
220237
220238
220239
220243
220244
220246
220247
220249
220251
220252
220253
220256
220259
220262
220263
220267
220268
220269
220270
220272
220274
220276
220277
220278
220279
220280
220287
220288
220290
220291
220293
220295
220296
220297
220298
220301
220304
220305
220306
220307
220309
220310
220311
220312
220313
220318
220319
220320
220323
220324
220328
220329
220330
220331
220336
220338
220339
220340
220344
220345
220346
220347
220348
220349
220350
220355
220358
220361
220362
220363
220364
220366
220367
220370
220371
220372
220374
220375
220376
220377
220380
220382
220384
220385
220387
220390
220392
220394
220398
220399
220402
220405
220407
220408
220409
220410
220412
220413
220415
220419
220420
220422
220425
220428
220429
220430
220431
220434
220437
220438
220439
220440
220443
220446
220448
220450
220451
220455
220457
220459
220460
220462
220464
220465
220466
220467
220468
220469
220470
220471
220472
220473
220474
220476
220478
220484
220488
220491
220492
220495
220497
220499
220502
220505
220507
220510
220511
220512
220513
220518
220520
220521
220523
220524
220527
220528
220531
220536
220538
220540
220541
220542
220547
220548
220550
220553
220555
220556
220557
220558
220559
220561
220563
220566
220567
220568
220570
220574
220576
220577
220578
220583
220584
220587
220589
220590
220591
220592
220593
220595
220597
220601
220603
220605
220608
220610
220612
220614
220617
220619
220621
220627
220635
220638
220640
220642
220643
220645
220649
220650
220651
220653
220654
220655
220657
220658
220661
220662
220663
220666
220669
220675
220676
220677
220682
220684
220685
220686
220689
220690
220693
220694
220695
220698
220699
220702
220704
220705
220708
220709
220713
220714
220716
220717
220719
220725
220726
220728
220729
220730
220731
220732
220733
220734
220737
220738
220740
220745
220747
220752
220754
220755
220761
220762
220763
220765
220768
220769
220770
220772
220774
220775
220776
220777
220778
220779
220780
220781
220782
220783
220785
220792
220794
220795
220796
220797
220798
220801
220803
220805
220807
220808
220812
220814
220815
220816
220817
220818
220820
220821
220822
220823
220825
220827
220830
220832
220835
220836
220837
220838
220839
220842
220843
220844
220845
220846
220847
220849
220850
220852
220855
220856
220857
220859
220860
220861
220862
220863
220866
220867
220868
220869
220871
220874
220875
220878
220882
220883
220884
220888
220889
220893
220897
220898
220899
220903
220905
220906
220907
220908
220909
220911
220912
220914
220918
220919
220921
220924
220926
220929
220932
220933
220935
220937
220939
220941
220942
220943
220944
220947
220948
220949
220952
220953
220954
220955
220957
220959
220961
220962
220964
220965
220966
220969
220971
220976
220978
220981
220982
220987
220988
220989
220991
220994
220995
220996
220998
221002
221004
221005
221006
221007
221009
221012
221014
221017
221018
221020
221021
221022
221023
221025
221028
221031
221033
221035
221036
221038
221039
221041
221042
221048
221050
221052
221055
221056
221057
221060
221061
221062
221064
221068
221069
221072
221074
221075
221077
221078
221079
221080
221081
221083
221084
221090
221091
221096
221099
221100
221102
221103
221106
221109
221110
221111
221113
221116
221118
221119
221121
221122
221125
221129
221130
221131
221135
221140
221141
221142
221146
221153
221156
221157
221158
221160
221166
221167
221169
221170
221171
221173
221180
221183
221184
221185
221186
221187
221188
221189
221190
221193
221195
221196
221197
221198
221202
221205
221206
221207
221208
221209
221214
221216
221217
221220
221222
221223
221224
221225
221229
221230
221232
221233
221234
221238
221239
221244
221247
221249
221250
221251
221254
221255
221257
221259
221260
221266
221270
221271
221273
221274
221275
221279
221281
221282
221286
221289
221290
221291
221292
221299
221301
221304
221305
221308
221311
221312
221313
221314
221315
221316
221320
221321
221323
221324
221325
221326
221327
221328
221329
221330
221332
221333
221336
221341
221342
221346
221348
221349
221351
221353
221355
221358
221361
221365
221367
221368
221370
221371
221373
221374
221375
221376
221379
221381
221383
221384
221386
221387
221389
221390
221393
221394
221395
221396
221397
221405
221406
221407
221408
221409
221412
221413
221414
221415
221417
221418
221419
221420
221421
221422
221423
221425
221426
221428
221431
221432
221433
221434
221437
221438
221441
221443
221444
221445
221451
221452
221456
221459
221460
221463
221465
221466
221468
221470
221471
221473
221474
221477
221478
221483
221486
221489
221490
221491
221492
221496
221497
221498
221499
221501
221502
221505
221507
221509
221515
221516
221517
221519
221521
221522
221525
221527
221528
221530
221532
221535
221542
221544
221545
221546
221547
221548
221549
221552
221553
221554
221557
221558
221559
221560
221562
221564
221565
221566
221568
221569
221570
221571
221572
221577
221578
221579
221582
221584
221585
221586
221588
221589
221591
221592
221593
221594
221595
221598
221601
221603
221605
221607
221610
221612
221615
221617
221622
221623
221624
221628
221629
221630
221631
221632
221633
221637
221640
221641
221643
221644
221646
221647
221649
221652
221654
221656
221657
221659
221663
221667
221669
221670
221671
221672
221675
221677
221679
221680
221681
221684
221685
221689
221690
221692
221694
221695
221697
221698
221699
221703
221704
221705
221707
221710
221711
221712
221715
221717
221719
221720
221722
221725
221726
221732
221733
221736
221738
221739
221740
221741
221742
221744
221746
221751
221752
221754
221756
221758
221761
221762
221763
221764
221768
221769
221770
221771
221777
221778
221779
221780
221781
221782
221783
221789
221791
221792
221794
221795
221796
221800
221802
221803
221804
221807
221810
221811
221813
221819
221821
221822
221823
221824
221825
221826
221828
221829
221831
221832
221833
221840
221842
221846
221847
221851
221852
221853
221854
221855
221857
221859
221860
221861
221865
221866
221871
221872
221874
221875
221878
221879
221883
221884
221887
221890
221891
221892
221893
221895
221896
221897
221898
221899
221900
221902
221903
221906
221907
221908
221909
221910
221911
221912
221914
221915
221916
221920
221922
221924
221926
221934
221935
221936
221938
221940
221944
221946
221949
221950
221952
221953
221955
221956
221959
221962
221963
221968
221969
221970
221978
221983
221984
221985
221986
221987
221988
221989
221991
221995
221996
221997
221998
222001
222004
222005
222007
222008
222012
222013
222017
222021
222022
222024
222025
222027
222029
222031
222032
222033
222034
222035
222036
222037
222039
222040
222041
222042
222046
222047
222049
222051
222052
222054
222055
222056
222057
222063
222068
222072
222073
222074
222075
222077
222082
222083
222085
222087
222088
222090
222091
222093
222094
222097
222099
222100
222101
222102
222103
222108
222109
222110
222111
222112
222114
222115
222116
222118
222119
222125
222126
222127
222129
222131
222132
222135
222136
222137
222138
222139
222140
222141
222142
222143
222146
222148
222149
222150
222151
222152
222153
222157
222158
222159
222160
222161
222163
222165
222168
222169
222172
222175
222178
222180
222182
222183
222184
222187
222189
222190
222191
222192
222193
222196
222197
222199
222202
222203
222204
222207
222208
222210
222211
222212
222215
222216
222218
222221
222222
222223
222225
222229
222230
222231
222233
222234
222236
222237
222239
222240
222241
222245
222247
222248
222251
222253
222257
222260
222261
222262
222267
222268
222269
222270
222274
222282
222288
222289
222290
222292
222293
222295
222298
222299
222300
222301
222302
222304
222305
222306
222307
222310
222311
222312
222313
222314
222318
222319
222321
222322
222323
222331
222332
222335
222338
222339
222340
222341
222342
222343
222346
222347
222348
222349
222350
222352
222357
222358
222361
222363
222365
222367
222370
222371
222374
222377
222379
222380
222382
222386
222387
222388
222392
222393
222395
222399
222400
222404
222407
222408
222409
222410
222413
222414
222416
222420
222426
222428
222429
222431
222435
222436
222437
222438
222441
222446
222449
222452
222453
222456
222457
222459
222460
222463
222466
222470
222474
222479
222481
222482
222484
222492
222493
222497
222498
222500
222501
222502
222503
222508
222509
222511
222512
222514
222516
222523
222524
222525
222526
222527
222528
222529
222535
222536
222538
222541
222542
222546
222547
222548
222550
222551
222553
222555
222556
222558
222559
222560
222564
222565
222567
222568
222570
222573
222574
222578
222582
222585
222588
222590
222591
222592
222593
222594
222595
222599
222600
222602
222603
222607
222608
222609
222610
222611
222613
222614
222616
222617
222619
222620
222623
222626
222627
222629
222631
222632
222635
222636
222637
222638
222639
222642
222646
222653
222654
222655
222657
222659
222660
222662
222663
222667
222668
222669
222670
222671
222673
222674
222677
222678
222679
222681
222687
222689
222690
222691
222692
222694
222695
222697
222699
222701
222702
222703
222711
222712
222713
222714
222719
222720
222724
222727
222729
222731
222733
222734
222736
222738
222739
222740
222741
222743
222745
222746
222747
222748
222751
222752
222755
222758
222760
222762
222763
222764
222765
222766
222767
222770
222771
222772
222773
222774
222775
222777
222778
222779
222780
222781
222785
222786
222787
222791
222795
222796
222800
222801
222803
222805
222806
222810
222811
222812
222813
222814
222815
222816
222818
222820
222822
222823
222824
222827
222828
222829
222834
222836
222838
222841
222846
222847
222848
222849
222852
222857
222858
222860
222861
222862
222864
222865
222867
222874
222875
222877
222881
222882
222889
222891
222892
222893
222894
222895
222897
222899
222901
222902
222903
222904
222907
222909
222910
222911
222912
222915
222916
222917
222918
222919
222926
222932
222935
222936
222938
222940
222942
222943
222944
222946
222948
222949
222950
222951
222952
222955
222956
222957
222961
222962
222963
222965
222969
222970
222972
222976
222978
222981
222982
222983
222984
222985
222989
222991
222993
222995
222999
223000
223002
223003
223004
223008
223009
223011
223014
223015
223020
223022
223024
223028
223029
223030
223031
223032
223034
223035
223036
223039
223040
223041
223042
223043
223044
223049
223050
223055
223057
223060
223063
223065
223066
223067
223068
223070
223071
223076
223078
223079
223080
223082
223083
223086
223089
223093
223094
223098
223100
223101
223102
223104
223106
223107
223112
223114
223116
223117
223119
223120
223122
223123
223124
223127
223128
223129
223131
223132
223133
223135
223136
223137
223141
223142
223144
223145
223147
223149
223151
223153
223154
223156
223158
223160
223161
223162
223163
223165
223166
223170
223171
223175
223180
223181
223185
223188
223190
223191
223192
223194
223195
223197
223198
223199
223201
223202
223204
223206
223207
223212
223218
223219
223220
223221
223222
223223
223224
223225
223228
223229
223231
223234
223236
223237
223238
223240
223242
223244
223246
223247
223253
223254
223257
223262
223263
223266
223267
223276
223277
223283
223284
223286
223288
223289
223291
223292
223293
223294
223295
223296
223298
223299
223300
223306
223308
223309
223312
223318
223319
223322
223324
223325
223327
223328
223330
223332
223333
223334
223336
223339
223340
223341
223344
223353
223354
223355
223357
223358
223359
223360
223361
223365
223366
223368
223369
223370
223372
223373
223374
223375
223376
223379
223383
223384
223386
223390
223391
223392
223393
223395
223398
223400
223401
223402
223403
223406
223407
223410
223411
223415
223419
223422
223425
223426
223427
223428
223430
223433
223436
223440
223444
223445
223449
223450
223452
223454
223456
223457
223458
223459
223460
223466
223468
223469
223472
223475
223477
223482
223483
223488
223490
223494
223495
223498
223499
223501
223503
223505
223507
223508
223509
223513
223514
223516
223517
223521
223524
223526
223527
223528
223529
223534
223536
223539
223540
223541
223542
223543
223544
223546
223548
223550
223552
223553
223559
223561
223562
223566
223567
223568
223573
223577
223582
223583
223584
223587
223588
223590
223593
223594
223595
223599
223600
223601
223605
223607
223609
223610
223612
223614
223616
223617
223621
223623
223625
223628
223631
223636
223639
223641
223642
223643
223648
223649
223650
223652
223653
223654
223657
223659
223661
223663
223665
223667
223669
223670
223671
223673
223674
223675
223677
223678
223682
223684
223685
223688
223690
223692
223694
223696
223698
223701
223702
223703
223708
223712
223713
223714
223716
223717
223718
223719
223721
223722
223724
223726
223728
223730
223732
223733
223734
223735
223737
223738
223740
223742
223744
223747
223749
223750
223752
223755
223763
223764
223765
223766
223768
223772
223773
223774
223777
223778
223780
223782
223783
223784
223786
223789
223790
223792
223793
223796
223798
223800
223801
223803
223806
223807
223809
223811
223813
223815
223816
223818
223820
223822
223824
223827
223828
223830
223832
223834
223835
223836
223837
223840
223842
223844
223848
223849
223855
223862
223864
223865
223866
223868
223869
223873
223874
223877
223878
223879
223880
223885
223888
223890
223895
223896
223899
223900
223901
223902
223904
223906
223909
223910
223911
223915
223916
223919
223921
223923
223925
223926
223929
223930
223932
223933
223935
223937
223938
223939
223941
223942
223943
223944
223946
223949
223953
223954
223955
223958
223959
223962
223963
223964
223971
223972
223975
223976
223979
223983
223984
223987
223990
223992
223994
223995
223996
223998
224000
224001
224002
224004
224005
224009
224011
224013
224018
224023
224024
224025
224026
224028
224029
224031
224033
224034
224037
224039
224040
224042
224044
224045
224047
224048
224049
224053
224055
224059
224063
224064
224066
224071
224077
224079
224080
224082
224083
224085
224090
224096
224098
224101
224103
224104
224105
224106
224107
224108
224112
224117
224118
224121
224123
224124
224125
224127
224129
224131
224132
224133
224134
224136
224139
224141
224142
224143
224148
224149
224152
224154
224157
224158
224159
224160
224162
224163
224165
224166
224168
224171
224174
224177
224178
224182
224183
224185
224188
224189
224195
224196
224200
224204
224205
224206
224208
224210
224211
224213
224214
224215
224216
224218
224219
224220
224221
224225
224227
224228
224229
224230
224231
224232
224234
224236
224237
224238
224239
224241
224242
224245
224248
224251
224252
224254
224255
224258
224259
224260
224261
224263
224266
224267
224269
224270
224272
224273
224277
224278
224281
224282
224283
224285
224286
224288
224290
224292
224294
224299
224301
224302
224307
224308
224309
224310
224312
224313
224315
224318
224321
224322
224325
224326
224329
224330
224332
224335
224336
224338
224339
224340
224341
224342
224343
224351
224352
224354
224356
224357
224358
224360
224364
224365
224366
224367
224371
224372
224373
224374
224375
224377
224380
224382
224385
224386
224388
224395
224399
224401
224402
224405
224406
224407
224408
224409
224411
224413
224415
224417
224419
224422
224423
224425
224430
224431
224434
224435
224438
224440
224441
224442
224444
224446
224449
224450
224451
224453
224454
224457
224460
224463
224464
224467
224469
224472
224474
224477
224479
224480
224481
224482
224486
224487
224490
224493
224495
224499
224502
224503
224507
224509
224510
224512
224516
224518
224520
224521
224525
224527
224530
224531
224534
224536
224537
224538
224539
224544
224549
224550
224552
224553
224556
224558
224560
224561
224566
224567
224569
224571
224573
224574
224575
224590
224592
224593
224595
224596
224597
224598
224599
224600
224605
224607
224609
224610
224611
224613
224614
224619
224620
224622
224623
224625
224626
224627
224628
224630
224631
224639
224640
224642
224643
224646
224648
224652
224655
224656
224661
224662
224664
224665
224666
224669
224670
224674
224675
224676
224679
224681
224682
224686
224687
224688
224690
224691
224692
224693
224694
224695
224696
224698
224699
224702
224703
224705
224706
224708
224709
224711
224712
224715
224716
224718
224719
224720
224722
224724
224727
224728
224729
224731
224737
224738
224743
224746
224749
224754
224756
224758
224759
224760
224762
224763
224764
224766
224767
224770
224772
224779
224780
224781
224785
224790
224791
224793
224794
224801
224802
224804
224806
224808
224810
224811
224814
224820
224826
224828
224829
224830
224832
224834
224837
224838
224839
224841
224842
224843
224845
224846
224848
224849
224853
224855
224857
224860
224861
224865
224868
224869
224870
224871
224873
224876
224877
224879
224880
224881
224884
224885
224889
224892
224894
224895
224896
224897
224898
224899
224900
224901
224904
224908
224909
224911
224912
224913
224915
224916
224918
224920
224923
224924
224925
224926
224927
224932
224933
224934
224935
224937
224938
224943
224944
224945
224947
224948
224950
224951
224953
224956
224959
224960
224961
224963
224964
224966
224969
224973
224975
224978
224981
224983
224987
224990
224994
224998
225000
225001
225002
225003
225004
225006
225010
225011
225014
225017
225019
225020
225023
225025
225026
225027
225028
225031
225034
225036
225040
225042
225043
225044
225046
225048
225050
225051
225059
225061
225063
225064
225065
225066
225068
225070
225072
225075
225076
225078
225081
225083
225085
225086
225089
225090
225093
225094
225099
225100
225101
225104
225107
225108
225109
225110
225113
225115
225119
225120
225122
225123
225125
225126
225129
225130
225131
225134
225137
225139
225140
225142
225143
225144
225145
225146
225151
225152
225157
225160
225161
225162
225163
225168
225169
225170
225173
225176
225179
225181
225182
225184
225185
225187
225189
225192
225195
225197
225199
225201
225202
225203
225204
225209
225210
225211
225216
225217
225222
225227
225230
225233
225235
225236
225237
225238
225241
225245
225248
225249
225251
225256
225259
225265
225268
225272
225274
225275
225276
225278
225283
225284
225285
225286
225288
225290
225294
225296
225298
225299
225300
225302
225303
225307
225309
225312
225315
225318
225319
225321
225323
225325
225327
225328
225329
225331
225332
225335
225337
225338
225339
225340
225346
225347
225348
225349
225351
225352
225353
225354
225355
225356
225357
225359
225360
225363
225364
225365
225366
225367
225368
225369
225372
225373
225374
225376
225377
225378
225379
225382
225385
225388
225389
225394
225396
225397
225398
225400
225401
225407
225408
225409
225410
225411
225412
225414
225415
225418
225420
225421
225422
225423
225424
225425
225427
225429
225430
225434
225435
225436
225440
225441
225442
225445
225446
225448
225449
225450
225451
225454
225457
225458
225462
225463
225464
225465
225466
225468
225469
225471
225472
225477
225478
225479
225480
225482
225483
225487
225488
225490
225491
225492
225493
225495
225498
225499
225500
225501
225504
225506
225507
225508
225509
225510
225514
225515
225519
225522
225524
225527
225528
225531
225535
225536
225537
225540
225542
225547
225548
225549
225553
225554
225555
225558
225560
225561
225563
225565
225566
225567
225568
225571
225572
225573
225574
225577
225581
225586
225590
225591
225592
225593
225594
225597
225598
225599
225600
225602
225604
225605
225606
225607
225609
225612
225613
225616
225619
225621
225623
225625
225628
225629
225630
225631
225632
225633
225638
225640
225642
225644
225645
225648
225649
225651
225653
225656
225657
225661
225662
225663
225664
225667
225668
225671
225672
225673
225674
225675
225677
225678
225682
225684
225686
225688
225689
225690
225691
225694
225698
225700
225701
225702
225703
225711
225712
225714
225716
225717
225718
225719
225725
225726
225729
225730
225732
225736
225737
225739
225742
225744
225745
225748
225749
225752
225753
225758
225759
225762
225765
225766
225767
225769
225770
225774
225778
225781
225783
225787
225791
225793
225796
225798
225800
225801
225803
225805
225807
225809
225811
225813
225817
225819
225821
225822
225824
225830
225832
225833
225834
225835
225836
225840
225841
225842
225846
225851
225855
225856
225857
225859
225863
225865
225869
225870
225873
225875
225878
225879
225880
225881
225882
225883
225884
225888
225889
225892
225894
225895
225896
225898
225900
225901
225902
225906
225909
225910
225913
225916
225919
225920
225921
225922
225923
225924
225925
225930
225933
225934
225936
225937
225938
225940
225941
225942
225943
225945
225949
225950
225952
225955
225956
225957
225958
225959
225962
225963
225966
225970
225972
225973
225976
225977
225978
225980
225981
225982
225983
225985
225992
225993
225994
225995
225999
226002
226008
226009
226010
226011
226012
226013
226019
226020
226021
226022
226023
226025
226028
226033
226034
226035
226037
226041
226042
226045
226046
226047
226051
226052
226053
226056
226058
226061
226064
226066
226068
226069
226071
226072
226073
226074
226078
226079
226080
226082
226084
226085
226087
226089
226090
226092
226093
226094
226096
226097
226098
226100
226101
226102
226105
226110
226113
226114
226118
226119
226120
226121
226123
226124
226126
226127
226129
226133
226135
226137
226138
226140
226141
226144
226146
226147
226148
226150
226153
226154
226155
226157
226162
226164
226166
226168
226170
226172
226174
226176
226180
226183
226184
226187
226188
226189
226196
226197
226198
226201
226202
226203
226204
226205
226206
226208
226211
226215
226216
226218
226220
226221
226222
226225
226226
226228
226229
226235
226238
226239
226241
226243
226245
226246
226247
226249
226250
226251
226252
226253
226255
226256
226257
226259
226260
226261
226262
226264
226265
226269
226273
226274
226277
226281
226283
226284
226285
226286
226289
226292
226293
226295
226297
226298
226299
226303
226306
226310
226313
226314
226316
226319
226321
226322
226324
226325
226327
226328
226331
226332
226333
226336
226337
226338
226340
226341
226342
226343
226345
226346
226350
226351
226354
226355
226356
226358
226359
226361
226362
226363
226365
226368
226370
226375
226377
226378
226379
226380
226381
226385
226386
226389
226392
226395
226398
226399
226401
226406
226408
226409
226412
226416
226418
226419
226420
226421
226422
226423
226424
226425
226427
226428
226430
226431
226438
226443
226445
226447
226448
226449
226451
226452
226455
226456
226457
226458
226459
226461
226462
226465
226467
226469
226472
226475
226476
226478
226479
226486
226487
226488
226490
226493
226494
226496
226497
226498
226500
226504
226507
226508
226512
226516
226517
226518
226519
226520
226521
226527
226530
226531
226532
226534
226537
226540
226541
226542
226546
226548
226551
226552
226554
226556
226561
226562
226563
226564
226568
226570
226571
226574
226575
226576
226578
226580
226582
226594
226595
226596
226597
226598
226604
226605
226607
226613
226615
226619
226621
226622
226625
226627
226630
226631
226636
226638
226640
226642
226644
226645
226649
226650
226651
226652
226653
226655
226661
226663
226664
226666
226667
226668
226673
226676
226677
226678
226680
226683
226684
226687
226688
226689
226693
226695
226697
226700
226701
226702
226703
226706
226711
226712
226713
226714
226717
226718
226720
226721
226722
226725
226726
226727
226732
226733
226735
226737
226739
226741
226742
226747
226748
226749
226752
226755
226756
226757
226759
226762
226764
226765
226767
226768
226769
226770
226771
226774
226777
226779
226780
226781
226784
226786
226787
226788
226789
226790
226791
226793
226794
226796
226800
226804
226806
226808
226810
226811
226812
226815
226816
226820
226822
226823
226829
226834
226835
226838
226841
226843
226844
226846
226848
226850
226852
226854
226858
226864
226865
226867
226870
226871
226873
226874
226876
226878
226880
226881
226883
226884
226886
226888
226889
226891
226892
226894
226896
226897
226899
226900
226904
226905
226906
226908
226910
226915
226917
226918
226919
226920
226924
226925
226926
226927
226929
226930
226931
226932
226933
226934
226935
226936
226938
226940
226941
226947
226948
226949
226952
226956
226958
226961
226962
226963
226964
226966
226969
226972
226976
226978
226979
226984
226985
226986
226988
226990
226998
226999
227000
227010
227012
227015
227016
227018
227019
227024
227025
227026
227029
227030
227031
227032
227034
227037
227038
227041
227043
227046
227048
227051
227053
227054
227055
227056
227058
227061
227067
227068
227069
227070
227071
227072
227074
227075
227076
227080
227081
227086
227087
227088
227089
227091
227092
227095
227096
227097
227098
227099
227102
227103
227107
227109
227112
227113
227114
227116
227118
227123
227124
227126
227134
227136
227137
227140
227142
227143
227151
227152
227153
227155
227157
227159
227160
227165
227166
227167
227169
227170
227172
227174
227176
227177
227182
227184
227186
227189
227190
227191
227195
227196
227199
227202
227205
227206
227208
227209
227211
227212
227213
227214
227215
227217
227219
227221
227224
227227
227228
227229
227230
227231
227233
227234
227236
227237
227238
227242
227244
227245
227248
227250
227251
227252
227253
227257
227258
227259
227260
227263
227267
227268
227270
227272
227273
227274
227281
227285
227286
227289
227290
227291
227295
227296
227300
227301
227304
227307
227308
227310
227313
227314
227315
227316
227317
227319
227320
227321
227322
227329
227330
227331
227334
227338
227340
227344
227345
227346
227347
227348
227351
227352
227355
227357
227360
227362
227365
227369
227370
227377
227378
227384
227386
227389
227392
227393
227394
227395
227396
227397
227399
227400
227401
227402
227405
227406
227412
227415
227417
227418
227420
227421
227422
227423
227424
227427
227429
227433
227434
227435
227436
227438
227439
227440
227443
227445
227446
227447
227448
227450
227455
227457
227458
227459
227460
227462
227464
227465
227466
227467
227468
227469
227472
227474
227475
227477
227479
227483
227485
227486
227487
227489
227490
227491
227492
227493
227494
227499
227502
227504
227505
227508
227509
227511
227513
227514
227520
227522
227523
227525
227526
227531
227534
227536
227537
227541
227544
227545
227548
227549
227550
227552
227560
227562
227564
227565
227568
227569
227570
227572
227574
227575
227576
227578
227579
227580
227581
227582
227585
227586
227591
227593
227594
227596
227598
227599
227600
227602
227606
227607
227611
227614
227615
227617
227618
227619
227620
227621
227625
227627
227631
227632
227633
227634
227636
227637
227638
227639
227645
227646
227647
227654
227655
227656
227657
227658
227659
227660
227661
227664
227667
227671
227672
227674
227675
227677
227681
227682
227684
227685
227686
227687
227690
227691
227692
227693
227697
227698
227699
227700
227701
227706
227708
227710
227712
227713
227714
227716
227718
227722
227723
227726
227728
227734
227735
227736
227740
227744
227746
227747
227748
227754
227755
227757
227759
227760
227763
227765
227766
227768
227769
227772
227773
227774
227777
227778
227779
227781
227782
227785
227786
227788
227790
227794
227798
227799
227801
227803
227804
227810
227817
227819
227820
227824
227825
227826
227833
227835
227836
227838
227839
227840
227842
227846
227850
227851
227853
227855
227856
227858
227860
227864
227865
227867
227868
227871
227873
227875
227877
227878
227879
227882
227886
227888
227891
227893
227894
227895
227899
227902
227904
227909
227913
227914
227915
227917
227918
227919
227920
227922
227923
227925
227928
227929
227931
227932
227934
227937
227939
227942
227946
227947
227949
227952
227953
227955
227957
227967
227969
227972
227974
227980
227981
227983
227984
227985
227986
227988
227991
227994
227995
227996
227997
227998
227999
228003
228004
228005
228006
228007
228008
228009
228010
228012
228014
228017
228020
228025
228026
228027
228030
228032
228033
228034
228039
228041
228043
228048
228050
228053
228054
228055
228056
228059
228063
228064
228065
228066
228067
228068
228072
228074
228075
228080
228081
228082
228083
228087
228088
228089
228090
228091
228094
228095
228098
228099
228102
228106
228108
228111
228112
228114
228115
228121
228123
228124
228126
228129
228133
228134
228135
228138
228139
228140
228141
228142
228143
228144
228146
228148
228149
228151
228154
228155
228156
228160
228161
228162
228163
228164
228166
228167
228168
228170
228172
228173
228175
228176
228177
228179
228182
228183
228187
228188
228189
228192
228193
228196
228198
228199
228200
228202
228206
228208
228211
228213
228215
228216
228220
228223
228229
228230
228233
228235
228237
228238
228239
228240
228244
228245
228246
228247
228250
228251
228253
228257
228259
228260
228261
228263
228264
228267
228269
228271
228272
228273
228274
228275
228276
228277
228280
228282
228283
228284
228285
228286
228287
228292
228294
228296
228299
228301
228303
228304
228306
228308
228312
228313
228314
228315
228316
228317
228318
228319
228320
228321
228322
228323
228324
228325
228329
228331
228333
228335
228336
228338
228341
228345
228346
228347
228348
228350
228351
228352
228353
228355
228356
228358
228362
228363
228364
228366
228367
228370
228373
228374
228379
228391
228392
228396
228397
228398
228402
228403
228404
228405
228406
228407
228409
228411
228412
228415
228417
228418
228419
228420
228422
228423
228426
228427
228433
228435
228437
228438
228439
228440
228443
228446
228454
228455
228456
228459
228462
228466
228467
228468
228469
228470
228471
228472
228475
228478
228480
228481
228484
228486
228487
228488
228489
228493
228494
228497
228498
228501
228502
228503
228504
228505
228506
228508
228509
228511
228513
228514
228517
228518
228519
228523
228524
228529
228530
228532
228533
228534
228535
228538
228541
228543
228544
228546
228549
228551
228552
228553
228554
228556
228557
228561
228562
228563
228565
228566
228574
228575
228576
228577
228578
228580
228581
228582
228583
228584
228585
228586
228589
228597
228598
228599
228606
228608
228609
228612
228613
228616
228617
228619
228620
228621
228622
228623
228625
228628
228629
228632
228633
228634
228636
228637
228640
228641
228643
228646
228647
228650
228651
228654
228655
228657
228659
228660
228662
228663
228664
228665
228667
228670
228671
228673
228674
228675
228678
228679
228683
228686
228688
228693
228696
228698
228701
228704
228707
228708
228710
228715
228716
228717
228727
228730
228733
228735
228737
228739
228741
228742
228745
228746
228748
228749
228750
228752
228756
228758
228763
228764
228765
228768
228772
228776
228783
228787
228790
228794
228796
228797
228800
228802
228806
228807
228808
228809
228810
228812
228814
228815
228817
228818
228819
228826
228828
228829
228830
228831
228833
228835
228839
228841
228847
228850
228851
228853
228856
228857
228858
228861
228864
228866
228867
228868
228869
228871
228873
228875
228877
228879
228880
228882
228883
228884
228887
228888
228889
228890
228894
228896
228897
228899
228904
228905
228906
228909
228911
228912
228916
228917
228920
228927
228928
228929
228930
228931
228932
228934
228935
228941
228942
228943
228944
228945
228946
228948
228950
228951
228952
228955
228957
228959
228960
228961
228962
228963
228965
228969
228973
228974
228975
228981
228982
228991
228995
228996
228997
228999
229000
229001
229002
229004
229005
229008
229009
229012
229013
229014
229015
229018
229019
229020
229023
229024
229025
229026
229032
229033
229035
229036
229037
229044
229046
229049
229050
229051
229053
229054
229056
229057
229058
229063
229066
229067
229068
229069
229071
229072
229075
229076
229077
229079
229080
229081
229082
229085
229087
229088
229090
229093
229094
229095
229096
229097
229100
229102
229104
229106
229107
229109
229110
229112
229113
229114
229115
229116
229117
229118
229119
229120
229121
229122
229126
229127
229129
229130
229131
229134
229135
229136
229138
229139
229142
229143
229146
229150
229152
229157
229160
229161
229166
229167
229169
229171
229173
229177
229178
229180
229181
229185
229186
229189
229191
229196
229197
229200
229202
229204
229208
229209
229211
229214
229216
229217
229222
229224
229225
229230
229231
229237
229239
229240
229241
229242
229243
229245
229246
229247
229249
229250
229252
229253
229256
229260
229263
229266
229267
229269
229271
229272
229274
229276
229278
229279
229281
229282
229283
229286
229290
229292
229294
229298
229299
229300
229301
229303
229305
229310
229311
229314
229320
229323
229324
229326
229327
229328
229333
229334
229335
229336
229337
229338
229339
229340
229347
229350
229352
229353
229354
229358
229359
229361
229362
229368
229370
229372
229373
229374
229375
229376
229377
229381
229383
229385
229387
229389
229390
229392
229394
229396
229397
229400
229401
229402
229403
229405
229406
229407
229412
229416
229418
229419
229421
229422
229424
229425
229429
229433
229435
229438
229439
229443
229447
229448
229449
229450
229452
229453
229455
229457
229459
229460
229462
229463
229464
229466
229468
229472
229474
229477
229478
229479
229481
229482
229484
229487
229488
229490
229491
229492
229493
229494
229496
229497
229500
229501
229502
229504
229506
229507
229509
229511
229516
229517
229518
229519
229520
229521
229531
229534
229536
229537
229539
229541
229543
229547
229550
229551
229558
229559
229560
229567
229568
229570
229571
229572
229574
229577
229579
229580
229589
229590
229597
229601
229605
229607
229608
229610
229613
229614
229615
229616
229617
229618
229624
229625
229627
229629
229630
229631
229634
229638
229641
229643
229644
229647
229648
229649
229650
229652
229657
229659
229660
229662
229663
229666
229668
229670
229672
229674
229675
229679
229682
229685
229687
229689
229690
229691
229692
229693
229694
229695
229696
229697
229698
229699
229700
229701
229703
229704
229705
229706
229709
229711
229712
229713
229717
229718
229719
229721
229723
229725
229728
229729
229732
229734
229735
229736
229738
229739
229740
229741
229743
229744
229745
229748
229751
229753
229754
229755
229758
229759
229760
229762
229763
229764
229772
229773
229774
229775
229777
229778
229779
229780
229781
229782
229783
229784
229787
229791
229793
229794
229799
229803
229806
229809
229810
229811
229815
229818
229821
229823
229825
229827
229828
229829
229831
229832
229835
229837
229839
229841
229843
229846
229851
229852
229854
229856
229857
229858
229859
229860
229861
229862
229863
229865
229867
229869
229870
229872
229874
229875
229876
229877
229878
229883
229884
229886
229887
229891
229893
229894
229895
229898
229901
229903
229904
229906
229908
229910
229911
229912
229913
229915
229916
229922
229923
229924
229927
229929
229930
229933
229937
229938
229941
229942
229943
229944
229945
229946
229947
229948
229949
229950
229954
229956
229957
229958
229959
229961
229962
229965
229968
229969
229972
229973
229974
229975
229976
229977
229983
229984
229985
229987
229988
229989
229990
229991
229992
229993
229994
229995
229997
229998
229999
230001
230002
230004
230005
230008
230010
230012
230015
230016
230018
230020
230023
230029
230030
230031
230033
230034
230036
230038
230039
230040
230041
230043
230046
230049
230050
230053
230055
230056
230057
230058
230059
230060
230063
230066
230068
230069
230070
230074
230076
230081
230082
230087
230090
230092
230093
230094
230095
230096
230097
230098
230101
230102
230103
230105
230108
230110
230112
230113
230115
230118
230121
230124
230125
230131
230132
230133
230134
230136
230137
230138
230140
230141
230142
230147
230148
230149
230151
230152
230153
230155
230156
230158
230160
230162
230166
230167
230168
230170
230171
230172
230173
230174
230176
230177
230179
230182
230183
230184
230185
230187
230190
230192
230194
230195
230198
230199
230203
230206
230207
230208
230209
230210
230212
230213
230214
230215
230218
230219
230222
230228
230230
230233
230236
230237
230238
230240
230242
230244
230245
230248
230251
230253
230254
230255
230259
230261
230262
230263
230264
230266
230267
230268
230271
230272
230276
230278
230279
230280
230281
230282
230284
230285
230287
230292
230296
230297
230298
230300
230302
230304
230307
230310
230311
230317
230319
230324
230325
230328
230330
230334
230335
230336
230339
230341
230343
230344
230345
230349
230350
230353
230354
230356
230358
230359
230362
230363
230364
230366
230368
230369
230370
230371
230372
230373
230375
230377
230383
230385
230387
230388
230400
230402
230404
230407
230408
230409
230410
230411
230412
230415
230416
230419
230427
230428
230429
230433
230435
230441
230443
230445
230450
230452
230453
230454
230455
230457
230458
230459
230460
230461
230462
230464
230468
230470
230473
230474
230476
230479
230480
230482
230485
230486
230487
230490
230492
230493
230494
230495
230498
230500
230503
230506
230507
230508
230509
230511
230512
230514
230515
230519
230520
230521
230522
230523
230525
230526
230528
230532
230533
230537
230538
230540
230541
230545
230547
230548
230550
230551
230552
230555
230562
230567
230570
230571
230576
230578
230579
230583
230585
230587
230589
230591
230594
230595
230596
230597
230598
230600
230601
230603
230604
230605
230606
230607
230609
230611
230613
230614
230615
230616
230617
230618
230619
230620
230621
230625
230627
230631
230633
230634
230635
230637
230638
230639
230640
230641
230642
230643
230648
230653
230657
230658
230659
230662
230663
230666
230667
230671
230674
230675
230676
230677
230678
230680
230681
230682
230685
230687
230691
230696
230698
230700
230701
230703
230704
230705
230706
230707
230708
230709
230710
230712
230713
230714
230715
230717
230720
230721
230723
230724
230725
230726
230728
230729
230733
230738
230739
230740
230741
230743
230744
230746
230747
230748
230751
230756
230758
230761
230763
230765
230766
230767
230773
230775
230776
230777
230782
230783
230784
230789
230793
230795
230797
230798
230799
230800
230801
230802
230803
230804
230807
230808
230812
230814
230815
230817
230818
230822
230826
230827
230828
230832
230833
230834
230835
230837
230838
230839
230847
230848
230849
230851
230852
230853
230856
230858
230863
230864
230866
230868
230869
230871
230872
230873
230877
230878
230879
230883
230884
230885
230888
230891
230892
230894
230896
230898
230899
230900
230901
230902
230904
230905
230906
230907
230908
230910
230911
230917
230920
230921
230923
230924
230929
230932
230933
230934
230935
230936
230939
230942
230943
230944
230945
230947
230948
230949
230950
230954
230955
230958
230959
230964
230967
230969
230970
230974
230976
230978
230984
230985
230986
230987
230988
230989
230990
230991
230995
230996
230999
231002
231003
231005
231006
231009
231011
231012
231014
231015
231016
231017
231020
231023
231025
231026
231027
231029
231031
231036
231037
231038
231039
231041
231043
231044
231046
231047
231049
231052
231055
231056
231059
231061
231065
231069
231071
231072
231073
231075
231076
231077
231078
231079
231081
231082
231083
231087
231088
231092
231095
231096
231098
231101
231103
231106
231113
231118
231119
231120
231122
231123
231124
231125
231127
231128
231132
231133
231134
231135
231139
231140
231142
231143
231144
231146
231147
231149
231152
231156
231159
231161
231163
231168
231169
231170
231172
231174
231176
231177
231178
231183
231188
231190
231192
231196
231198
231202
231203
231204
231207
231209
231211
231212
231213
231214
231215
231220
231221
231223
231226
231227
231229
231231
231234
231240
231241
231244
231245
231247
231250
231255
231259
231261
231262
231264
231265
231266
231267
231268
231269
231270
231271
231273
231275
231276
231277
231278
231281
231282
231283
231288
231289
231290
231291
231293
231294
231295
231298
231305
231309
231310
231311
231312
231320
231323
231325
231326
231329
231330
231332
231334
231336
231338
231339
231342
231345
231346
231347
231350
231351
231355
231356
231358
231360
231363
231370
231372
231375
231376
231378
231380
231381
231382
231383
231386
231389
231390
231393
231395
231396
231400
231401
231403
231404
231405
231408
231409
231410
231414
231416
231417
231418
231419
231422
231423
231425
231427
231429
231434
231435
231439
231441
231442
231447
231449
231450
231452
231455
231457
231458
231460
231463
231465
231466
231467
231468
231469
231471
231475
231476
231477
231478
231479
231480
231482
231483
231485
231488
231489
231490
231491
231495
231498
231501
231502
231503
231504
231507
231508
231509
231510
231512
231515
231517
231520
231523
231525
231533
231534
231535
231538
231540
231545
231546
231547
231548
231550
231553
231556
231560
231561
231562
231563
231565
231566
231568
231570
231571
231572
231575
231578
231582
231585
231586
231589
231593
231594
231597
231598
231599
231603
231604
231606
231607
231608
231609
231610
231612
231617
231618
231623
231624
231625
231628
231633
231635
231638
231642
231643
231644
231645
231647
231649
231651
231655
231656
231657
231658
231659
231662
231663
231664
231667
231668
231669
231671
231672
231673
231674
231675
231676
231679
231681
231683
231685
231688
231689
231690
231692
231695
231696
231697
231698
231700
231702
231705
231706
231708
231709
231712
231713
231714
231716
231719
231721
231722
231723
231724
231726
231729
231730
231731
231732
231733
231734
231739
231742
231743
231744
231745
231747
231748
231749
231756
231758
231759
231761
231765
231768
231769
231770
231771
231772
231773
231774
231775
231777
231782
231786
231790
231792
231794
231796
231797
231798
231799
231805
231806
231807
231808
231809
231810
231814
231815
231816
231817
231818
231819
231820
231824
231825
231828
231829
231832
231834
231836
231837
231840
231844
231845
231847
231849
231850
231851
231853
231854
231855
231856
231857
231859
231860
231863
231866
231867
231869
231871
231873
231874
231875
231878
231879
231881
231883
231884
231885
231887
231888
231891
231892
231893
231897
231899
231900
231902
231906
231908
231910
231912
231917
231919
231921
231923
231924
231927
231928
231931
231932
231933
231934
231936
231938
231939
231941
231942
231944
231946
231947
231948
231949
231951
231952
231955
231959
231960
231965
231966
231968
231969
231974
231975
231976
231978
231981
231982
231984
231985
231986
231987
231988
231989
231990
231991
231994
231996
231997
231999
232000
232002
232003
232004
232006
232007
232009
232010
232011
232013
232014
232015
232016
232017
232022
232023
232026
232031
232032
232035
232038
232039
232041
232042
232043
232045
232050
232056
232057
232058
232059
232060
232061
232062
232063
232065
232067
232071
232073
232074
232075
232076
232077
232080
232081
232082
232083
232088
232091
232092
232095
232096
232097
232098
232099
232101
232105
232109
232110
232112
232113
232115
232116
232120
232123
232124
232126
232131
232134
232135
232138
232139
232141
232143
232145
232150
232152
232153
232159
232161
232162
232164
232171
232172
232176
232177
232179
232181
232182
232185
232186
232187
232188
232189
232190
232192
232193
232196
232199
232201
232202
232204
232205
232206
232209
232211
232212
232214
232215
232217
232222
232228
232229
232230
232231
232232
232233
232234
232235
232237
232239
232240
232244
232247
232248
232249
232251
232253
232254
232256
232257
232259
232261
232263
232265
232266
232267
232269
232272
232277
232279
232288
232290
232293
232296
232297
232299
232300
232304
232305
232306
232307
232308
232309
232310
232312
232314
232315
232317
232318
232319
232320
232321
232324
232325
232328
232329
232331
232332
232333
232340
232341
232342
232343
232344
232345
232350
232352
232355
232357
232358
232359
232360
232362
232363
232364
232366
232368
232371
232373
232376
232380
232381
232384
232385
232386
232387
232389
232392
232393
232394
232398
232405
232407
232408
232410
232412
232413
232415
232416
232417
232418
232420
232422
232424
232430
232431
232434
232438
232441
232442
232444
232447
232448
232449
232451
232452
232454
232455
232456
232457
232459
232460
232461
232466
232468
232470
232471
232472
232474
232475
232477
232478
232479
232480
232483
232485
232487
232492
232493
232495
232496
232497
232499
232500
232503
232514
232516
232518
232519
232521
232523
232527
232529
232531
232534
232535
232536
232537
232539
232542
232543
232544
232547
232549
232554
232555
232559
232564
232565
232567
232568
232569
232572
232573
232574
232577
232579
232583
232586
232590
232593
232595
232599
232600
232601
232602
232603
232604
232605
232606
232609
232613
232614
232615
232616
232620
232623
232624
232626
232630
232632
232635
232636
232638
232640
232641
232643
232644
232645
232646
232649
232650
232652
232655
232658
232661
232663
232664
232665
232672
232673
232675
232676
232677
232678
232681
232683
232685
232686
232687
232690
232697
232701
232702
232706
232708
232710
232711
232713
232715
232718
232721
232723
232724
232726
232727
232729
232730
232732
232733
232735
232739
232742
232743
232746
232747
232750
232751
232752
232755
232756
232758
232759
232760
232762
232763
232766
232770
232776
232777
232779
232780
232783
232785
232786
232789
232792
232793
232794
232795
232796
232797
232798
232799
232800
232803
232804
232812
232813
232814
232815
232817
232819
232821
232822
232824
232827
232829
232830
232831
232833
232838
232843
232844
232845
232846
232847
232848
232849
232852
232853
232855
232856
232858
232860
232862
232863
232864
232866
232867
232872
232873
232875
232876
232877
232880
232882
232886
232888
232892
232893
232894
232898
232899
232901
232904
232906
232908
232909
232910
232912
232915
232919
232920
232922
232923
232925
232926
232931
232932
232935
232936
232937
232938
232939
232940
232942
232944
232946
232948
232952
232954
232957
232958
232959
232960
232962
232965
232968
232970
232972
232974
232978
232982
232984
232985
232986
232987
232988
232991
232993
232996
233001
233003
233004
233005
233006
233008
233009
233011
233014
233017
233020
233023
233025
233027
233029
233030
233032
233034
233035
233036
233037
233038
233039
233040
233041
233043
233044
233046
233047
233048
233049
233050
233051
233057
233060
233064
233067
233069
233070
233072
233073
233078
233079
233080
233081
233082
233083
233084
233086
233087
233091
233093
233095
233096
233098
233099
233102
233104
233111
233114
233116
233118
233119
233121
233125
233126
233127
233130
233132
233133
233134
233135
233136
233137
233140
233141
233143
233146
233147
233148
233151
233152
233153
233154
233155
233158
233162
233163
233164
233165
233167
233168
233169
233170
233172
233174
233175
233176
233178
233181
233182
233185
233186
233188
233189
233190
233191
233199
233201
233202
233204
233208
233211
233214
233215
233216
233218
233219
233220
233226
233227
233231
233233
233237
233242
233244
233248
233249
233253
233254
233257
233258
233264
233265
233266
233268
233269
233270
233272
233273
233277
233279
233280
233282
233283
233285
233291
233293
233294
233296
233298
233299
233300
233303
233305
233307
233308
233310
233312
233314
233315
233318
233323
233324
233328
233331
233332
233333
233335
233336
233339
233343
233344
233347
233352
233357
233358
233359
233360
233362
233363
233365
233366
233367
233370
233372
233376
233378
233380
233384
233385
233389
233391
233396
233397
233398
233399
233400
233401
233402
233404
233405
233408
233410
233411
233413
233414
233415
233416
233417
233418
233420
233421
233423
233425
233426
233427
233434
233437
233440
233442
233444
233445
233447
233449
233450
233452
233453
233455
233459
233460
233462
233463
233466
233467
233470
233472
233475
233476
233478
233479
233480
233481
233482
233483
233486
233488
233489
233490
233493
233495
233498
233500
233501
233503
233504
233505
233511
233513
233514
233519
233520
233521
233525
233528
233529
233531
233534
233537
233538
233540
233542
233543
233545
233547
233548
233549
233552
233556
233558
233560
233561
233566
233567
233568
233570
233572
233575
233576
233577
233578
233582
233584
233587
233589
233592
233593
233594
233595
233596
233597
233598
233599
233600
233602
233603
233604
233607
233609
233610
233614
233619
233620
233622
233624
233626
233628
233631
233632
233633
233639
233640
233641
233642
233646
233648
233649
233650
233652
233656
233657
233658
233659
233661
233664
233666
233669
233671
233674
233677
233678
233685
233687
233689
233691
233695
233697
233698
233699
233700
233701
233703
233708
233709
233710
233711
233714
233716
233717
233718
233719
233720
233722
233724
233725
233726
233729
233736
233737
233739
233740
233743
233746
233748
233753
233756
233758
233759
233760
233761
233763
233766
233767
233769
233770
233773
233774
233775
233776
233777
233778
233779
233780
233781
233786
233787
233788
233789
233793
233794
233795
233796
233797
233798
233802
233814
233815
233816
233817
233818
233820
233823
233826
233827
233828
233830
233831
233835
233836
233837
233838
233841
233842
233843
233847
233848
233849
233854
233858
233861
233862
233863
233866
233868
233869
233870
233873
233874
233875
233876
233878
233879
233880
233882
233883
233885
233886
233887
233889
233891
233892
233895
233897
233899
233901
233902
233903
233904
233905
233907
233908
233913
233915
233916
233918
233919
233921
233926
233928
233929
233930
233931
233933
233936
233937
233938
233945
233948
233950
233957
233958
233961
233962
233963
233964
233965
233967
233970
233971
233972
233973
233975
233976
233977
233978
233980
233982
233984
233987
233989
233991
233992
233994
233997
233999
234000
234009
234012
234016
234017
234024
234025
234026
234027
234030
234031
234033
234034
234037
234041
234042
234043
234044
234045
234046
234047
234048
234049
234051
234052
234053
234056
234059
234061
234062
234063
234065
234066
234067
234068
234069
234071
234073
234082
234085
234086
234087
234089
234090
234092
234094
234097
234099
234101
234102
234103
234107
234115
234116
234118
234119
234120
234121
234122
234123
234125
234127
234131
234133
234135
234138
234139
234140
234142
234143
234144
234149
234150
234151
234155
234159
234160
234161
234162
234164
234166
234167
234169
234170
234171
234173
234174
234180
234185
234186
234189
234191
234193
234194
234196
234197
234199
234202
234204
234205
234207
234208
234210
234214
234216
234217
234218
234219
234221
234222
234224
234227
234228
234231
234235
234236
234240
234241
234245
234246
234248
234250
234252
234256
234258
234259
234260
234262
234263
234264
234265
234266
234270
234272
234278
234279
234280
234282
234284
234287
234288
234289
234291
234293
234295
234296
234297
234298
234302
234303
234307
234310
234313
234314
234316
234317
234318
234319
234320
234326
234328
234330
234333
234337
234338
234339
234340
234343
234344
234345
234347
234348
234349
234355
234357
234358
234359
234361
234364
234365
234367
234368
234369
234371
234372
234376
234377
234382
234386
234388
234389
234390
234391
234392
234395
234396
234397
234398
234400
234401
234406
234409
234410
234414
234416
234418
234420
234421
234422
234423
234424
234426
234428
234429
234430
234435
234436
234438
234440
234442
234443
234446
234447
234448
234452
234455
234456
234458
234459
234461
234463
234467
234468
234469
234471
234473
234475
234478
234479
234480
234482
234483
234488
234490
234492
234493
234494
234495
234499
234502
234503
234504
234506
234507
234509
234510
234511
234512
234517
234519
234522
234523
234526
234528
234531
234532
234535
234541
234542
234544
234546
234547
234549
234551
234552
234553
234554
234560
234561
234564
234565
234567
234569
234571
234580
234581
234582
234585
234592
234594
234599
234601
234606
234607
234608
234610
234612
234613
234616
234618
234619
234620
234623
234624
234630
234631
234633
234635
234637
234640
234642
234643
234644
234645
234646
234650
234651
234654
234660
234662
234663
234665
234668
234673
234676
234678
234679
234680
234681
234685
234690
234692
234694
234695
234697
234702
234704
234706
234707
234708
234713
234717
234719
234721
234725
234728
234729
234733
234735
234736
234738
234742
234743
234746
234747
234748
234752
234753
234754
234755
234758
234759
234762
234765
234772
234775
234777
234778
234781
234784
234789
234791
234793
234797
234798
234799
234800
234801
234802
234803
234804
234811
234815
234817
234820
234821
234822
234825
234826
234828
234829
234830
234831
234833
234836
234838
234840
234841
234843
234844
234845
234847
234848
234851
234852
234853
234861
234863
234864
234865
234867
234868
234870
234871
234872
234874
234875
234878
234884
234888
234892
234894
234900
234903
234904
234905
234907
234908
234911
234912
234914
234915
234916
234923
234924
234925
234926
234932
234933
234934
234939
234941
234943
234944
234945
234946
234947
234948
234949
234951
234952
234953
234958
234960
234962
234965
234967
234972
234974
234977
234978
234980
234981
234982
234983
234984
234986
234987
234988
234994
235001
235005
235008
235011
235015
235020
235021
235023
235025
235027
235031
235034
235037
235040
235041
235043
235044
235048
235051
235052
235054
235055
235056
235057
235058
235059
235060
235068
235069
235072
235073
235074
235080
235081
235083
235085
235087
235088
235092
235094
235095
235096
235097
235100
235102
235103
235105
235106
235108
235109
235110
235111
235112
235113
235114
235117
235118
235119
235123
235126
235127
235130
235133
235134
235136
235140
235141
235142
235145
235146
235147
235155
235156
235157
235158
235159
235160
235162
235165
235167
235171
235172
235173
235174
235175
235179
235180
235183
235184
235185
235186
235187
235191
235193
235195
235196
235198
235199
235201
235202
235203
235204
235207
235208
235209
235214
235216
235218
235219
235221
235222
235223
235224
235228
235231
235234
235236
235237
235240
235241
235243
235244
235245
235250
235252
235258
235263
235264
235266
235267
235268
235271
235275
235283
235284
235285
235287
235289
235290
235291
235292
235293
235295
235299
235300
235301
235303
235308
235310
235311
235312
235313
235314
235317
235318
235319
235321
235322
235323
235327
235328
235330
235331
235332
235333
235334
235337
235338
235339
235340
235341
235342
235343
235344
235345
235346
235350
235355
235357
235358
235363
235364
235366
235367
235369
235372
235374
235376
235381
235383
235384
235385
235387
235388
235389
235390
235392
235393
235394
235395
235396
235397
235398
235405
235407
235408
235409
235413
235414
235415
235417
235418
235419
235422
235423
235424
235425
235426
235429
235430
235432
235433
235434
235435
235436
235438
235440
235441
235443
235444
235445
235446
235450
235451
235453
235458
235459
235460
235463
235464
235470
235472
235473
235477
235478
235480
235482
235485
235487
235490
235491
235494
235495
235496
235497
235501
235502
235503
235508
235510
235511
235512
235513
235514
235515
235517
235520
235523
235524
235527
235528
235530
235531
235533
235536
235537
235541
235542
235543
235546
235547
235548
235551
235552
235555
235558
235560
235562
235565
235566
235567
235569
235572
235573
235576
235577
235578
235584
235585
235588
235589
235590
235593
235595
235600
235601
235603
235604
235606
235607
235611
235613
235614
235615
235616
235617
235618
235622
235624
235626
235627
235629
235630
235631
235633
235634
235636
235638
235642
235643
235644
235646
235647
235649
235650
235654
235655
235656
235659
235660
235661
235664
235665
235667
235668
235671
235672
235675
235676
235677
235678
235683
235684
235686
235688
235690
235691
235693
235694
235695
235697
235698
235699
235702
235706
235707
235708
235709
235711
235712
235713
235714
235715
235717
235720
235721
235723
235724
235725
235726
235727
235728
235729
235730
235738
235740
235741
235742
235747
235748
235753
235754
235756
235757
235758
235761
235762
235768
235772
235773
235774
235775
235776
235780
235784
235785
235788
235789
235790
235791
235795
235797
235800
235801
235802
235804
235809
235810
235811
235812
235814
235817
235818
235819
235821
235823
235825
235828
235832
235833
235834
235836
235837
235839
235843
235844
235846
235850
235853
235854
235856
235863
235865
235868
235869
235871
235878
235879
235881
235883
235885
235886
235887
235889
235890
235892
235894
235895
235898
235901
235902
235903
235904
235905
235906
235908
235911
235912
235913
235914
235916
235919
235922
235926
235928
235929
235931
235932
235933
235935
235937
235938
235941
235942
235945
235947
235949
235952
235953
235955
235957
235961
235963
235964
235966
235968
235973
235976
235977
235979
235982
235987
235988
235990
235991
235993
235994
235996
235997
236002
236005
236006
236007
236010
236011
236013
236016
236021
236025
236027
236028
236031
236032
236036
236037
236038
236039
236040
236043
236045
236049
236050
236051
236052
236054
236060
236061
236063
236064
236065
236066
236067
236068
236071
236072
236073
236075
236080
236081
236083
236084
236085
236086
236087
236089
236090
236091
236092
236096
236099
236100
236101
236102
236105
236111
236113
236114
236115
236116
236117
236119
236120
236121
236123
236124
236126
236129
236130
236135
236136
236139
236140
236143
236144
236146
236149
236151
236153
236155
236156
236157
236162
236163
236165
236169
236172
236174
236175
236177
236178
236179
236182
236183
236184
236185
236186
236187
236188
236191
236192
236193
236194
236196
236199
236200
236202
236203
236205
236206
236209
236210
236215
236216
236218
236219
236222
236224
236227
236228
236229
236230
236232
236236
236237
236238
236239
236243
236244
236247
236249
236250
236252
236254
236255
236257
236259
236261
236264
236265
236267
236268
236270
236271
236276
236277
236278
236286
236290
236300
236308
236309
236310
236311
236320
236322
236323
236325
236327
236329
236330
236332
236335
236336
236338
236340
236341
236342
236343
236344
236345
236347
236350
236352
236355
236357
236358
236359
236361
236363
236378
236379
236380
236381
236382
236384
236385
236386
236388
236390
236391
236394
236395
236396
236398
236399
236401
236406
236407
236408
236412
236414
236420
236421
236422
236423
236424
236427
236428
236430
236431
236433
236434
236436
236438
236441
236442
236444
236445
236447
236449
236450
236452
236454
236456
236457
236458
236459
236460
236461
236467
236469
236471
236472
236473
236476
236477
236478
236485
236487
236489
236490
236493
236498
236499
236500
236501
236502
236503
236504
236505
236506
236507
236508
236511
236513
236514
236515
236519
236520
236525
236531
236532
236533
236534
236537
236538
236543
236545
236548
236550
236553
236555
236556
236557
236558
236561
236562
236563
236564
236568
236569
236572
236574
236575
236577
236578
236579
236580
236584
236585
236586
236587
236592
236594
236595
236596
236597
236598
236599
236602
236603
236604
236605
236606
236608
236610
236612
236613
236614
236615
236619
236622
236628
236630
236632
236635
236636
236639
236640
236641
236646
236647
236648
236649
236654
236655
236660
236662
236664
236668
236670
236671
236672
236673
236674
236675
236676
236677
236678
236679
236683
236684
236686
236687
236688
236690
236692
236694
236695
236698
236699
236700
236701
236702
236703
236705
236706
236708
236710
236713
236715
236716
236718
236719
236721
236722
236731
236733
236734
236737
236740
236741
236743
236744
236747
236748
236749
236751
236753
236754
236755
236756
236757
236761
236762
236763
236767
236771
236772
236773
236774
236775
236777
236781
236782
236783
236786
236787
236789
236792
236793
236794
236795
236796
236798
236801
236802
236803
236807
236808
236809
236810
236812
236815
236818
236819
236820
236824
236825
236826
236828
236830
236833
236834
236835
236841
236842
236848
236849
236852
236853
236854
236855
236856
236857
236859
236860
236861
236862
236864
236866
236867
236868
236870
236871
236873
236880
236881
236882
236883
236887
236889
236890
236895
236897
236898
236900
236901
236905
236906
236907
236911
236916
236918
236920
236921
236922
236927
236929
236930
236931
236933
236934
236935
236936
236937
236939
236941
236942
236945
236949
236953
236956
236957
236965
236966
236967
236972
236973
236976
236977
236978
236979
236981
236982
236983
236985
236988
236989
236990
236992
236994
236998
237000
237001
237004
237006
237009
237014
237016
237020
237022
237027
237029
237030
237032
237033
237035
237036
237040
237042
237043
237044
237048
237057
237058
237059
237060
237063
237064
237065
237066
237068
237070
237072
237074
237075
237076
237083
237084
237085
237086
237087
237090
237092
237093
237096
237097
237100
237101
237106
237107
237108
237112
237114
237115
237117
237119
237120
237121
237124
237125
237129
237132
237134
237135
237136
237138
237141
237142
237143
237145
237146
237149
237151
237153
237154
237155
237157
237158
237159
237160
237161
237163
237164
237166
237174
237176
237178
237182
237183
237184
237185
237186
237187
237189
237190
237193
237194
237196
237198
237199
237203
237204
237205
237207
237209
237212
237214
237215
237216
237217
237219
237224
237225
237226
237228
237231
237232
237234
237235
237238
237242
237243
237244
237245
237249
237253
237255
237257
237258
237260
237261
237262
237264
237266
237270
237272
237273
237274
237275
237276
237282
237285
237289
237291
237292
237293
237294
237300
237301
237305
237307
237309
237310
237311
237312
237314
237315
237317
237318
237319
237321
237323
237324
237326
237329
237332
237333
237336
237340
237345
237348
237350
237351
237352
237353
237354
237355
237356
237357
237362
237365
237372
237373
237375
237380
237388
237389
237392
237393
237396
237397
237400
237401
237402
237403
237404
237405
237408
237409
237410
237412
237414
237416
237419
237421
237424
237426
237428
237432
237433
237438
237440
237442
237444
237446
237447
237451
237453
237454
237457
237458
237459
237460
237461
237467
237468
237469
237471
237473
237477
237478
237481
237483
237484
237485
237487
237489
237490
237491
237493
237494
237496
237498
237500
237501
237506
237509
237510
237512
237515
237516
237517
237519
237524
237525
237527
237530
237531
237532
237533
237534
237535
237536
237539
237542
237543
237544
237546
237547
237548
237549
237551
237555
237556
237558
237559
237560
237562
237563
237564
237565
237568
237569
237573
237574
237575
237576
237579
237580
237581
237583
237584
237588
237589
237590
237594
237597
237601
237603
237604
237605
237607
237611
237613
237615
237619
237622
237623
237626
237632
237633
237636
237637
237639
237640
237644
237645
237646
237647
237648
237649
237650
237652
237653
237654
237655
237657
237659
237661
237662
237664
237667
237668
237669
237672
237675
237676
237677
237678
237680
237687
237688
237690
237691
237692
237697
237698
237699
237700
237712
237714
237717
237718
237719
237721
237723
237725
237726
237728
237729
237730
237731
237734
237735
237738
237741
237742
237745
237746
237747
237748
237752
237754
237757
237759
237760
237761
237763
237764
237766
237768
237770
237771
237772
237774
237776
237778
237780
237781
237782
237784
237786
237787
237790
237792
237793
237796
237797
237799
237801
237803
237808
237809
237810
237812
237814
237817
237818
237820
237825
237826
237828
237831
237832
237835
237838
237839
237840
237841
237842
237845
237846
237848
237851
237855
237856
237857
237858
237859
237860
237861
237866
237869
237872
237873
237874
237877
237878
237881
237883
237886
237887
237888
237889
237890
237893
237896
237897
237898
237901
237902
237904
237907
237908
237909
237910
237913
237916
237918
237925
237930
237935
237936
237937
237940
237942
237945
237947
237948
237950
237951
237952
237953
237954
237956
237958
237959
237963
237964
237966
237967
237968
237973
237975
237976
237977
237983
237984
237985
237986
237988
237991
237993
237997
238003
238006
238008
238010
238011
238016
238017
238018
238019
238022
238023
238024
238025
238026
238033
238035
238037
238038
238039
238041
238043
238044
238045
238046
238048
238049
238051
238052
238055
238057
238063
238066
238067
238068
238069
238073
238075
238077
238081
238083
238084
238088
238090
238092
238096
238097
238098
238100
238104
238109
238113
238114
238115
238116
238117
238125
238126
238128
238130
238131
238135
238138
238141
238142
238143
238144
238145
238147
238149
238151
238155
238157
238159
238161
238163
238165
238169
238170
238172
238173
238175
238176
238180
238181
238182
238183
238184
238185
238186
238189
238190
238191
238192
238193
238194
238195
238198
238204
238205
238206
238207
238209
238212
238213
238214
238218
238219
238221
238223
238224
238225
238226
238227
238228
238229
238230
238231
238232
238233
238235
238238
238239
238243
238244
238247
238248
238249
238251
238254
238255
238256
238258
238260
238266
238267
238271
238273
238274
238278
238279
238280
238281
238282
238287
238289
238292
238295
238303
238304
238306
238307
238309
238310
238311
238312
238316
238317
238318
238324
238325
238327
238328
238330
238331
238333
238337
238342
238345
238347
238348
238349
238354
238355
238356
238357
238359
238361
238362
238364
238365
238367
238368
238369
238371
238372
238374
238375
238376
238377
238379
238380
238384
238385
238386
238387
238389
238391
238392
238393
238396
238398
238400
238401
238402
238403
238405
238406
238410
238411
238412
238413
238415
238416
238417
238418
238420
238424
238425
238427
238428
238431
238435
238436
238437
238438
238439
238442
238443
238445
238446
238447
238449
238450
238451
238457
238458
238459
238461
238464
238467
238468
238471
238472
238473
238474
238476
238477
238478
238481
238483
238484
238485
238488
238489
238491
238493
238494
238495
238496
238497
238498
238500
238504
238505
238510
238511
238512
238515
238516
238519
238520
238521
238523
238524
238525
238526
238527
238530
238531
238532
238533
238537
238538
238539
238541
238542
238544
238545
238546
238548
238550
238554
238555
238558
238559
238560
238561
238563
238564
238565
238567
238568
238570
238578
238579
238580
238581
238582
238583
238586
238587
238588
238592
238593
238594
238595
238596
238597
238598
238599
238600
238602
238604
238605
238607
238609
238610
238611
238613
238616
238617
238619
238624
238626
238628
238629
238630
238631
238634
238636
238638
238640
238642
238646
238648
238651
238654
238655
238660
238661
238662
238664
238665
238667
238669
238672
238674
238675
238676
238678
238679
238686
238687
238691
238692
238695
238699
238702
238703
238709
238710
238713
238715
238716
238718
238719
238722
238723
238724
238725
238726
238728
238729
238730
238731
238732
238736
238737
238739
238741
238742
238747
238749
238750
238751
238752
238754
238756
238757
238762
238764
238765
238766
238767
238768
238769
238771
238772
238773
238774
238775
238776
238777
238779
238780
238782
238783
238786
238788
238790
238791
238792
238793
238794
238795
238796
238797
238799
238801
238802
238804
238805
238806
238807
238808
238809
238812
238815
238816
238819
238824
238825
238829
238837
238838
238839
238841
238843
238845
238853
238855
238857
238858
238859
238860
238861
238863
238865
238869
238871
238873
238874
238876
238879
238880
238881
238882
238883
238884
238885
238887
238888
238892
238893
238894
238897
238899
238900
238902
238903
238905
238906
238907
238908
238910
238912
238919
238920
238922
238924
238926
238928
238929
238930
238932
238933
238935
238942
238944
238946
238949
238950
238951
238953
238959
238960
238962
238963
238965
238968
238969
238970
238974
238981
238982
238983
238984
238986
238989
238992
238995
238996
238998
239000
239002
239007
239011
239012
239015
239017
239018
239019
239020
239022
239023
239027
239030
239033
239034
239036
239039
239040
239041
239045
239048
239049
239055
239057
239060
239061
239062
239067
239071
239073
239074
239075
239076
239078
239079
239080
239081
239082
239083
239087
239088
239089
239090
239093
239095
239096
239099
239100
239102
239103
239104
239105
239106
239107
239109
239110
239112
239117
239119
239121
239123
239124
239125
239128
239130
239133
239135
239137
239140
239145
239146
239149
239151
239154
239155
239156
239159
239160
239163
239167
239169
239170
239171
239172
239173
239175
239179
239180
239181
239182
239184
239187
239188
239189
239190
239192
239193
239195
239198
239207
239208
239209
239210
239212
239214
239215
239217
239218
239220
239221
239223
239224
239226
239227
239229
239233
239234
239235
239236
239237
239238
239240
239241
239243
239244
239245
239247
239248
239251
239253
239255
239257
239258
239260
239265
239266
239267
239268
239270
239273
239274
239276
239278
239280
239281
239284
239285
239288
239291
239292
239295
239297
239298
239300
239301
239302
239303
239304
239305
239306
239308
239310
239311
239312
239313
239314
239316
239317
239320
239322
239324
239325
239329
239331
239333
239334
239336
239338
239339
239340
239344
239346
239347
239348
239349
239351
239352
239353
239354
239355
239356
239357
239358
239360
239361
239363
239364
239368
239370
239372
239373
239374
239375
239379
239380
239382
239384
239385
239386
239388
239391
239392
239393
239396
239398
239400
239401
239402
239404
239407
239408
239409
239411
239415
239416
239417
239421
239422
239423
239425
239428
239432
239435
239436
239439
239440
239442
239446
239448
239451
239452
239453
239455
239456
239458
239462
239465
239466
239467
239469
239470
239471
239472
239473
239475
239477
239479
239481
239486
239487
239492
239493
239498
239500
239501
239503
239505
239506
239508
239509
239511
239512
239513
239518
239519
239520
239521
239522
239531
239533
239538
239541
239544
239545
239546
239547
239549
239550
239551
239552
239554
239555
239556
239557
239561
239562
239563
239564
239565
239569
239570
239571
239573
239575
239579
239581
239582
239583
239584
239590
239593
239594
239595
239596
239598
239599
239600
239601
239603
239607
239608
239609
239612
239615
239617
239618
239620
239622
239623
239627
239629
239631
239636
239637
239639
239642
239643
239644
239645
239646
239647
239648
239649
239653
239655
239656
239658
239659
239660
239661
239666
239668
239669
239670
239671
239672
239673
239675
239676
239678
239682
239684
239685
239686
239687
239689
239691
239692
239694
239695
239698
239699
239701
239702
239703
239707
239708
239709
239712
239715
239716
239717
239720
239721
239722
239724
239726
239727
239729
239735
239739
239744
239748
239749
239753
239754
239758
239759
239760
239762
239763
239764
239765
239766
239767
239768
239774
239775
239777
239778
239779
239781
239782
239784
239785
239786
239790
239791
239793
239795
239796
239799
239802
239803
239807
239809
239814
239815
239816
239817
239822
239823
239826
239827
239829
239830
239832
239835
239837
239838
239839
239841
239842
239844
239846
239847
239848
239850
239852
239856
239859
239860
239863
239868
239870
239871
239873
239874
239876
239877
239878
239882
239883
239884
239885
239887
239888
239889
239896
239897
239898
239899
239900
239901
239902
239904
239905
239909
239912
239913
239915
239917
239919
239922
239925
239929
239931
239932
239933
239934
239935
239936
239937
239938
239940
239942
239944
239949
239953
239954
239955
239957
239962
239964
239966
239967
239970
239971
239972
239973
239977
239978
239979
239980
239981
239984
239985
239987
239989
239990
239991
239993
239994
239996
239997
239998
239999
240000
240001
240002
240003
240005
240006
240008
240009
240010
240012
240013
240014
240016
240021
240024
240030
240031
240033
240037
240039
240042
240043
240044
240045
240046
240047
240048
240049
240050
240051
240052
240054
240057
240058
240059
240060
240063
240064
240065
240066
240068
240070
240071
240072
240074
240078
240080
240081
240082
240083
240085
240089
240093
240097
240098
240099
240103
240108
240109
240110
240111
240112
240116
240118
240119
240120
240121
240122
240124
240125
240127
240133
240136
240138
240140
240145
240146
240148
240149
240150
240151
240155
240157
240159
240160
240161
240163
240164
240167
240168
240169
240170
240172
240173
240174
240175
240176
240177
240182
240184
240185
240186
240188
240189
240190
240199
240201
240206
240208
240209
240211
240213
240217
240218
240219
240220
240222
240224
240228
240230
240231
240232
240233
240237
240238
240240
240243
240244
240248
240250
240251
240252
240253
240258
240259
240262
240263
240264
240271
240273
240275
240276
240280
240284
240285
240286
240290
240291
240293
240294
240295
240298
240299
240300
240302
240303
240304
240306
240307
240309
240312
240313
240315
240316
240318
240321
240322
240324
240325
240327
240329
240330
240333
240334
240335
240336
240337
240339
240340
240342
240343
240345
240346
240351
240352
240358
240359
240360
240361
240364
240366
240367
240368
240370
240372
240373
240375
240376
240378
240381
240382
240385
240389
240390
240391
240392
240393
240394
240396
240397
240399
240401
240402
240403
240404
240409
240411
240413
240417
240420
240421
240424
240427
240428
240429
240434
240435
240436
240437
240438
240441
240445
240446
240447
240449
240450
240453
240455
240458
240459
240460
240461
240464
240466
240468
240469
240470
240473
240474
240476
240478
240479
240480
240481
240482
240483
240493
240497
240499
240501
240503
240504
240510
240513
240514
240515
240517
240518
240519
240520
240526
240529
240530
240536
240538
240543
240544
240545
240547
240554
240555
240557
240560
240561
240563
240564
240565
240566
240567
240568
240570
240572
240574
240576
240578
240581
240583
240586
240589
240590
240592
240593
240598
240599
240601
240602
240603
240604
240614
240616
240618
240621
240625
240635
240636
240638
240639
240640
240641
240644
240645
240646
240647
240648
240650
240651
240652
240653
240655
240658
240660
240663
240665
240669
240675
240677
240680
240682
240684
240687
240689
240691
240692
240695
240696
240697
240698
240700
240702
240703
240704
240706
240707
240708
240711
240713
240714
240715
240716
240720
240724
240725
240727
240728
240729
240730
240733
240735
240738
240739
240740
240742
240744
240748
240749
240750
240751
240753
240754
240755
240757
240762
240763
240765
240766
240767
240768
240771
240777
240778
240781
240782
240783
240785
240788
240790
240792
240793
240796
240798
240800
240805
240809
240811
240812
240814
240815
240816
240818
240819
240823
240824
240825
240826
240828
240830
240832
240834
240835
240836
240837
240840
240841
240843
240844
240845
240846
240847
240848
240850
240851
240852
240856
240857
240858
240861
240864
240867
240870
240871
240873
240877
240878
240881
240883
240888
240890
240892
240893
240894
240898
240900
240901
240904
240905
240906
240910
240913
240917
240919
240921
240923
240927
240930
240931
240936
240939
240940
240945
240946
240947
240951
240952
240953
240958
240960
240962
240963
240966
240971
240974
240975
240976
240977
240980
240981
240983
240984
240985
240991
240992
240993
240994
240996
240997
240998
240999
241000
241002
241005
241008
241009
241016
241017
241020
241022
241023
241024
241025
241026
241029
241031
241032
241033
241035
241036
241037
241040
241041
241042
241043
241044
241045
241049
241050
241051
241055
241057
241060
241064
241067
241068
241070
241071
241072
241073
241079
241081
241082
241083
241086
241087
241088
241090
241091
241092
241093
241094
241095
241105
241108
241110
241111
241114
241115
241116
241117
241121
241122
241123
241126
241129
241131
241134
241136
241137
241138
241141
241145
241148
241149
241150
241151
241152
241154
241155
241157
241159
241169
241171
241172
241173
241175
241177
241179
241180
241184
241185
241186
241187
241188
241191
241192
241193
241194
241195
241196
241197
241199
241201
241203
241204
241207
241208
241209
241212
241213
241215
241216
241223
241227
241229
241232
241235
241236
241237
241238
241239
241240
241243
241244
241247
241249
241254
241255
241257
241259
241260
241261
241265
241266
241267
241268
241270
241271
241275
241276
241279
241280
241282
241283
241284
241285
241288
241290
241291
241293
241294
241295
241296
241297
241298
241300
241303
241310
241312
241313
241315
241316
241317
241319
241322
241325
241326
241327
241328
241329
241330
241331
241333
241340
241343
241345
241351
241353
241355
241358
241359
241360
241361
241366
241370
241371
241372
241373
241374
241375
241376
241377
241378
241380
241382
241385
241388
241390
241391
241395
241397
241400
241401
241404
241405
241408
241414
241416
241422
241423
241424
241426
241427
241429
241430
241431
241433
241434
241435
241437
241440
241442
241450
241454
241457
241458
241462
241463
241464
241466
241467
241468
241469
241470
241471
241474
241475
241477
241478
241480
241481
241482
241483
241485
241486
241488
241489
241490
241491
241492
241493
241495
241496
241498
241499
241500
241501
241502
241506
241507
241510
241513
241514
241515
241517
241518
241519
241520
241523
241524
241525
241526
241527
241528
241529
241530
241531
241532
241533
241535
241536
241538
241540
241544
241546
241547
241550
241551
241553
241554
241556
241558
241561
241562
241565
241566
241567
241569
241571
241572
241573
241575
241576
241577
241578
241579
241586
241588
241590
241592
241593
241595
241596
241597
241598
241599
241604
241605
241606
241607
241608
241610
241613
241616
241619
241620
241621
241623
241624
241625
241626
241627
241628
241633
241634
241635
241636
241640
241642
241643
241644
241645
241647
241648
241649
241650
241653
241661
241662
241663
241670
241672
241673
241674
241675
241678
241679
241680
241682
241683
241685
241687
241689
241690
241692
241693
241694
241696
241701
241702
241703
241704
241709
241713
241716
241717
241718
241719
241721
241724
241728
241730
241732
241736
241739
241740
241741
241742
241743
241744
241745
241746
241751
241752
241753
241754
241755
241763
241764
241766
241767
241768
241769
241771
241772
241773
241775
241776
241777
241778
241782
241786
241790
241791
241793
241795
241796
241798
241801
241802
241803
241806
241807
241812
241813
241815
241816
241823
241824
241825
241828
241830
241831
241832
241834
241835
241837
241838
241841
241844
241845
241846
241847
241848
241850
241851
241853
241857
241858
241861
241862
241863
241872
241873
241878
241880
241881
241883
241885
241888
241889
241890
241891
241892
241893
241901
241902
241903
241905
241906
241907
241908
241909
241911
241914
241915
241916
241917
241918
241920
241927
241928
241930
241931
241932
241933
241936
241938
241941
241943
241944
241945
241946
241947
241951
241954
241955
241957
241958
241959
241960
241962
241963
241964
241965
241966
241969
241970
241974
241978
241980
241981
241982
241983
241984
241986
241987
241988
241990
241994
241995
241998
241999
242000
242001
242003
242006
242009
242011
242012
242013
242014
242018
242019
242021
242022
242024
242030
242031
242032
242033
242035
242038
242039
242041
242043
242044
242045
242049
242050
242051
242053
242059
242062
242063
242064
242070
242073
242074
242075
242076
242080
242083
242085
242086
242087
242088
242089
242090
242091
242093
242095
242098
242099
242101
242103
242106
242109
242110
242111
242113
242114
242115
242116
242117
242118
242124
242126
242127
242129
242130
242132
242133
242136
242139
242143
242144
242146
242147
242153
242157
242159
242162
242163
242165
242167
242168
242169
242170
242171
242172
242173
242179
242180
242183
242184
242191
242192
242193
242194
242199
242200
242202
242205
242208
242209
242211
242212
242214
242215
242218
242219
242220
242222
242226
242229
242230
242231
242232
242234
242235
242239
242240
242242
242243
242244
242246
242248
242249
242250
242251
242254
242255
242260
242262
242265
242266
242269
242273
242275
242276
242278
242280
242281
242282
242283
242284
242285
242288
242291
242293
242294
242299
242301
242302
242303
242304
242308
242312
242319
242320
242321
242323
242325
242326
242332
242335
242337
242338
242339
242343
242344
242345
242349
242351
242354
242357
242358
242359
242361
242362
242367
242370
242373
242374
242379
242381
242382
242384
242386
242388
242389
242390
242392
242396
242397
242399
242402
242407
242408
242411
242414
242415
242416
242417
242419
242423
242427
242429
242431
242432
242433
242434
242436
242439
242440
242441
242443
242449
242452
242454
242455
242456
242457
242460
242462
242464
242465
242466
242467
242468
242469
242471
242473
242475
242476
242477
242481
242482
242486
242489
242493
242497
242498
242500
242501
242502
242503
242506
242510
242513
242517
242518
242519
242521
242522
242523
242524
242526
242530
242531
242533
242535
242538
242540
242541
242544
242545
242547
242550
242552
242555
242557
242558
242561
242562
242564
242568
242569
242571
242573
242574
242577
242578
242580
242581
242582
242583
242584
242585
242587
242588
242591
242592
242593
242594
242595
242597
242600
242602
242603
242604
242605
242608
242610
242611
242613
242614
242615
242616
242618
242619
242621
242623
242624
242626
242628
242630
242631
242638
242640
242641
242644
242645
242646
242648
242649
242651
242653
242654
242656
242657
242659
242660
242662
242663
242665
242670
242673
242674
242675
242677
242678
242679
242681
242682
242684
242685
242688
242693
242696
242697
242699
242700
242701
242702
242703
242704
242710
242711
242713
242714
242715
242719
242721
242723
242727
242728
242730
242732
242735
242736
242737
242740
242742
242745
242747
242748
242751
242756
242757
242758
242759
242760
242762
242764
242765
242773
242775
242776
242778
242779
242780
242781
242787
242788
242790
242793
242795
242796
242798
242801
242803
242804
242805
242807
242808
242810
242811
242812
242816
242820
242822
242825
242826
242829
242831
242833
242834
242835
242837
242839
242840
242842
242843
242847
242851
242852
242855
242856
242859
242861
242866
242867
242868
242872
242873
242874
242875
242876
242877
242878
242880
242881
242883
242884
242885
242888
242892
242894
242895
242897
242898
242900
242902
242903
242907
242908
242910
242911
242912
242915
242916
242919
242922
242923
242927
242931
242933
242935
242937
242939
242940
242941
242942
242943
242944
242946
242950
242954
242955
242956
242962
242964
242966
242968
242970
242973
242979
242982
242983
242984
242985
242986
242988
242990
242993
242996
242997
242999
243000
243002
243008
243009
243013
243016
243017
243020
243024
243025
243026
243028
243030
243031
243032
243033
243034
243036
243041
243044
243045
243048
243049
243050
243051
243052
243054
243055
243056
243057
243059
243063
243064
243066
243067
243068
243069
243070
243071
243072
243076
243077
243079
243080
243083
243084
243086
243089
243091
243094
243095
243096
243098
243099
243100
243102
243104
243105
243107
243108
243110
243111
243113
243117
243120
243121
243122
243127
243129
243131
243132
243133
243137
243138
243139
243143
243144
243146
243149
243151
243152
243154
243155
243167
243170
243172
243175
243176
243178
243179
243180
243182
243183
243185
243186
243188
243189
243190
243191
243195
243197
243198
243199
243204
243206
243207
243211
243212
243215
243216
243217
243218
243223
243224
243225
243227
243228
243229
243230
243231
243232
243235
243241
243242
243243
243245
243248
243250
243251
243253
243254
243255
243256
243257
243258
243260
243261
243265
243270
243271
243274
243275
243276
243277
243278
243280
243282
243284
243288
243289
243291
243294
243298
243299
243301
243303
243304
243306
243307
243308
243310
243311
243312
243313
243314
243316
243318
243329
243332
243333
243335
243348
243350
243351
243353
243355
243357
243358
243364
243365
243368
243371
243374
243378
243379
243381
243382
243383
243384
243385
243386
243388
243390
243393
243395
243398
243402
243403
243406
243407
243409
243410
243411
243412
243415
243416
243417
243420
243421
243424
243434
243439
243440
243443
243445
243446
243448
243451
243452
243453
243456
243457
243459
243460
243461
243467
243468
243470
243471
243475
243476
243478
243480
243481
243482
243483
243488
243490
243492
243493
243494
243496
243499
243500
243501
243502
243507
243509
243510
243511
243513
243516
243517
243520
243524
243525
243526
243529
243534
243535
243537
243539
243540
243541
243543
243544
243546
243549
243550
243551
243552
243554
243556
243557
243558
243559
243565
243566
243568
243569
243570
243574
243575
243581
243588
243590
243592
243594
243596
243597
243598
243599
243600
243602
243603
243606
243607
243609
243611
243613
243617
243619
243620
243623
243625
243630
243631
243634
243637
243641
243642
243643
243646
243650
243651
243653
243654
243655
243656
243657
243660
243661
243664
243666
243668
243669
243671
243672
243676
243680
243682
243683
243684
243688
243692
243693
243695
243696
243697
243701
243704
243713
243714
243716
243718
243719
243723
243724
243727
243730
243733
243734
243736
243738
243740
243744
243745
243747
243748
243749
243750
243753
243756
243759
243760
243762
243764
243765
243766
243768
243769
243770
243771
243773
243774
243777
243779
243786
243787
243789
243792
243793
243794
243796
243799
243800
243801
243802
243808
243809
243811
243816
243817
243818
243819
243822
243824
243827
243833
243834
243836
243840
243843
243846
243848
243850
243851
243852
243853
243855
243858
243861
243867
243869
243871
243872
243875
243878
243882
243883
243884
243885
243886
243887
243892
243893
243894
243895
243896
243897
243898
243899
243900
243901
243905
243909
243910
243913
243914
243915
243916
243917
243919
243920
243922
243923
243924
243926
243927
243930
243932
243940
243941
243944
243946
243947
243949
243951
243959
243960
243961
243969
243970
243971
243972
243974
243976
243977
243978
243982
243983
243985
243986
243987
243989
243990
243991
243992
243993
243994
243997
243998
243999
244001
244004
244005
244008
244010
244013
244014
244016
244017
244019
244020
244022
244023
244025
244031
244033
244034
244035
244042
244045
244046
244047
244048
244051
244052
244055
244058
244059
244060
244061
244067
244070
244074
244077
244078
244079
244080
244081
244086
244089
244090
244094
244096
244098
244101
244103
244108
244109
244111
244113
244114
244115
244116
244117
244118
244121
244123
244124
244125
244126
244130
244131
244133
244134
244135
244137
244138
244139
244147
244150
244151
244154
244156
244157
244158
244159
244160
244161
244166
244168
244169
244173
244181
244183
244187
244192
244195
244197
244201
244202
244206
244207
244210
244212
244213
244214
244216
244220
244221
244223
244227
244229
244230
244232
244233
244234
244236
244237
244240
244244
244247
244251
244254
244258
244259
244260
244261
244262
244264
244265
244266
244267
244268
244269
244270
244271
244272
244274
244278
244282
244283
244284
244288
244289
244292
244295
244299
244300
244301
244302
244305
244306
244307
244309
244310
244311
244313
244315
244316
244317
244318
244319
244320
244326
244327
244329
244331
244332
244333
244338
244339
244340
244343
244346
244347
244348
244352
244353
244354
244355
244357
244358
244361
244362
244363
244364
244366
244369
244371
244373
244375
244376
244384
244386
244387
244388
244389
244390
244391
244393
244395
244396
244397
244398
244399
244401
244402
244403
244407
244410
244412
244415
244416
244417
244418
244419
244422
244427
244429
244430
244433
244435
244436
244438
244440
244446
244448
244449
244450
244451
244453
244455
244458
244460
244462
244464
244467
244470
244472
244473
244474
244475
244477
244478
244483
244484
244485
244487
244491
244498
244500
244501
244505
244506
244509
244510
244511
244514
244515
244517
244519
244521
244525
244528
244531
244533
244534
244536
244537
244539
244540
244541
244542
244543
244545
244548
244553
244554
244556
244558
244560
244561
244563
244565
244569
244574
244579
244581
244584
244586
244587
244588
244592
244593
244594
244597
244599
244602
244607
244608
244609
244610
244613
244614
244619
244621
244625
244630
244631
244636
244638
244640
244641
244642
244643
244647
244648
244651
244653
244656
244663
244665
244666
244671
244672
244674
244675
244676
244677
244678
244680
244682
244684
244685
244686
244687
244691
244692
244694
244697
244702
244704
244707
244709
244710
244711
244713
244719
244722
244723
244724
244725
244726
244727
244730
244732
244733
244735
244738
244739
244740
244741
244743
244744
244745
244746
244750
244753
244755
244756
244759
244762
244764
244767
244769
244770
244771
244772
244773
244775
244776
244777
244778
244781
244782
244783
244784
244785
244790
244791
244792
244794
244796
244797
244800
244804
244807
244808
244810
244812
244814
244816
244817
244819
244822
244827
244831
244833
244837
244841
244842
244843
244844
244845
244846
244847
244848
244849
244851
244855
244856
244858
244861
244862
244863
244865
244868
244869
244871
244872
244873
244874
244875
244876
244877
244881
244883
244884
244885
244887
244889
244890
244891
244893
244894
244896
244899
244900
244902
244903
244904
244905
244909
244910
244912
244913
244914
244920
244922
244926
244931
244932
244934
244937
244938
244939
244941
244943
244945
244950
244952
244953
244956
244959
244960
244963
244966
244967
244969
244970
244971
244972
244973
244977
244978
244982
244983
244984
244985
244988
244989
244994
244995
244997
244999
245002
245004
245005
245006
245007
245011
245013
245014
245016
245017
245018
245019
245020
245021
245023
245025
245027
245028
245030
245034
245035
245036
245037
245038
245039
245040
245041
245044
245046
245047
245049
245050
245051
245053
245055
245058
245059
245061
245063
245065
245066
245071
245072
245073
245077
245079
245080
245082
245083
245086
245087
245088
245089
245090
245096
245097
245099
245100
245102
245103
245105
245106
245110
245111
245112
245113
245114
245115
245117
245119
245121
245122
245123
245124
245125
245126
245127
245128
245131
245132
245133
245134
245138
245140
245141
245144
245146
245147
245150
245153
245155
245157
245158
245161
245162
245164
245165
245167
245168
245169
245170
245174
245175
245180
245181
245182
245184
245185
245186
245196
245198
245200
245201
245202
245203
245204
245205
245206
245209
245210
245214
245217
245219
245222
245223
245224
245225
245227
245228
245229
245232
245233
245237
245238
245240
245241
245249
245250
245251
245256
245259
245260
245261
245263
245265
245267
245268
245269
245270
245272
245277
245278
245280
245282
245284
245285
245287
245289
245292
245294
245296
245298
245299
245301
245303
245304
245308
245309
245311
245315
245317
245318
245324
245325
245326
245327
245328
245329
245331
245333
245334
245335
245337
245339
245340
245341
245344
245345
245346
245351
245352
245354
245356
245357
245360
245363
245368
245369
245370
245371
245372
245373
245374
245377
245379
245380
245381
245382
245385
245389
245392
245394
245395
245396
245397
245398
245400
245401
245403
245405
245406
245408
245410
245411
245416
245418
245421
245425
245426
245427
245431
245440
245442
245443
245445
245449
245450
245454
245455
245456
245457
245458
245459
245460
245464
245468
245471
245472
245473
245475
245476
245479
245481
245482
245486
245488
245489
245493
245499
245502
245503
245505
245507
245508
245509
245511
245512
245517
245518
245519
245521
245523
245525
245527
245529
245532
245533
245534
245537
245540
245542
245543
245544
245545
245547
245548
245549
245551
245553
245556
245558
245561
245563
245564
245565
245566
245567
245573
245574
245576
245578
245579
245581
245585
245586
245587
245588
245590
245593
245595
245596
245597
245600
245601
245603
245610
245611
245612
245618
245619
245621
245622
245623
245624
245626
245627
245628
245629
245630
245631
245632
245633
245634
245635
245636
245637
245639
245640
245641
245647
245653
245661
245662
245663
245664
245666
245670
245672
245674
245678
245679
245680
245683
245686
245688
245693
245698
245701
245704
245705
245706
245707
245708
245710
245711
245715
245716
245719
245720
245721
245723
245728
245729
245730
245732
245733
245735
245736
245737
245739
245740
245742
245746
245748
245750
245753
245754
245755
245758
245760
245761
245762
245765
245766
245767
245768
245769
245770
245771
245773
245780
245782
245784
245785
245786
245790
245791
245793
245794
245798
245799
245801
245806
245807
245808
245812
245813
245815
245817
245818
245819
245820
245821
245822
245824
245825
245828
245829
245830
245831
245832
245833
245834
245836
245837
245841
245842
245848
245849
245852
245853
245854
245855
245856
245859
245865
245867
245868
245869
245870
245871
245878
245882
245883
245885
245886
245887
245891
245893
245896
245898
245899
245905
245913
245915
245924
245926
245928
245930
245931
245932
245934
245938
245940
245944
245946
245948
245950
245953
245954
245956
245957
245958
245960
245961
245962
245963
245965
245966
245967
245972
245974
245975
245978
245979
245980
245981
245984
245985
245986
245987
245988
245994
245996
245997
245998
245999
246001
246003
246004
246007
246008
246009
246010
246012
246017
246023
246026
246029
246033
246035
246036
246037
246038
246042
246043
246045
246047
246048
246059
246063
246064
246067
246069
246071
246073
246074
246076
246077
246078
246085
246086
246088
246089
246090
246091
246097
246098
246099
246100
246101
246102
246103
246105
246108
246110
246111
246112
246114
246115
246118
246119
246121
246122
246123
246125
246126
246129
246132
246134
246135
246137
246139
246140
246142
246145
246146
246147
246148
246149
246150
246152
246153
246156
246160
246165
246168
246169
246170
246171
246173
246174
246175
246177
246178
246179
246181
246184
246185
246186
246187
246188
246192
246193
246199
246201
246202
246203
246206
246207
246208
246209
246210
246211
246214
246216
246218
246219
246220
246221
246225
246231
246232
246235
246236
246239
246241
246242
246244
246245
246249
246250
246252
246254
246256
246258
246259
246260
246262
246263
246264
246266
246267
246269
246270
246271
246273
246274
246276
246277
246279
246281
246283
246284
246285
246288
246290
246292
246294
246296
246297
246298
246299
246302
246303
246304
246306
246308
246311
246313
246315
246317
246318
246320
246321
246325
246327
246330
246331
246334
246337
246339
246340
246342
246343
246345
246346
246347
246348
246349
246354
246355
246356
246357
246358
246359
246361
246368
246369
246370
246371
246372
246378
246379
246382
246384
246388
246389
246390
246391
246392
246395
246396
246397
246398
246400
246402
246403
246404
246405
246406
246407
246409
246410
246411
246416
246417
246418
246419
246420
246421
246422
246424
246425
246429
246430
246431
246433
246435
246438
246439
246442
246444
246446
246447
246449
246451
246455
246456
246457
246463
246464
246465
246466
246469
246470
246471
246472
246473
246474
246475
246478
246479
246482
246483
246485
246486
246487
246492
246493
246494
246496
246500
246501
246505
246510
246511
246512
246513
246516
246517
246525
246527
246529
246530
246533
246537
246538
246542
246543
246545
246546
246549
246551
246554
246557
246558
246559
246560
246561
246562
246563
246565
246566
246569
246576
246577
246578
246580
246583
246584
246585
246586
246587
246588
246590
246592
246593
246595
246599
246600
246601
246604
246608
246614
246615
246616
246617
246620
246621
246622
246623
246624
246625
246626
246627
246629
246630
246632
246633
246635
246636
246637
246638
246639
246642
246643
246644
246645
246648
246651
246652
246653
246656
246658
246659
246662
246664
246666
246673
246674
246677
246678
246679
246680
246682
246683
246684
246686
246688
246689
246690
246692
246696
246697
246701
246702
246703
246704
246705
246706
246707
246709
246710
246714
246715
246716
246718
246719
246722
246723
246724
246725
246726
246727
246731
246738
246749
246751
246752
246754
246757
246758
246759
246760
246762
246763
246764
246765
246767
246768
246770
246771
246773
246774
246775
246776
246777
246778
246781
246782
246784
246786
246787
246789
246796
246797
246799
246800
246801
246802
246805
246810
246812
246813
246820
246823
246824
246825
246828
246829
246833
246834
246835
246836
246837
246838
246839
246843
246844
246845
246847
246849
246850
246851
246852
246855
246856
246859
246864
246865
246866
246867
246870
246872
246874
246875
246876
246878
246879
246882
246884
246886
246891
246894
246895
246899
246904
246905
246906
246909
246910
246911
246913
246914
246915
246916
246917
246920
246922
246923
246925
246928
246930
246934
246936
246941
246943
246945
246946
246947
246951
246952
246955
246956
246959
246961
246962
246963
246964
246965
246967
246968
246970
246971
246973
246974
246981
246982
246983
246985
246987
246989
246990
246994
246996
246999
247001
247002
247003
247004
247005
247006
247007
247008
247009
247012
247015
247017
247018
247021
247022
247023
247026
247028
247030
247031
247032
247034
247037
247039
247040
247041
247042
247043
247045
247047
247048
247049
247053
247054
247058
247059
247060
247061
247062
247063
247069
247073
247075
247077
247082
247086
247088
247089
247092
247094
247096
247097
247098
247099
247100
247103
247104
247106
247107
247108
247110
247116
247117
247120
247124
247125
247127
247128
247129
247132
247133
247136
247137
247138
247139
247140
247145
247147
247148
247149
247150
247152
247154
247155
247156
247158
247160
247163
247167
247168
247169
247170
247171
247172
247174
247178
247181
247182
247183
247185
247187
247189
247192
247193
247196
247197
247198
247199
247202
247207
247213
247215
247217
247218
247219
247221
247223
247224
247225
247227
247229
247231
247232
247234
247237
247241
247251
247254
247257
247260
247261
247262
247263
247265
247266
247267
247268
247269
247271
247273
247275
247278
247282
247283
247284
247285
247286
247287
247289
247290
247291
247292
247295
247296
247298
247300
247302
247303
247305
247306
247314
247315
247317
247321
247322
247323
247324
247327
247328
247329
247331
247332
247334
247337
247338
247340
247341
247345
247346
247348
247349
247354
247355
247358
247361
247362
247363
247366
247367
247369
247370
247371
247373
247377
247379
247380
247382
247383
247385
247387
247388
247389
247390
247393
247394
247395
247396
247398
247401
247404
247405
247407
247410
247413
247414
247415
247416
247418
247421
247422
247423
247424
247425
247427
247429
247431
247433
247435
247436
247443
247446
247447
247448
247449
247450
247451
247454
247455
247456
247458
247460
247463
247466
247470
247471
247475
247478
247480
247482
247483
247486
247489
247490
247491
247492
247494
247496
247497
247499
247501
247502
247503
247505
247512
247514
247516
247518
247519
247521
247522
247524
247528
247529
247531
247532
247537
247538
247542
247544
247547
247549
247551
247552
247554
247556
247558
247559
247560
247561
247562
247565
247566
247569
247570
247571
247576
247577
247578
247579
247580
247581
247582
247586
247593
247596
247598
247603
247605
247607
247615
247617
247618
247619
247620
247621
247624
247626
247627
247628
247632
247633
247634
247635
247636
247641
247643
247645
247646
247647
247648
247649
247651
247657
247658
247661
247665
247668
247670
247671
247672
247675
247677
247680
247683
247684
247688
247690
247691
247694
247696
247699
247700
247702
247704
247708
247711
247712
247713
247714
247719
247721
247722
247724
247726
247728
247736
247737
247738
247740
247742
247744
247745
247746
247747
247748
247749
247750
247751
247754
247758
247761
247763
247766
247768
247772
247774
247776
247780
247784
247785
247787
247792
247794
247796
247798
247800
247801
247803
247804
247805
247808
247810
247811
247812
247815
247816
247817
247819
247820
247821
247823
247824
247826
247827
247836
247837
247838
247840
247844
247846
247848
247851
247854
247855
247858
247862
247864
247867
247868
247870
247872
247873
247874
247879
247880
247882
247883
247884
247885
247886
247888
247890
247891
247894
247895
247896
247905
247906
247907
247908
247910
247911
247916
247917
247920
247923
247928
247929
247931
247932
247936
247941
247944
247945
247947
247948
247955
247957
247961
247963
247964
247967
247968
247970
247972
247973
247974
247975
247976
247979
247980
247981
247987
247988
247989
247991
247994
247996
247997
247999
248001
248004
248005
248006
248008
248009
248010
248011
248012
248015
248016
248019
248020
248022
248024
248025
248026
248027
248028
248030
248032
248034
248035
248037
248039
248044
248046
248047
248049
248051
248053
248054
248055
248056
248057
248058
248059
248060
248061
248065
248066
248067
248071
248072
248073
248075
248076
248077
248079
248080
248081
248084
248085
248092
248096
248098
248099
248100
248102
248103
248107
248109
248110
248112
248115
248117
248119
248120
248124
248125
248128
248129
248131
248132
248134
248138
248143
248146
248147
248148
248152
248155
248157
248159
248165
248168
248171
248172
248173
248174
248175
248178
248179
248180
248185
248187
248188
248193
248196
248197
248199
248201
248202
248203
248206
248209
248212
248213
248214
248216
248218
248219
248223
248225
248227
248231
248234
248236
248239
248244
248247
248248
248249
248251
248253
248254
248255
248258
248259
248260
248262
248264
248265
248268
248269
248270
248271
248274
248275
248278
248279
248280
248282
248283
248284
248286
248287
248288
248289
248290
248292
248294
248295
248297
248298
248301
248304
248305
248309
248310
248314
248322
248324
248326
248327
248329
248330
248332
248333
248336
248340
248341
248344
248345
248346
248349
248351
248353
248355
248356
248360
248361
248365
248366
248369
248370
248372
248373
248374
248375
248376
248377
248378
248379
248380
248381
248383
248385
248388
248390
248391
248392
248394
248395
248396
248399
248406
248407
248409
248410
248411
248415
248416
248417
248418
248421
248422
248423
248424
248427
248428
248429
248430
248432
248434
248438
248439
248440
248442
248444
248447
248448
248449
248451
248453
248454
248455
248456
248457
248459
248462
248463
248465
248473
248475
248480
248481
248483
248484
248485
248486
248487
248490
248492
248493
248494
248495
248496
248498
248499
248500
248506
248509
248510
248513
248514
248516
248519
248520
248522
248523
248524
248526
248527
248529
248530
248532
248534
248537
248541
248543
248546
248547
248550
248551
248552
248554
248557
248558
248559
248562
248563
248565
248566
248571
248574
248576
248578
248579
248580
248581
248583
248585
248587
248592
248593
248594
248599
248601
248604
248605
248606
248607
248608
248609
248611
248612
248614
248615
248616
248623
248627
248628
248630
248631
248632
248637
248639
248643
248644
248650
248651
248652
248654
248658
248659
248662
248664
248665
248667
248668
248671
248672
248673
248675
248677
248682
248686
248687
248689
248690
248692
248694
248695
248698
248700
248702
248705
248706
248709
248710
248714
248715
248716
248717
248720
248726
248727
248728
248729
248730
248737
248740
248742
248747
248749
248751
248752
248753
248754
248756
248761
248763
248764
248767
248768
248771
248774
248775
248776
248780
248781
248782
248783
248785
248788
248792
248795
248798
248800
248802
248803
248804
248807
248809
248812
248813
248814
248815
248817
248819
248820
248821
248824
248826
248827
248829
248833
248837
248839
248840
248842
248843
248844
248845
248846
248847
248848
248852
248854
248857
248859
248860
248862
248863
248864
248865
248866
248868
248869
248872
248873
248874
248877
248878
248880
248881
248887
248888
248892
248895
248896
248898
248900
248902
248905
248906
248907
248910
248916
248918
248920
248921
248924
248926
248928
248930
248931
248932
248938
248939
248940
248941
248942
248943
248944
248945
248948
248950
248953
248954
248955
248958
248959
248960
248961
248964
248965
248967
248969
248970
248976
248977
248978
248979
248980
248981
248982
248983
248984
248988
248989
248993
248994
249003
249004
249006
249007
249008
249010
249012
249013
249015
249016
249018
249019
249020
249024
249025
249026
249029
249030
249037
249038
249043
249044
249048
249049
249051
249053
249054
249056
249057
249059
249065
249066
249068
249069
249070
249071
249072
249073
249080
249081
249082
249084
249086
249087
249088
249089
249092
249093
249094
249095
249097
249102
249104
249108
249109
249110
249115
249116
249117
249119
249121
249124
249125
249126
249127
249128
249130
249131
249132
249141
249143
249146
249147
249149
249150
249151
249153
249154
249156
249162
249163
249167
249168
249169
249171
249172
249175
249177
249178
249179
249184
249186
249189
249191
249192
249193
249194
249202
249204
249206
249210
249212
249214
249218
249219
249220
249221
249222
249223
249226
249227
249229
249230
249232
249233
249234
249240
249245
249246
249247
249248
249252
249254
249259
249261
249262
249263
249269
249273
249275
249278
249279
249280
249285
249286
249287
249288
249290
249291
249292
249293
249294
249296
249298
249299
249303
249306
249307
249308
249311
249313
249314
249321
249322
249325
249327
249341
249344
249348
249350
249351
249352
249353
249356
249358
249360
249361
249366
249367
249368
249369
249370
249371
249375
249377
249378
249380
249381
249383
249385
249388
249389
249391
249395
249397
249398
249400
249403
249406
249407
249409
249410
249411
249413
249416
249417
249419
249422
249423
249427
249430
249431
249432
249433
249437
249439
249440
249441
249447
249448
249449
249450
249454
249456
249458
249462
249470
249471
249472
249473
249474
249475
249476
249482
249483
249484
249485
249487
249489
249492
249501
249502
249507
249510
249514
249516
249517
249518
249520
249523
249526
249527
249530
249533
249535
249536
249538
249540
249542
249543
249547
249550
249551
249552
249553
249554
249555
249556
249560
249562
249563
249564
249567
249570
249571
249572
249577
249579
249581
249582
249584
249585
249586
249587
249591
249592
249594
249595
249599
249600
249603
249607
249608
249609
249611
249612
249614
249617
249620
249624
249625
249626
249627
249630
249631
249632
249634
249635
249636
249637
249639
249642
249643
249644
249646
249647
249648
249649
249652
249657
249659
249661
249663
249665
249669
249671
249672
249674
249675
249676
249677
249679
249681
249682
249684
249685
249687
249688
249689
249690
249691
249692
249693
249698
249700
249701
249702
249703
249704
249707
249709
249710
249711
249712
249714
249717
249718
249719
249720
249721
249722
249723
249724
249725
249727
249730
249732
249741
249742
249744
249747
249750
249753
249754
249755
249757
249758
249759
249762
249764
249765
249767
249768
249769
249772
249774
249776
249777
249779
249784
249785
249786
249787
249788
249791
249793
249794
249807
249812
249814
249816
249818
249821
249822
249823
249824
249825
249835
249838
249841
249842
249843
249846
249847
249849
249851
249852
249853
249854
249856
249860
249866
249868
249869
249871
249873
249874
249876
249878
249880
249883
249888
249889
249892
249896
249897
249898
249900
249901
249902
249904
249905
249906
249907
249910
249911
249913
249914
249915
249916
249918
249920
249921
249922
249927
249928
249933
249934
249937
249938
249942
249945
249947
249950
249953
249958
249962
249965
249967
249968
249969
249970
249972
249973
249974
249976
249977
249983
249984
249987
249990
249994
249995
249997
249998
250003
250005
250006
250008
250009
250010
250012
250013
250015
250017
250019
250020
250021
250022
250023
250026
250027
250028
250029
250030
250031
250033
250034
250036
250037
250039
250040
250041
250042
250045
250048
250050
250051
250052
250053
250056
250058
250060
250061
250062
250063
250065
250066
250067
250068
250070
250071
250073
250074
250076
250078
250080
250084
250085
250089
250090
250093
250095
250096
250097
250099
250100
250104
250107
250108
250111
250113
250114
250115
250116
250118
250120
250122
250123
250124
250126
250128
250129
250130
250131
250134
250137
250138
250140
250141
250142
250144
250147
250148
250151
250155
250156
250158
250159
250160
250165
250166
250167
250168
250169
250170
250172
250177
250178
250179
250182
250183
250184
250186
250189
250191
250195
250196
250197
250202
250208
250212
250214
250215
250217
250218
250221
250224
250225
250226
250227
250229
250231
250232
250233
250237
250239
250241
250243
250247
250249
250250
250251
250252
250253
250254
250255
250261
250262
250263
250264
250265
250266
250267
250268
250269
250273
250274
250275
250277
250279
250283
250284
250287
250288
250290
250292
250293
250294
250295
250296
250298
250300
250303
250305
250306
250307
250309
250311
250312
250313
250316
250317
250320
250323
250325
250326
250327
250329
250333
250336
250338
250343
250347
250351
250354
250355
250361
250362
250364
250365
250366
250368
250369
250370
250372
250375
250378
250379
250380
250381
250385
250389
250391
250396
250398
250399
250400
250402
250405
250408
250409
250411
250412
250413
250415
250417
250421
250423
250427
250428
250430
250431
250432
250438
250439
250441
250443
250444
250445
250446
250449
250450
250452
250454
250455
250458
250459
250460
250462
250465
250466
250467
250468
250470
250476
250477
250478
250480
250482
250483
250485
250488
250493
250494
250496
250498
250499
250502
250504
250508
250509
250510
250515
250518
250519
250520
250521
250522
250523
250524
250527
250528
250533
250535
250536
250540
250541
250545
250546
250549
250550
250553
250555
250557
250561
250562
250563
250564
250565
250567
250570
250571
250572
250573
250574
250576
250577
250578
250580
250581
250582
250583
250589
250591
250592
250593
250594
250597
250598
250599
250601
250602
250603
250604
250605
250606
250607
250609
250612
250615
250616
250618
250619
250623
250624
250626
250628
250629
250631
250632
250635
250636
250637
250641
250644
250649
250652
250653
250658
250659
250666
250669
250670
250671
250672
250677
250678
250680
250682
250683
250684
250685
250686
250692
250693
250696
250700
250702
250705
250706
250708
250712
250717
250718
250721
250722
250723
250724
250725
250728
250731
250732
250736
250737
250738
250739
250740
250741
250743
250745
250747
250748
250749
250750
250752
250754
250755
250756
250757
250758
250759
250760
250765
250766
250768
250771
250772
250773
250776
250777
250778
250780
250781
250782
250784
250788
250790
250791
250793
250794
250796
250797
250798
250799
250800
250801
250803
250804
250805
250812
250813
250814
250816
250817
250821
250822
250825
250826
250827
250828
250829
250832
250834
250835
250836
250838
250840
250842
250843
250848
250849
250855
250856
250857
250858
250859
250861
250863
250864
250868
250870
250871
250872
250877
250878
250879
250880
250882
250884
250885
250887
250888
250889
250890
250895
250896
250903
250904
250907
250910
250911
250913
250914
250915
250919
250921
250925
250927
250931
250934
250935
250936
250937
250938
250941
250942
250943
250944
250948
250950
250951
250953
250954
250957
250958
250959
250962
250963
250966
250968
250969
250970
250971
250973
250974
250975
250976
250977
250979
250980
250982
250983
250984
250986
250988
250990
250993
250994
250996
250997
251001
251002
251004
251010
251013
251014
251019
251020
251021
251023
251024
251026
251029
251031
251032
251033
251034
251036
251037
251039
251040
251041
251042
251043
251045
251047
251049
251050
251051
251053
251056
251062
251063
251066
251067
251070
251071
251075
251076
251080
251085
251087
251088
251089
251090
251091
251092
251094
251095
251097
251102
251105
251106
251116
251117
251118
251123
251124
251125
251126
251127
251128
251129
251135
251136
251137
251138
251139
251140
251143
251145
251148
251150
251151
251153
251154
251155
251157
251158
251162
251163
251164
251165
251166
251167
251170
251172
251174
251175
251178
251179
251181
251182
251183
251184
251186
251187
251189
251190
251192
251194
251198
251201
251202
251205
251208
251209
251211
251215
251218
251221
251223
251229
251233
251235
251236
251237
251238
251240
251241
251242
251243
251244
251245
251246
251248
251249
251253
251254
251257
251258
251261
251263
251269
251271
251272
251273
251275
251278
251281
251284
251286
251287
251288
251295
251296
251297
251298
251299
251300
251302
251303
251304
251305
251310
251312
251316
251319
251324
251325
251330
251332
251333
251334
251337
251339
251340
251341
251342
251343
251344
251349
251351
251356
251357
251358
251360
251361
251362
251363
251364
251373
251374
251375
251376
251378
251379
251382
251385
251387
251389
251390
251391
251392
251393
251395
251396
251397
251401
251403
251404
251405
251408
251409
251411
251414
251415
251416
251419
251420
251425
251426
251427
251429
251431
251433
251434
251436
251438
251439
251440
251442
251444
251446
251449
251452
251454
251455
251456
251459
251460
251461
251462
251464
251467
251469
251470
251472
251477
251480
251481
251486
251490
251491
251492
251493
251496
251497
251498
251501
251504
251506
251507
251508
251510
251511
251514
251515
251516
251522
251523
251527
251528
251530
251534
251536
251537
251538
251541
251544
251545
251547
251548
251549
251551
251555
251559
251563
251566
251567
251568
251569
251573
251575
251577
251580
251582
251584
251587
251588
251589
251595
251596
251597
251598
251601
251602
251604
251605
251606
251607
251610
251612
251614
251615
251621
251624
251625
251626
251627
251628
251632
251634
251635
251638
251639
251640
251641
251643
251646
251647
251649
251651
251652
251655
251656
251657
251658
251661
251669
251670
251671
251672
251673
251678
251685
251686
251687
251692
251693
251694
251695
251698
251699
251700
251701
251704
251705
251710
251711
251715
251716
251717
251719
251720
251727
251729
251730
251733
251735
251737
251738
251740
251748
251750
251751
251753
251755
251757
251758
251759
251761
251762
251764
251765
251767
251770
251771
251772
251773
251774
251776
251780
251783
251788
251789
251791
251792
251793
251794
251795
251796
251798
251802
251805
251807
251808
251810
251811
251813
251819
251825
251830
251833
251834
251835
251837
251839
251840
251841
251846
251847
251848
251852
251854
251855
251856
251860
251861
251862
251863
251867
251868
251869
251870
251871
251874
251875
251876
251880
251881
251883
251885
251889
251893
251898
251901
251902
251904
251906
251907
251909
251910
251912
251913
251914
251917
251919
251920
251921
251922
251923
251924
251925
251928
251930
251934
251935
251937
251939
251940
251941
251943
251944
251945
251946
251950
251951
251952
251953
251954
251955
251956
251959
251961
251965
251966
251967
251968
251970
251972
251973
251978
251979
251980
251982
251983
251984
251991
251995
251996
251998
251999
252000
252003
252005
252006
252008
252009
252011
252012
252013
252015
252017
252018
252020
252024
252025
252026
252027
252029
252030
252031
252033
252035
252040
252044
252045
252046
252048
252049
252053
252056
252059
252061
252062
252065
252067
252069
252071
252072
252073
252075
252077
252081
252084
252086
252087
252090
252092
252093
252098
252100
252102
252104
252105
252107
252108
252109
252112
252114
252115
252119
252120
252121
252122
252123
252125
252127
252128
252131
252132
252137
252139
252141
252142
252144
252146
252149
252150
252154
252159
252160
252161
252162
252163
252166
252168
252169
252171
252172
252173
252176
252177
252178
252180
252183
252184
252186
252189
252190
252192
252199
252201
252203
252206
252207
252218
252222
252224
252225
252229
252230
252231
252236
252237
252238
252241
252243
252244
252245
252246
252252
252254
252258
252261
252263
252267
252269
252271
252272
252273
252275
252277
252278
252279
252280
252287
252288
252289
252290
252291
252292
252294
252295
252296
252298
252299
252300
252302
252303
252304
252305
252306
252307
252308
252309
252310
252312
252314
252315
252320
252322
252327
252329
252331
252332
252333
252334
252337
252339
252341
252343
252346
252347
252352
252361
252363
252364
252368
252370
252372
252376
252380
252382
252384
252387
252389
252391
252393
252394
252398
252399
252400
252401
252402
252403
252405
252406
252408
252410
252414
252419
252420
252421
252426
252427
252428
252429
252431
252433
252436
252437
252442
252445
252447
252449
252453
252461
252463
252465
252467
252471
252475
252476
252478
252481
252483
252484
252485
252486
252487
252489
252490
252491
252494
252495
252496
252497
252501
252503
252506
252509
252510
252514
252519
252521
252522
252523
252524
252527
252528
252529
252530
252532
252533
252535
252537
252541
252542
252543
252550
252551
252552
252554
252555
252556
252557
252560
252563
252569
252574
252577
252586
252587
252588
252591
252592
252594
252596
252597
252598
252599
252600
252604
252606
252609
252611
252612
252614
252617
252619
252620
252621
252622
252624
252626
252627
252628
252629
252630
252632
252634
252636
252637
252640
252641
252642
252643
252644
252647
252650
252661
252662
252664
252665
252666
252667
252668
252669
252670
252672
252673
252676
252678
252679
252683
252685
252686
252688
252691
252693
252694
252700
252701
252702
252703
252704
252705
252707
252710
252713
252714
252715
252716
252718
252720
252727
252731
252733
252734
252735
252736
252738
252740
252741
252744
252745
252746
252747
252750
252751
252752
252753
252754
252756
252758
252759
252760
252761
252762
252763
252764
252766
252771
252772
252774
252775
252776
252777
252783
252784
252786
252788
252789
252791
252792
252793
252795
252797
252798
252801
252802
252803
252804
252805
252806
252808
252810
252812
252813
252814
252816
252818
252822
252824
252826
252827
252828
252829
252832
252833
252834
252835
252838
252840
252841
252845
252849
252850
252851
252852
252853
252856
252857
252858
252859
252860
252861
252862
252865
252873
252874
252875
252880
252881
252882
252884
252886
252887
252888
252889
252890
252892
252895
252896
252899
252900
252901
252902
252903
252904
252906
252912
252913
252914
252915
252917
252920
252921
252922
252924
252925
252926
252928
252932
252934
252935
252938
252939
252940
252943
252944
252947
252949
252951
252952
252956
252957
252963
252964
252965
252967
252968
252971
252975
252976
252978
252979
252983
252985
252986
252991
252994
252996
252997
252999
253002
253005
253006
253009
253012
253014
253015
253016
253018
253024
253026
253027
253028
253029
253030
253031
253035
253036
253037
253041
253042
253044
253045
253048
253049
253051
253053
253054
253055
253058
253060
253061
253065
253067
253070
253071
253073
253075
253077
253084
253085
253086
253087
253090
253092
253093
253096
253097
253098
253099
253101
253105
253107
253108
253109
253111
253113
253114
253115
253117
253119
253122
253124
253125
253126
253127
253128
253130
253133
253134
253135
253137
253139
253140
253144
253151
253153
253156
253159
253160
253161
253165
253168
253173
253174
253176
253177
253178
253180
253181
253183
253184
253185
253186
253187
253189
253192
253193
253195
253196
253202
253203
253211
253214
253215
253218
253221
253223
253224
253226
253227
253229
253231
253232
253233
253235
253236
253237
253240
253241
253242
253244
253245
253250
253251
253253
253255
253256
253257
253259
253264
253265
253267
253272
253274
253275
253280
253281
253282
253284
253285
253286
253287
253288
253294
253296
253299
253303
253306
253314
253315
253317
253321
253326
253327
253328
253330
253331
253335
253336
253338
253339
253340
253341
253342
253346
253347
253348
253349
253350
253351
253352
253353
253356
253358
253366
253367
253368
253369
253370
253371
253373
253374
253377
253378
253380
253381
253382
253383
253384
253385
253386
253389
253391
253393
253394
253395
253397
253398
253399
253400
253403
253405
253406
253409
253410
253411
253412
253414
253417
253421
253422
253424
253425
253426
253430
253431
253432
253436
253438
253440
253444
253448
253450
253451
253452
253454
253455
253457
253459
253460
253465
253466
253476
253477
253478
253479
253481
253482
253484
253485
253487
253489
253491
253495
253499
253502
253503
253504
253505
253508
253509
253511
253512
253513
253518
253521
253522
253523
253526
253527
253532
253535
253539
253540
253543
253544
253545
253546
253547
253554
253556
253557
253560
253561
253562
253564
253565
253567
253569
253570
253571
253572
253573
253576
253578
253579
253580
253581
253586
253588
253589
253595
253596
253597
253599
253602
253607
253608
253609
253611
253612
253615
253616
253617
253618
253619
253621
253624
253625
253626
253629
253635
253641
253643
253645
253646
253647
253649
253651
253654
253655
253660
253661
253662
253664
253668
253670
253672
253673
253674
253675
253685
253686
253688
253689
253691
253693
253696
253697
253700
253702
253704
253708
253709
253710
253715
253718
253719
253720
253723
253724
253725
253728
253729
253731
253733
253734
253736
253737
253740
253741
253743
253746
253748
253750
253751
253752
253753
253754
253755
253756
253757
253759
253767
253768
253772
253773
253775
253777
253782
253783
253784
253787
253790
253793
253796
253805
253808
253810
253812
253814
253815
253816
253817
253821
253824
253825
253828
253829
253830
253832
253833
253834
253836
253837
253838
253840
253841
253843
253845
253847
253849
253851
253852
253853
253854
253855
253857
253858
253859
253861
253862
253864
253865
253866
253867
253871
253872
253874
253876
253877
253878
253879
253880
253881
253882
253885
253887
253888
253889
253894
253897
253899
253901
253902
253906
253908
253910
253922
253923
253925
253926
253930
253932
253933
253934
253935
253939
253940
253941
253942
253943
253949
253951
253952
253953
253957
253958
253960
253962
253966
253967
253969
253972
253974
253976
253977
253979
253981
253982
253985
253987
253989
253990
253993
253996
253997
253998
254006
254010
254011
254012
254013
254016
254018
254021
254023
254024
254027
254029
254030
254033
254034
254036
254039
254040
254041
254043
254044
254045
254048
254049
254052
254053
254055
254056
254057
254058
254061
254062
254064
254066
254068
254069
254070
254071
254072
254073
254074
254075
254076
254077
254079
254080
254081
254082
254086
254087
254088
254089
254090
254091
254096
254097
254098
254099
254101
254102
254103
254104
254107
254108
254109
254111
254113
254115
254116
254120
254121
254122
254126
254127
254128
254133
254137
254138
254139
254142
254143
254145
254146
254148
254149
254151
254153
254155
254156
254157
254158
254161
254162
254163
254165
254166
254170
254172
254174
254177
254181
254183
254184
254187
254189
254190
254191
254193
254199
254201
254203
254204
254205
254206
254208
254210
254213
254214
254216
254220
254221
254225
254226
254227
254232
254234
254235
254236
254239
254240
254242
254243
254244
254245
254249
254251
254252
254253
254256
254261
254262
254263
254264
254265
254267
254269
254272
254275
254277
254286
254289
254290
254293
254294
254295
254299
254300
254301
254303
254304
254305
254307
254311
254312
254313
254314
254315
254320
254321
254323
254324
254328
254329
254337
254339
254343
254347
254348
254349
254350
254353
254354
254355
254356
254358
254359
254361
254366
254367
254368
254370
254371
254373
254375
254376
254377
254378
254379
254381
254382
254384
254386
254389
254395
254402
254405
254408
254409
254410
254411
254413
254414
254415
254416
254418
254420
254421
254422
254426
254427
254428
254430
254432
254433
254434
254435
254436
254437
254438
254439
254442
254443
254449
254451
254453
254454
254455
254456
254461
254464
254466
254468
254470
254471
254472
254473
254474
254475
254476
254477
254480
254482
254483
254484
254485
254487
254489
254492
254494
254495
254496
254497
254498
254501
254504
254506
254508
254509
254510
254513
254515
254516
254517
254518
254524
254528
254529
254538
254539
254540
254541
254542
254543
254544
254545
254546
254547
254548
254549
254551
254552
254553
254554
254557
254566
254567
254568
254571
254572
254574
254575
254576
254581
254586
254588
254592
254595
254597
254599
254601
254602
254604
254605
254610
254611
254612
254615
254616
254620
254621
254622
254624
254625
254626
254631
254637
254638
254639
254640
254647
254649
254650
254652
254657
254662
254663
254665
254672
254673
254674
254679
254681
254686
254689
254694
254696
254698
254699
254702
254705
254706
254710
254711
254712
254713
254714
254715
254718
254721
254723
254724
254725
254727
254728
254730
254731
254734
254735
254738
254742
254747
254748
254752
254753
254755
254760
254762
254764
254765
254766
254767
254770
254771
254772
254777
254780
254781
254782
254783
254784
254790
254792
254798
254799
254802
254803
254804
254809
254810
254811
254814
254816
254817
254820
254821
254830
254831
254832
254833
254836
254841
254843
254847
254849
254851
254855
254856
254859
254860
254862
254865
254866
254869
254870
254873
254874
254877
254879
254880
254881
254882
254885
254887
254888
254891
254895
254897
254902
254906
254912
254913
254914
254915
254916
254918
254919
254922
254923
254926
254927
254930
254931
254933
254934
254935
254938
254941
254943
254945
254946
254949
254950
254952
254955
254957
254958
254959
254960
254962
254966
254967
254969
254972
254975
254977
254978
254981
254982
254983
254984
254985
254987
254990
254991
254992
254993
254994
254995
254996
254997
254998
255000
255001
255002
255008
255012
255014
255016
255017
255018
255019
255020
255021
255022
255024
255026
255028
255029
255030
255031
255033
255034
255036
255042
255045
255048
255050
255051
255056
255058
255060
255062
255064
255065
255066
255067
255068
255069
255072
255075
255076
255077
255080
255082
255083
255084
255085
255086
255089
255090
255091
255095
255097
255098
255100
255101
255103
255104
255105
255106
255107
255110
255111
255112
255113
255114
255118
255119
255121
255125
255127
255128
255129
255130
255133
255134
255135
255137
255138
255141
255143
255148
255149
255153
255155
255156
255158
255159
255162
255163
255165
255166
255167
255168
255169
255170
255171
255172
255178
255180
255182
255188
255189
255192
255194
255196
255197
255198
255200
255201
255203
255205
255207
255208
255210
255212
255214
255215
255216
255217
255218
255219
255220
255222
255223
255225
255226
255230
255234
255236
255238
255241
255245
255248
255253
255255
255257
255258
255259
255261
255263
255264
255269
255270
255271
255272
255274
255275
255276
255278
255279
255283
255286
255289
255292
255294
255296
255300
255302
255305
255307
255311
255313
255314
255315
255317
255318
255319
255320
255321
255322
255324
255325
255331
255332
255337
255343
255347
255348
255349
255361
255363
255368
255370
255371
255373
255374
255376
255378
255379
255380
255384
255390
255391
255393
255395
255397
255398
255399
255400
255401
255403
255404
255405
255406
255409
255410
255411
255418
255419
255425
255427
255428
255429
255431
255432
255433
255435
255436
255439
255444
255446
255449
255459
255466
255467
255470
255472
255473
255479
255481
255483
255487
255489
255490
255491
255494
255496
255501
255504
255507
255508
255509
255510
255514
255515
255518
255519
255522
255524
255525
255527
255528
255529
255530
255531
255537
255540
255541
255542
255544
255549
255551
255553
255556
255557
255559
255560
255563
255564
255566
255574
255575
255578
255579
255585
255586
255587
255588
255590
255592
255593
255594
255595
255599
255604
255607
255608
255609
255612
255614
255616
255617
255618
255619
255620
255622
255625
255626
255632
255634
255635
255636
255638
255646
255648
255649
255650
255651
255652
255654
255655
255656
255657
255658
255661
255663
255664
255666
255667
255670
255671
255673
255674
255676
255678
255680
255681
255683
255685
255686
255687
255688
255693
255694
255695
255696
255698
255701
255702
255703
255705
255706
255707
255708
255715
255717
255722
255726
255729
255730
255731
255732
255733
255734
255735
255739
255740
255741
255743
255746
255748
255756
255757
255759
255760
255761
255762
255764
255765
255770
255775
255776
255779
255780
255782
255784
255786
255790
255793
255795
255797
255799
255800
255801
255802
255809
255810
255814
255816
255817
255818
255820
255821
255824
255825
255826
255831
255834
255835
255837
255838
255839
255840
255841
255843
255849
255852
255853
255854
255857
255862
255863
255864
255865
255866
255867
255868
255872
255874
255875
255876
255877
255878
255880
255884
255886
255893
255897
255898
255904
255905
255906
255907
255909
255910
255914
255916
255918
255919
255926
255927
255930
255933
255938
255940
255942
255944
255945
255946
255947
255950
255954
255956
255957
255958
255959
255960
255962
255965
255966
255970
255972
255976
255977
255979
255980
255985
255986
255988
255989
255991
255992
255993
255994
255997
255998
256000
256003
256004
256008
256011
256013
256014
256017
256018
256019
256021
256022
256023
256024
256025
256026
256029
256034
256036
256037
256040
256044
256046
256047
256050
256051
256053
256054
256055
256056
256057
256060
256061
256062
256064
256066
256068
256070
256071
256072
256073
256074
256076
256077
256079
256080
256082
256089
256090
256091
256092
256093
256095
256100
256101
256102
256103
256105
256106
256111
256112
256113
256114
256115
256116
256118
256120
256121
256125
256127
256128
256129
256130
256131
256133
256134
256137
256141
256143
256147
256149
256150
256151
256154
256155
256156
256157
256159
256160
256161
256162
256166
256169
256170
256173
256174
256175
256176
256177
256178
256179
256180
256182
256183
256187
256189
256190
256191
256192
256193
256196
256197
256205
256207
256208
256210
256211
256213
256215
256217
256218
256219
256220
256222
256223
256224
256226
256229
256230
256231
256232
256233
256234
256235
256239
256244
256248
256250
256251
256253
256254
256256
256257
256259
256265
256267
256268
256269
256271
256273
256274
256278
256280
256283
256286
256287
256288
256289
256292
256295
256298
256300
256304
256305
256306
256308
256309
256312
256315
256318
256320
256321
256322
256326
256327
256328
256330
256331
256333
256337
256339
256341
256345
256346
256348
256349
256350
256351
256352
256353
256354
256357
256360
256362
256363
256364
256366
256368
256370
256371
256372
256374
256375
256377
256378
256379
256381
256384
256385
256388
256390
256391
256396
256398
256401
256404
256405
256408
256412
256413
256418
256421
256422
256424
256426
256427
256428
256429
256430
256433
256434
256439
256441
256444
256446
256449
256459
256461
256462
256468
256470
256471
256476
256481
256483
256488
256489
256490
256491
256492
256494
256495
256497
256498
256499
256502
256503
256507
256508
256509
256510
256511
256514
256517
256520
256521
256522
256525
256526
256529
256534
256538
256542
256543
256544
256547
256552
256553
256555
256556
256557
256558
256559
256561
256564
256565
256567
256568
256571
256574
256577
256578
256579
256581
256582
256587
256589
256592
256593
256595
256596
256598
256599
256600
256605
256606
256613
256614
256615
256617
256621
256622
256626
256628
256630
256631
256632
256635
256636
256639
256640
256643
256645
256646
256647
256649
256650
256652
256655
256656
256658
256659
256660
256661
256662
256663
256664
256665
256668
256669
256670
256671
256673
256675
256677
256679
256680
256681
256682
256684
256685
256687
256692
256693
256694
256696
256697
256701
256702
256703
256704
256705
256708
256710
256711
256712
256713
256720
256725
256730
256731
256734
256737
256739
256745
256748
256749
256754
256756
256760
256763
256764
256766
256767
256774
256778
256785
256787
256788
256789
256794
256796
256797
256799
256800
256802
256803
256804
256805
256808
256810
256811
256813
256814
256820
256823
256824
256825
256827
256828
256829
256830
256832
256834
256839
256840
256841
256843
256849
256850
256851
256853
256854
256855
256858
256859
256861
256862
256865
256870
256871
256873
256874
256877
256878
256880
256881
256889
256890
256891
256892
256894
256896
256898
256899
256902
256903
256905
256906
256908
256909
256910
256911
256912
256913
256914
256915
256916
256919
256920
256921
256922
256924
256926
256930
256931
256932
256935
256939
256942
256944
256945
256948
256949
256950
256951
256954
256955
256956
256959
256961
256964
256965
256969
256971
256973
256975
256978
256985
256989
256990
256994
256998
257001
257003
257004
257005
257006
257007
257008
257011
257012
257013
257014
257016
257017
257019
257020
257023
257025
257029
257031
257032
257033
257036
257037
257040
257041
257042
257043
257046
257047
257050
257053
257054
257057
257058
257059
257062
257065
257066
257071
257072
257075
257076
257077
257080
257085
257088
257089
257090
257093
257095
257097
257102
257104
257105
257106
257107
257109
257111
257115
257116
257117
257118
257119
257121
257122
257125
257128
257129
257133
257134
257135
257136
257137
257140
257141
257145
257148
257149
257150
257156
257157
257161
257163
257165
257166
257167
257170
257171
257172
257174
257177
257178
257179
257181
257182
257183
257184
257185
257188
257189
257190
257191
257195
257196
257202
257203
257204
257205
257206
257207
257208
257210
257212
257213
257214
257217
257218
257219
257220
257221
257229
257230
257231
257232
257234
257235
257236
257241
257243
257246
257247
257248
257251
257252
257256
257257
257258
257260
257263
257265
257266
257268
257269
257270
257271
257272
257273
257276
257277
257280
257281
257283
257284
257286
257287
257289
257290
257292
257293
257294
257295
257296
257297
257299
257300
257303
257305
257308
257310
257311
257312
257313
257316
257318
257319
257320
257321
257322
257323
257325
257327
257328
257329
257330
257331
257334
257336
257337
257339
257340
257342
257344
257346
257348
257349
257352
257355
257357
257359
257361
257365
257368
257372
257375
257376
257382
257383
257386
257387
257390
257391
257393
257394
257398
257400
257401
257402
257403
257404
257405
257406
257407
257409
257411
257415
257418
257419
257421
257428
257429
257431
257432
257434
257436
257437
257438
257439
257440
257441
257444
257446
257450
257453
257455
257457
257461
257462
257463
257465
257467
257470
257473
257474
257477
257479
257480
257486
257487
257488
257489
257490
257491
257492
257494
257496
257497
257498
257499
257500
257502
257504
257507
257508
257512
257514
257515
257517
257518
257520
257521
257523
257524
257525
257526
257529
257530
257532
257538
257539
257542
257544
257546
257547
257549
257550
257551
257553
257556
257558
257568
257569
257575
257576
257579
257582
257583
257584
257585
257587
257588
257591
257598
257599
257600
257603
257606
257607
257608
257611
257614
257616
257617
257618
257620
257622
257625
257626
257631
257633
257634
257636
257637
257638
257639
257640
257641
257642
257643
257644
257645
257647
257648
257651
257653
257655
257659
257663
257665
257669
257672
257673
257675
257676
257678
257681
257682
257688
257689
257692
257693
257696
257697
257698
257701
257702
257703
257706
257707
257709
257710
257711
257712
257714
257715
257717
257721
257723
257725
257727
257728
257730
257733
257735
257737
257738
257740
257742
257747
257750
257751
257752
257754
257755
257757
257758
257762
257763
257765
257769
257772
257773
257774
257775
257776
257777
257778
257782
257783
257784
257785
257788
257789
257790
257792
257798
257802
257803
257804
257805
257806
257807
257809
257810
257812
257813
257816
257819
257820
257821
257822
257823
257825
257826
257827
257829
257831
257832
257833
257838
257839
257840
257841
257842
257848
257851
257852
257854
257855
257857
257858
257865
257866
257867
257868
257869
257870
257871
257876
257879
257880
257882
257884
257888
257890
257895
257897
257899
257900
257901
257908
257912
257913
257914
257916
257918
257923
257924
257926
257927
257928
257931
257934
257935
257938
257940
257941
257943
257945
257946
257947
257951
257953
257954
257957
257961
257964
257967
257968
257969
257973
257975
257976
257979
257981
257982
257984
257986
257988
257991
257992
257993
257995
257997
257998
257999
258000
258002
258010
258011
258015
258017
258021
258022
258023
258024
258026
258029
258031
258034
258036
258037
258038
258044
258045
258046
258047
258048
258054
258058
258062
258063
258064
258065
258066
258067
258068
258070
258071
258073
258075
258077
258078
258079
258080
258081
258082
258084
258085
258087
258088
258089
258090
258096
258099
258100
258103
258104
258108
258110
258111
258112
258113
258116
258121
258128
258129
258132
258133
258134
258138
258139
258141
258146
258155
258157
258159
258161
258162
258164
258166
258170
258171
258173
258175
258177
258179
258181
258182
258185
258188
258190
258192
258194
258196
258197
258199
258201
258204
258205
258206
258207
258212
258214
258215
258216
258219
258221
258223
258225
258227
258231
258234
258237
258240
258241
258244
258245
258246
258247
258252
258254
258255
258257
258263
258264
258265
258266
258268
258269
258271
258272
258273
258275
258276
258277
258281
258283
258284
258285
258286
258287
258289
258290
258291
258293
258296
258297
258298
258300
258304
258305
258306
258307
258308
258309
258310
258311
258314
258315
258317
258318
258321
258322
258325
258331
258332
258335
258337
258340
258341
258342
258343
258344
258346
258347
258348
258349
258350
258351
258353
258361
258365
258366
258368
258370
258371
258374
258376
258378
258379
258380
258381
258382
258383
258385
258388
258390
258391
258392
258395
258399
258401
258404
258406
258407
258410
258412
258413
258414
258417
258418
258420
258424
258425
258427
258428
258430
258433
258434
258435
258436
258437
258438
258440
258442
258445
258450
258454
258455
258457
258461
258463
258464
258465
258466
258467
258468
258469
258470
258471
258472
258476
258478
258483
258488
258490
258495
258499
258500
258501
258504
258506
258512
258513
258514
258516
258518
258521
258522
258525
258527
258529
258530
258531
258534
258536
258538
258541
258544
258545
258551
258552
258555
258557
258561
258566
258569
258574
258575
258577
258578
258579
258580
258582
258584
258586
258589
258590
258591
258594
258595
258597
258601
258607
258608
258610
258612
258613
258615
258616
258617
258618
258619
258625
258626
258627
258629
258631
258632
258637
258639
258643
258644
258645
258648
258650
258651
258652
258653
258655
258656
258657
258658
258659
258660
258662
258663
258664
258666
258667
258669
258672
258674
258675
258677
258678
258679
258682
258684
258688
258691
258692
258693
258694
258695
258700
258702
258703
258704
258705
258708
258710
258713
258715
258716
258718
258719
258720
258721
258723
258725
258726
258729
258731
258733
258736
258740
258743
258744
258748
258749
258753
258757
258760
258765
258771
258775
258776
258777
258778
258779
258780
258782
258789
258791
258793
258795
258797
258799
258800
258801
258802
258803
258805
258806
258808
258809
258817
258822
258823
258828
258829
258832
258834
258838
258840
258841
258847
258848
258850
258851
258852
258853
258854
258858
258864
258866
258868
258873
258875
258876
258878
258879
258881
258883
258884
258886
258890
258892
258897
258898
258901
258902
258903
258904
258905
258906
258907
258908
258909
258911
258914
258919
258922
258932
258933
258934
258945
258946
258947
258949
258952
258957
258960
258962
258963
258966
258968
258969
258971
258974
258977
258979
258983
258984
258986
258989
258991
258993
258994
258997
258999
259001
259002
259003
259004
259006
259008
259009
259011
259012
259013
259014
259018
259019
259020
259021
259022
259024
259027
259028
259031
259032
259034
259035
259036
259037
259041
259042
259045
259047
259048
259050
259052
259055
259057
259059
259063
259064
259065
259070
259073
259074
259075
259076
259077
259078
259079
259082
259083
259086
259094
259095
259099
259101
259103
259105
259106
259107
259110
259111
259113
259115
259116
259119
259122
259126
259127
259129
259135
259141
259145
259146
259147
259148
259151
259153
259155
259157
259158
259160
259167
259170
259172
259174
259177
259179
259181
259183
259184
259185
259187
259189
259190
259191
259193
259194
259195
259196
259197
259199
259202
259205
259209
259210
259211
259215
259216
259220
259221
259222
259229
259233
259234
259236
259237
259238
259239
259241
259242
259243
259245
259246
259249
259250
259252
259254
259256
259257
259258
259260
259261
259265
259266
259267
259268
259271
259272
259274
259276
259277
259278
259279
259280
259283
259284
259286
259287
259289
259290
259296
259298
259300
259305
259310
259311
259313
259315
259316
259317
259319
259320
259322
259328
259329
259330
259335
259336
259338
259339
259340
259348
259349
259352
259355
259356
259358
259360
259363
259365
259366
259369
259371
259373
259374
259375
259376
259379
259388
259390
259391
259392
259393
259396
259397
259398
259399
259403
259408
259411
259413
259414
259416
259417
259423
259428
259432
259435
259437
259441
259442
259444
259446
259447
259448
259449
259450
259453
259455
259456
259458
259459
259461
259462
259463
259464
259467
259468
259469
259471
259475
259477
259479
259481
259485
259487
259489
259492
259496
259497
259499
259500
259502
259503
259504
259506
259508
259509
259510
259511
259516
259517
259520
259522
259526
259530
259531
259533
259535
259536
259538
259539
259541
259544
259545
259546
259550
259551
259554
259556
259557
259558
259559
259560
259564
259565
259571
259572
259575
259576
259577
259579
259580
259582
259586
259588
259594
259598
259599
259602
259604
259605
259607
259608
259610
259611
259612
259614
259618
259619
259621
259623
259624
259628
259629
259630
259631
259635
259638
259640
259642
259645
259648
259650
259651
259652
259656
259658
259659
259662
259663
259665
259666
259667
259669
259672
259675
259678
259679
259680
259682
259685
259686
259687
259691
259693
259694
259700
259706
259707
259709
259710
259713
259714
259715
259717
259718
259719
259721
259722
259723
259724
259725
259728
259730
259733
259734
259735
259737
259739
259742
259744
259747
259748
259749
259750
259756
259757
259758
259761
259765
259767
259768
259773
259775
259776
259779
259782
259787
259788
259791
259793
259794
259797
259798
259799
259805
259808
259810
259811
259814
259815
259817
259820
259821
259823
259827
259828
259832
259833
259838
259840
259843
259844
259846
259847
259848
259849
259850
259851
259852
259854
259855
259856
259857
259862
259865
259869
259872
259874
259876
259878
259880
259881
259882
259885
259886
259887
259888
259889
259890
259891
259892
259894
259895
259896
259897
259899
259901
259904
259906
259911
259913
259914
259916
259917
259920
259921
259922
259925
259927
259928
259929
259930
259931
259934
259935
259938
259940
259941
259942
259943
259944
259949
259950
259951
259958
259959
259960
259961
259973
259977
259979
259980
259983
259984
259985
259988
259992
259994
259997
260000
260004
260005
260006
260009
260010
260011
260019
260023
260026
260027
260029
260031
260033
260035
260037
260039
260040
260041
260047
260048
260049
260050
260051
260053
260054
260057
260061
260068
260071
260077
260079
260084
260085
260086
260087
260088
260092
260093
260099
260100
260102
260106
260107
260110
260113
260115
260119
260121
260123
260124
260126
260128
260130
260131
260132
260135
260136
260138
260139
260140
260141
260143
260146
260147
260150
260152
260153
260154
260155
260157
260159
260160
260164
260165
260166
260169
260170
260174
260175
260176
260179
260180
260183
260185
260189
260191
260193
260194
260196
260197
260200
260201
260202
260204
260208
260209
260210
260213
260214
260216
260217
260218
260219
260220
260221
260222
260223
260224
260225
260226
260228
260232
260236
260237
260241
260243
260244
260245
260247
260249
260252
260254
260256
260259
260261
260262
260263
260264
260268
260270
260272
260275
260276
260277
260278
260283
260285
260286
260288
260289
260290
260295
260296
260297
260298
260299
260300
260301
260302
260304
260307
260308
260309
260310
260313
260315
260319
260322
260323
260324
260325
260326
260335
260338
260339
260341
260342
260343
260344
260345
260347
260348
260349
260358
260359
260360
260362
260363
260365
260366
260367
260370
260371
260373
260374
260375
260377
260378
260379
260380
260381
260382
260385
260388
260392
260393
260396
260397
260398
260399
260400
260401
260404
260405
260408
260412
260413
260414
260416
260418
260423
260426
260427
260428
260430
260431
260433
260434
260435
260436
260438
260439
260440
260442
260443
260446
260448
260450
260451
260452
260453
260457
260462
260463
260464
260465
260466
260468
260469
260471
260473
260474
260475
260477
260478
260481
260482
260484
260489
260490
260493
260495
260496
260498
260499
260500
260507
260508
260512
260518
260521
260524
260525
260526
260528
260529
260532
260535
260536
260537
260542
260545
260546
260547
260548
260549
260551
260552
260554
260556
260561
260562
260564
260565
260566
260568
260569
260570
260572
260575
260576
260581
260582
260586
260589
260590
260591
260593
260597
260599
260600
260601
260603
260604
260605
260606
260607
260610
260611
260614
260615
260620
260624
260625
260626
260627
260629
260630
260632
260634
260635
260636
260638
260640
260641
260642
260643
260645
260646
260652
260653
260654
260656
260658
260659
260660
260661
260662
260663
260665
260669
260672
260673
260676
260677
260682
260685
260686
260689
260690
260695
260696
260699
260700
260702
260704
260706
260708
260711
260712
260713
260714
260716
260718
260719
260720
260721
260722
260723
260726
260728
260730
260731
260734
260735
260736
260739
260740
260741
260744
260745
260747
260748
260749
260750
260752
260755
260756
260757
260760
260762
260763
260765
260766
260773
260774
260778
260779
260781
260784
260793
260794
260797
260798
260799
260800
260801
260802
260806
260809
260810
260812
260816
260821
260822
260823
260825
260826
260828
260829
260832
260833
260835
260838
260840
260841
260843
260845
260846
260852
260853
260854
260855
260858
260859
260860
260861
260862
260867
260876
260885
260886
260888
260893
260894
260895
260897
260898
260899
260900
260903
260904
260905
260908
260909
260910
260911
260912
260917
260918
260919
260920
260921
260922
260925
260926
260928
260931
260932
260933
260937
260938
260942
260946
260951
260952
260958
260959
260960
260964
260968
260970
260971
260973
260976
260983
260985
260987
260990
260992
260993
260994
260997
260998
260999
261000
261001
261002
261003
261005
261006
261007
261008
261009
261010
261011
261013
261014
261019
261020
261021
261024
261026
261027
261029
261032
261033
261039
261042
261043
261046
261047
261049
261051
261055
261056
261058
261061
261066
261067
261071
261072
261073
261075
261076
261077
261078
261079
261080
261084
261085
261086
261087
261091
261092
261094
261095
261096
261098
261099
261100
261105
261109
261111
261112
261113
261114
261115
261116
261119
261120
261122
261124
261125
261131
261132
261135
261136
261139
261143
261145
261151
261153
261154
261155
261156
261157
261161
261164
261166
261168
261176
261177
261179
261182
261195
261196
261199
261200
261205
261207
261209
261210
261212
261213
261217
261218
261219
261223
261226
261227
261228
261233
261234
261235
261237
261240
261241
261244
261245
261248
261251
261255
261256
261257
261264
261266
261271
261272
261273
261274
261279
261280
261281
261285
261287
261288
261290
261292
261295
261296
261297
261298
261300
261302
261303
261305
261307
261309
261311
261312
261313
261316
261321
261322
261327
261328
261329
261330
261332
261334
261335
261336
261340
261341
261344
261350
261352
261353
261355
261357
261360
261362
261364
261368
261371
261372
261376
261379
261383
261385
261387
261389
261391
261394
261395
261397
261400
261401
261402
261403
261404
261405
261406
261412
261415
261416
261418
261420
261421
261422
261424
261425
261427
261428
261430
261432
261433
261436
261437
261438
261439
261444
261446
261448
261451
261452
261454
261457
261459
261460
261467
261468
261472
261474
261476
261478
261479
261480
261481
261483
261484
261485
261486
261487
261493
261498
261499
261500
261503
261505
261507
261508
261509
261511
261515
261517
261520
261521
261523
261526
261527
261528
261529
261531
261535
261536
261537
261540
261541
261542
261543
261544
261545
261547
261548
261550
261551
261552
261553
261554
261556
261557
261558
261560
261561
261562
261565
261567
261569
261570
261571
261572
261573
261576
261581
261583
261584
261590
261592
261593
261594
261595
261597
261598
261600
261601
261602
261604
261605
261606
261607
261610
261614
261615
261616
261617
261618
261619
261621
261622
261623
261625
261626
261629
261631
261632
261636
261640
261642
261643
261647
261648
261649
261650
261652
261656
261657
261658
261659
261665
261666
261668
261669
261672
261675
261676
261677
261679
261682
261685
261686
261688
261691
261693
261694
261698
261699
261700
261704
261705
261712
261713
261714
261717
261719
261721
261722
261724
261725
261726
261727
261730
261732
261733
261735
261738
261740
261742
261743
261744
261745
261747
261749
261751
261753
261755
261757
261759
261762
261763
261764
261766
261767
261769
261771
261773
261777
261778
261780
261781
261782
261784
261785
261787
261788
261793
261798
261799
261801
261803
261805
261806
261809
261810
261814
261818
261819
261820
261821
261822
261823
261827
261828
261829
261830
261832
261834
261835
261837
261838
261842
261847
261848
261852
261853
261854
261856
261857
261858
261863
261864
261866
261867
261868
261869
261870
261873
261874
261875
261877
261878
261882
261883
261884
261886
261887
261889
261891
261893
261894
261897
261900
261904
261905
261907
261909
261914
261917
261918
261919
261920
261921
261923
261925
261926
261928
261929
261930
261932
261933
261935
261939
261943
261944
261945
261946
261949
261950
261951
261953
261961
261962
261964
261965
261966
261967
261968
261970
261971
261974
261975
261977
261978
261979
261980
261981
261984
261987
261988
261989
261990
261994
262000
262001
262002
262004
262005
262006
262009
262011
262013
262016
262018
262019
262022
262023
262026
262030
262034
262035
262036
262037
262038
262039
262043
262045
262046
262047
262053
262054
262055
262056
262058
262060
262064
262067
262069
262071
262073
262074
262078
262081
262083
262085
262089
262090
262091
262092
262093
262095
262096
262101
262102
262105
262106
262110
262111
262114
262117
262119
262121
262122
262126
262127
262129
262131
262132
262134
262138
262139
262140
262141
262142
262144
262151
262152
262153
262156
262158
262159
262162
262165
262166
262168
262169
262172
262177
262178
262182
262184
262192
262195
262197
262198
262199
262200
262203
262207
262210
262212
262216
262217
262219
262220
262222
262224
262230
262234
262235
262237
262238
262239
262242
262244
262247
262248
262251
262252
262254
262256
262257
262259
262260
262261
262262
262265
262266
262271
262272
262273
262274
262275
262276
262277
262280
262281
262282
262283
262286
262287
262295
262299
262304
262305
262307
262314
262315
262327
262328
262329
262330
262332
262333
262335
262338
262339
262340
262342
262343
262344
262348
262353
262355
262357
262358
262359
262361
262362
262367
262368
262369
262370
262373
262374
262375
262376
262377
262379
262381
262382
262384
262386
262387
262388
262391
262392
262393
262394
262395
262399
262401
262402
262403
262404
262406
262408
262410
262411
262419
262425
262428
262429
262430
262436
262438
262439
262440
262441
262443
262444
262448
262450
262451
262452
262453
262456
262457
262459
262460
262461
262463
262466
262470
262472
262474
262476
262478
262481
262483
262485
262487
262488
262490
262498
262502
262503
262505
262507
262508
262510
262512
262514
262515
262516
262519
262520
262521
262523
262527
262528
262529
262530
262531
262532
262535
262539
262543
262545
262547
262549
262551
262552
262553
262554
262555
262558
262559
262560
262561
262565
262569
262571
262572
262574
262576
262578
262580
262581
262582
262585
262586
262589
262591
262593
262594
262596
262598
262600
262603
262604
262612
262614
262615
262616
262618
262622
262623
262625
262627
262635
262637
262638
262639
262640
262642
262644
262645
262647
262651
262652
262653
262656
262657
262659
262660
262663
262665
262667
262670
262671
262674
262675
262676
262679
262681
262682
262683
262684
262693
262694
262697
262700
262701
262706
262707
262708
262712
262714
262716
262717
262718
262724
262725
262726
262732
262734
262736
262740
262742
262743
262744
262751
262753
262754
262755
262757
262761
262770
262772
262773
262776
262779
262780
262782
262786
262787
262789
262790
262792
262793
262797
262798
262799
262800
262803
262804
262805
262806
262812
262813
262815
262816
262819
262823
262826
262827
262831
262837
262838
262839
262841
262842
262843
262845
262846
262852
262853
262858
262859
262860
262861
262863
262864
262865
262866
262867
262869
262870
262874
262875
262876
262877
262878
262883
262884
262886
262887
262891
262896
262898
262899
262903
262904
262905
262907
262911
262913
262914
262915
262918
262921
262923
262928
262929
262930
262932
262933
262934
262935
262938
262939
262942
262943
262945
262947
262948
262949
262950
262953
262955
262957
262958
262963
262965
262967
262968
262972
262973
262975
262978
262979
262982
262983
262984
262985
262990
262992
262993
262995
262996
263004
263006
263009
263011
263012
263014
263015
263019
263020
263021
263022
263024
263026
263031
263032
263034
263035
263037
263038
263042
263043
263044
263049
263050
263051
263053
263054
263057
263058
263059
263061
263062
263063
263064
263066
263068
263069
263070
263073
263074
263075
263077
263080
263081
263082
263084
263085
263087
263089
263090
263092
263093
263095
263096
263097
263099
263101
263102
263104
263106
263107
263110
263111
263113
263118
263120
263121
263123
263125
263126
263127
263130
263131
263133
263134
263135
263136
263137
263139
263140
263141
263143
263144
263145
263146
263147
263152
263153
263154
263155
263156
263157
263160
263166
263168
263170
263171
263173
263176
263178
263179
263182
263183
263186
263189
263190
263191
263192
263195
263196
263197
263198
263200
263201
263202
263203
263205
263206
263207
263208
263209
263210
263211
263212
263213
263214
263218
263220
263222
263224
263225
263227
263229
263230
263231
263232
263233
263234
263235
263237
263239
263240
263243
263245
263246
263247
263248
263252
263256
263257
263263
263264
263265
263269
263272
263274
263276
263279
263280
263281
263282
263283
263285
263286
263288
263290
263291
263292
263294
263295
263297
263299
263301
263302
263304
263305
263306
263307
263308
263311
263312
263314
263317
263320
263322
263325
263331
263332
263335
263337
263338
263340
263342
263343
263344
263345
263346
263347
263351
263352
263353
263355
263359
263362
263364
263365
263366
263367
263368
263369
263370
263372
263375
263377
263378
263379
263380
263381
263385
263387
263388
263390
263391
263392
263397
263398
263399
263400
263403
263404
263406
263407
263408
263409
263411
263412
263413
263419
263420
263423
263425
263426
263427
263428
263429
263431
263434
263435
263436
263441
263442
263443
263444
263449
263450
263452
263453
263458
263459
263463
263465
263468
263471
263474
263475
263477
263482
263483
263485
263486
263487
263493
263494
263495
263497
263499
263500
263501
263502
263504
263505
263509
263510
263514
263516
263517
263520
263521
263524
263525
263527
263530
263533
263535
263536
263540
263543
263544
263545
263546
263547
263549
263552
263553
263554
263556
263558
263560
263563
263565
263566
263571
263573
263579
263581
263583
263585
263587
263588
263591
263595
263596
263597
263599
263600
263601
263606
263607
263608
263610
263611
263613
263620
263621
263624
263625
263628
263631
263632
263636
263638
263639
263641
263642
263643
263644
263645
263647
263649
263651
263652
263659
263661
263664
263665
263666
263667
263670
263671
263672
263673
263677
263681
263687
263692
263695
263696
263697
263698
263700
263705
263706
263707
263708
263709
263710
263712
263713
263716
263719
263720
263722
263723
263727
263730
263731
263733
263737
263738
263740
263742
263743
263744
263745
263746
263749
263752
263754
263756
263757
263759
263760
263761
263763
263768
263769
263770
263771
263773
263777
263778
263779
263781
263782
263784
263785
263786
263787
263790
263792
263793
263796
263799
263802
263804
263805
263806
263808
263811
263812
263813
263814
263816
263818
263819
263820
263821
263822
263824
263834
263838
263842
263843
263844
263845
263848
263849
263850
263854
263856
263857
263858
263859
263860
263861
263866
263871
263873
263876
263877
263879
263884
263885
263886
263887
263889
263890
263891
263893
263894
263897
263898
263899
263900
263901
263905
263906
263907
263911
263915
263916
263917
263918
263920
263921
263923
263926
263931
263932
263933
263936
263937
263939
263940
263941
263942
263944
263945
263948
263949
263950
263951
263952
263954
263958
263959
263960
263961
263964
263967
263970
263971
263976
263978
263979
263980
263981
263987
263991
263992
263993
263994
264000
264001
264003
264006
264007
264008
264009
264011
264012
264013
264015
264020
264021
264024
264025
264028
264030
264031
264033
264035
264036
264039
264041
264042
264045
264048
264052
264055
264056
264057
264058
264060
264062
264063
264065
264068
264070
264074
264075
264078
264079
264083
264084
264086
264088
264090
264091
264092
264093
264094
264095
264096
264098
264103
264105
264106
264108
264110
264111
264112
264113
264116
264117
264118
264120
264123
264127
264129
264130
264135
264138
264139
264142
264143
264144
264145
264147
264149
264150
264151
264152
264153
264154
264156
264157
264158
264159
264160
264161
264162
264165
264166
264167
264169
264170
264171
264172
264174
264176
264178
264179
264181
264182
264183
264185
264186
264188
264190
264191
264193
264194
264195
264197
264198
264199
264200
264201
264202
264203
264209
264211
264213
264215
264219
264220
264221
264224
264226
264227
264230
264231
264232
264234
264237
264239
264243
264247
264248
264249
264250
264251
264252
264254
264256
264259
264261
264265
264266
264271
264276
264277
264279
264282
264283
264285
264287
264288
264290
264292
264293
264295
264298
264299
264300
264303
264308
264310
264311
264314
264316
264321
264322
264327
264329
264330
264335
264336
264338
264340
264342
264343
264344
264345
264346
264347
264348
264349
264352
264353
264354
264356
264359
264360
264362
264364
264365
264366
264368
264369
264373
264374
264375
264376
264379
264383
264387
264388
264389
264392
264395
264396
264400
264404
264405
264407
264409
264411
264413
264415
264417
264418
264419
264420
264421
264422
264423
264424
264426
264427
264429
264431
264432
264434
264438
264440
264441
264442
264444
264447
264448
264451
264452
264453
264458
264460
264462
264464
264466
264469
264471
264474
264476
264477
264480
264481
264482
264484
264491
264493
264494
264497
264498
264499
264503
264504
264506
264508
264509
264510
264511
264513
264514
264516
264517
264521
264525
264526
264528
264531
264534
264539
264540
264542
264543
264544
264545
264546
264550
264551
264552
264553
264558
264560
264561
264562
264564
264565
264569
264570
264573
264574
264575
264576
264579
264580
264583
264586
264587
264590
264598
264599
264600
264601
264602
264604
264605
264607
264608
264610
264616
264617
264618
264620
264623
264625
264629
264631
264632
264633
264634
264637
264638
264639
264640
264641
264643
264645
264647
264649
264651
264653
264656
264657
264659
264660
264664
264665
264666
264667
264671
264674
264675
264676
264678
264679
264680
264681
264684
264685
264687
264692
264694
264700
264701
264702
264703
264704
264705
264706
264711
264714
264715
264717
264719
264721
264725
264726
264727
264729
264730
264734
264745
264747
264748
264749
264752
264755
264757
264760
264761
264762
264764
264765
264767
264768
264769
264773
264774
264777
264778
264779
264781
264784
264789
264791
264792
264793
264795
264797
264798
264801
264802
264803
264804
264807
264810
264814
264819
264820
264821
264827
264830
264831
264832
264836
264838
264839
264840
264844
264845
264847
264848
264849
264852
264858
264861
264862
264863
264866
264868
264869
264871
264874
264877
264878
264879
264883
264884
264885
264886
264889
264892
264893
264899
264901
264902
264905
264906
264908
264909
264910
264911
264912
264913
264914
264915
264918
264919
264925
264927
264930
264933
264935
264936
264937
264941
264946
264947
264950
264951
264952
264953
264956
264963
264965
264969
264973
264978
264979
264983
264986
264987
264989
264990
264993
264995
264996
264998
265000
265003
265005
265007
265009
265012
265015
265017
265020
265021
265022
265023
265025
265027
265028
265033
265036
265044
265045
265047
265049
265050
265052
265054
265057
265061
265063
265066
265067
265070
265071
265072
265073
265074
265077
265078
265082
265084
265088
265092
265093
265095
265096
265097
265102
265106
265108
265109
265110
265113
265114
265115
265117
265118
265121
265125
265127
265129
265130
265136
265138
265139
265140
265141
265144
265146
265148
265149
265154
265155
265157
265160
265161
265167
265172
265177
265178
265179
265180
265182
265183
265184
265185
265187
265188
265193
265195
265199
265201
265204
265206
265207
265208
265209
265211
265212
265215
265217
265218
265220
265225
265226
265228
265229
265231
265234
265235
265239
265240
265244
265245
265246
265247
265249
265250
265253
265254
265258
265259
265261
265262
265263
265264
265265
265267
265269
265271
265276
265277
265278
265279
265281
265282
265283
265284
265285
265286
265288
265290
265291
265292
265293
265297
265298
265299
265300
265301
265302
265304
265305
265307
265308
265310
265311
265313
265316
265319
265323
265325
265330
265331
265332
265333
265334
265335
265336
265337
265339
265341
265343
265345
265346
265347
265349
265350
265351
265352
265354
265356
265357
265359
265361
265362
265363
265364
265367
265370
265371
265376
265377
265378
265379
265389
265391
265392
265393
265396
265399
265401
265403
265404
265406
265407
265408
265409
265410
265414
265415
265417
265419
265420
265421
265422
265423
265425
265426
265430
265431
265433
265434
265435
265437
265438
265440
265442
265444
265445
265450
265452
265454
265455
265458
265461
265463
265464
265465
265466
265467
265468
265469
265470
265472
265474
265475
265476
265477
265478
265480
265483
265485
265486
265488
265489
265490
265491
265492
265493
265494
265498
265499
265502
265503
265505
265510
265511
265512
265513
265516
265519
265520
265521
265523
265527
265528
265529
265530
265534
265535
265536
265542
265546
265552
265558
265561
265562
265563
265565
265568
265572
265574
265576
265577
265580
265581
265582
265583
265588
265589
265591
265593
265594
265596
265598
265600
265602
265605
265606
265607
265609
265610
265612
265613
265614
265615
265621
265622
265624
265626
265631
265632
265633
265636
265638
265640
265641
265648
265651
265652
265653
265654
265655
265656
265658
265659
265660
265662
265663
265665
265666
265668
265669
265670
265672
265674
265677
265679
265682
265685
265687
265688
265693
265695
265697
265698
265701
265702
265703
265706
265707
265709
265713
265717
265719
265720
265724
265728
265729
265730
265733
265734
265735
265736
265738
265739
265743
265744
265745
265747
265749
265750
265751
265752
265754
265755
265761
265762
265763
265766
265767
265773
265774
265775
265776
265777
265778
265780
265781
265782
265784
265785
265786
265788
265792
265793
265794
265796
265797
265798
265799
265800
265802
265803
265808
265809
265811
265812
265817
265818
265819
265820
265826
265827
265831
265832
265834
265838
265839
265841
265842
265845
265846
265849
265850
265851
265856
265858
265859
265860
265863
265864
265866
265870
265872
265873
265874
265876
265877
265878
265879
265880
265881
265882
265883
265884
265885
265889
265890
265891
265893
265894
265895
265898
265899
265900
265906
265907
265915
265918
265925
265926
265927
265928
265930
265931
265933
265934
265935
265936
265939
265940
265941
265945
265946
265948
265949
265950
265951
265954
265956
265957
265958
265960
265961
265962
265966
265967
265968
265970
265972
265973
265974
265976
265977
265979
265981
265982
265985
265986
265987
265990
265992
265994
265996
265998
266000
266001
266003
266006
266007
266009
266012
266013
266014
266016
266017
266019
266021
266022
266023
266024
266025
266028
266030
266032
266035
266036
266041
266048
266050
266051
266056
266062
266064
266067
266069
266071
266072
266075
266076
266081
266087
266091
266092
266094
266095
266097
266098
266100
266105
266107
266108
266109
266111
266112
266114
266115
266119
266120
266128
266130
266131
266132
266136
266137
266138
266139
266140
266143
266144
266145
266146
266147
266151
266154
266157
266158
266159
266160
266161
266170
266171
266175
266176
266187
266190
266191
266196
266197
266198
266199
266200
266202
266204
266205
266206
266207
266208
266210
266211
266214
266215
266217
266219
266222
266225
266227
266229
266232
266233
266236
266237
266240
266243
266245
266246
266248
266249
266251
266252
266255
266256
266257
266259
266260
266261
266262
266263
266270
266271
266272
266276
266278
266280
266281
266282
266283
266284
266286
266288
266295
266296
266297
266298
266299
266300
266308
266311
266314
266316
266317
266318
266321
266322
266323
266325
266327
266330
266331
266333
266335
266336
266337
266341
266344
266347
266351
266352
266353
266354
266357
266359
266360
266361
266362
266364
266365
266367
266369
266373
266377
266378
266379
266381
266382
266385
266388
266389
266390
266395
266397
266398
266400
266407
266412
266414
266415
266421
266423
266425
266426
266429
266432
266433
266435
266438
266439
266444
266445
266446
266447
266450
266451
266452
266456
266457
266459
266461
266462
266464
266465
266469
266475
266479
266481
266483
266484
266486
266499
266500
266501
266502
266503
266504
266508
266512
266514
266515
266516
266518
266523
266525
266526
266527
266528
266530
266533
266534
266538
266540
266543
266546
266547
266549
266551
266553
266555
266556
266557
266558
266559
266562
266563
266570
266572
266580
266584
266587
266588
266590
266592
266594
266596
266597
266599
266606
266607
266611
266612
266616
266617
266618
266619
266620
266621
266623
266624
266627
266628
266634
266638
266643
266646
266648
266649
266655
266656
266658
266659
266660
266663
266664
266665
266666
266667
266668
266672
266673
266676
266678
266679
266681
266682
266685
266686
266687
266688
266689
266692
266693
266695
266696
266699
266701
266702
266703
266704
266707
266711
266720
266723
266724
266725
266727
266728
266729
266731
266733
266734
266738
266743
266744
266745
266746
266747
266748
266749
266750
266751
266752
266753
266756
266758
266759
266763
266764
266765
266767
266769
266770
266773
266775
266776
266777
266778
266779
266780
266781
266783
266786
266788
266791
266793
266795
266796
266797
266798
266799
266805
266806
266809
266815
266817
266818
266822
266824
266825
266827
266828
266830
266832
266833
266834
266836
266837
266838
266839
266840
266841
266842
266844
266849
266850
266851
266852
266853
266854
266856
266857
266858
266860
266861
266862
266864
266866
266867
266868
266870
266872
266873
266875
266876
266877
266878
266880
266882
266884
266885
266886
266887
266891
266892
266896
266901
266902
266906
266911
266912
266914
266915
266917
266923
266924
266926
266929
266930
266934
266936
266940
266942
266943
266944
266945
266950
266952
266955
266956
266959
266960
266964
266966
266970
266973
266975
266977
266979
266982
266984
266986
266987
266988
266992
266995
267000
267001
267003
267004
267006
267008
267009
267011
267013
267017
267019
267020
267021
267023
267028
267029
267032
267033
267034
267035
267038
267041
267043
267044
267048
267049
267053
267054
267058
267063
267068
267075
267076
267077
267078
267079
267080
267081
267082
267083
267086
267087
267088
267090
267091
267094
267095
267098
267100
267103
267111
267113
267115
267116
267120
267124
267126
267128
267130
267132
267133
267134
267136
267137
267138
267139
267140
267141
267142
267143
267144
267146
267147
267149
267150
267153
267156
267157
267158
267159
267162
267163
267164
267166
267170
267174
267175
267176
267177
267178
267179
267181
267182
267185
267186
267188
267190
267195
267196
267198
267199
267200
267201
267204
267208
267209
267212
267213
267214
267215
267216
267217
267219
267221
267223
267225
267226
267227
267228
267229
267230
267231
267232
267233
267234
267235
267236
267246
267247
267250
267251
267254
267255
267256
267258
267259
267264
267267
267271
267272
267280
267281
267283
267284
267286
267287
267289
267295
267296
267298
267300
267302
267304
267306
267312
267314
267315
267317
267318
267319
267322
267324
267326
267327
267329
267331
267335
267336
267337
267339
267344
267345
267347
267349
267355
267356
267358
267359
267361
267362
267363
267365
267367
267368
267370
267374
267375
267376
267378
267379
267381
267383
267384
267387
267388
267389
267390
267391
267392
267397
267401
267408
267409
267412
267416
267417
267418
267419
267420
267422
267424
267426
267427
267431
267432
267435
267438
267440
267443
267445
267447
267448
267449
267450
267454
267455
267456
267458
267459
267460
267462
267463
267467
267468
267469
267470
267472
267473
267474
267475
267477
267479
267482
267485
267489
267496
267497
267500
267501
267503
267508
267509
267510
267515
267516
267518
267525
267526
267527
267532
267534
267535
267537
267541
267545
267548
267549
267550
267555
267559
267561
267562
267565
267567
267569
267571
267574
267581
267583
267585
267586
267587
267590
267592
267593
267595
267596
267598
267600
267601
267602
267603
267605
267606
267607
267609
267610
267611
267615
267616
267617
267619
267621
267622
267625
267626
267627
267628
267631
267632
267633
267634
267636
267637
267638
267640
267641
267642
267643
267647
267650
267651
267657
267658
267660
267661
267662
267664
267666
267669
267670
267671
267672
267674
267675
267676
267677
267680
267681
267682
267686
267687
267689
267693
267695
267696
267697
267705
267706
267708
267709
267714
267715
267718
267720
267723
267727
267728
267729
267730
267731
267733
267735
267740
267741
267742
267743
267744
267746
267747
267748
267749
267750
267751
267753
267756
267759
267761
267762
267765
267767
267770
267771
267772
267773
267775
267777
267779
267780
267781
267783
267787
267788
267790
267791
267795
267796
267797
267798
267800
267802
267804
267806
267808
267809
267813
267814
267817
267819
267820
267827
267830
267831
267833
267836
267837
267841
267843
267845
267846
267848
267852
267853
267854
267856
267857
267859
267860
267861
267863
267866
267867
267868
267869
267870
267872
267873
267874
267875
267877
267879
267881
267882
267883
267886
267887
267888
267889
267890
267891
267893
267894
267895
267896
267899
267900
267902
267903
267904
267906
267907
267909
267910
267915
267916
267917
267919
267921
267922
267923
267924
267925
267926
267928
267929
267933
267934
267935
267938
267939
267940
267943
267945
267948
267951
267956
267962
267963
267965
267966
267969
267970
267973
267978
267981
267982
267983
267984
267985
267990
267992
267994
267995
267996
267999
268002
268003
268011
268014
268018
268020
268023
268025
268026
268028
268029
268031
268033
268036
268037
268038
268039
268047
268048
268050
268052
268053
268054
268059
268060
268061
268062
268063
268064
268065
268066
268067
268068
268069
268070
268073
268074
268078
268080
268083
268085
268086
268087
268092
268093
268098
268103
268105
268107
268109
268110
268111
268112
268113
268117
268118
268122
268128
268129
268130
268131
268132
268133
268134
268135
268140
268141
268145
268146
268152
268153
268154
268157
268158
268160
268163
268164
268165
268166
268167
268169
268171
268173
268175
268178
268179
268180
268181
268184
268185
268188
268192
268193
268195
268196
268197
268199
268202
268203
268204
268205
268206
268207
268208
268210
268212
268217
268218
268222
268223
268225
268229
268234
268239
268240
268243
268246
268248
268249
268250
268252
268255
268260
268261
268263
268264
268266
268269
268270
268271
268274
268276
268280
268281
268282
268283
268286
268287
268288
268289
268291
268292
268301
268302
268303
268304
268307
268308
268311
268313
268316
268319
268322
268324
268326
268327
268333
268335
268338
268340
268341
268342
268345
268347
268349
268354
268355
268359
268363
268366
268367
268368
268369
268371
268373
268376
268379
268381
268383
268386
268389
268395
268402
268403
268404
268406
268407
268409
268410
268411
268413
268417
268418
268421
268422
268424
268425
268426
268430
268433
268436
268437
268438
268443
268444
268447
268448
268450
268453
268454
268458
268462
268463
268464
268466
268467
268469
268475
268476
268482
268483
268485
268487
268488
268490
268491
268492
268494
268495
268497
268500
268501
268502
268503
268505
268508
268509
268513
268515
268516
268518
268519
268520
268522
268523
268524
268525
268529
268530
268531
268535
268538
268542
268543
268545
268547
268548
268550
268554
268555
268558
268562
268566
268567
268568
268569
268570
268571
268572
268574
268575
268576
268579
268581
268583
268584
268586
268589
268592
268593
268595
268596
268598
268600
268605
268606
268607
268610
268613
268614
268615
268617
268619
268620
268621
268622
268623
268627
268628
268629
268634
268636
268637
268638
268639
268641
268642
268643
268645
268648
268651
268655
268657
268659
268661
268662
268665
268666
268668
268670
268673
268675
268676
268677
268679
268680
268681
268682
268683
268684
268685
268686
268687
268688
268689
268691
268693
268694
268695
268697
268700
268703
268704
268707
268708
268711
268712
268713
268715
268716
268717
268719
268723
268725
268726
268727
268729
268731
268732
268733
268737
268738
268741
268742
268744
268745
268746
268748
268749
268751
268753
268754
268756
268759
268761
268762
268763
268764
268765
268766
268768
268770
268772
268774
268776
268777
268779
268782
268783
268784
268786
268788
268790
268791
268794
268796
268797
268802
268805
268809
268814
268815
268821
268824
268827
268828
268832
268833
268836
268841
268842
268844
268846
268848
268850
268852
268853
268854
268859
268862
268863
268866
268867
268870
268873
268875
268876
268877
268878
268880
268884
268886
268892
268893
268898
268899
268905
268906
268907
268908
268911
268912
268916
268917
268918
268920
268922
268924
268927
268933
268934
268935
268936
268937
268939
268942
268943
268947
268948
268949
268950
268951
268952
268957
268962
268964
268965
268967
268968
268970
268973
268978
268979
268980
268982
268983
268984
268985
268988
268989
268990
268993
268995
268996
268999
269002
269004
269006
269008
269010
269012
269016
269019
269022
269025
269029
269030
269033
269034
269035
269037
269041
269042
269045
269047
269049
269050
269051
269054
269055
269056
269058
269059
269060
269061
269065
269068
269069
269071
269073
269074
269076
269081
269083
269084
269088
269089
269090
269093
269094
269096
269098
269099
269100
269101
269102
269104
269105
269107
269109
269110
269111
269113
269115
269118
269119
269120
269121
269128
269130
269131
269135
269136
269138
269139
269140
269141
269142
269144
269145
269146
269148
269149
269156
269157
269159
269161
269162
269165
269166
269167
269168
269169
269171
269172
269173
269176
269177
269178
269181
269185
269188
269189
269190
269193
269194
269195
269197
269199
269200
269202
269203
269204
269207
269209
269210
269211
269214
269215
269218
269219
269222
269225
269228
269231
269232
269233
269234
269235
269237
269241
269243
269244
269245
269253
269255
269256
269258
269259
269262
269264
269265
269266
269270
269271
269272
269279
269281
269282
269283
269288
269290
269291
269292
269294
269297
269300
269301
269302
269305
269307
269309
269310
269311
269312
269317
269318
269321
269322
269329
269330
269331
269332
269336
269338
269341
269342
269343
269347
269353
269355
269360
269362
269365
269368
269370
269372
269373
269375
269376
269377
269379
269381
269382
269383
269384
269385
269386
269387
269389
269393
269394
269396
269402
269403
269408
269411
269412
269414
269415
269417
269419
269420
269421
269425
269426
269428
269435
269439
269440
269443
269444
269445
269448
269452
269453
269454
269455
269456
269460
269461
269466
269467
269469
269471
269472
269473
269474
269476
269477
269478
269482
269488
269489
269490
269491
269494
269504
269505
269506
269511
269512
269515
269517
269523
269524
269527
269528
269533
269536
269537
269538
269539
269545
269548
269550
269551
269555
269557
269558
269560
269561
269562
269565
269566
269567
269568
269570
269576
269579
269585
269588
269589
269590
269593
269595
269596
269597
269600
269601
269604
269605
269607
269608
269612
269613
269615
269616
269617
269618
269621
269624
269627
269629
269630
269631
269634
269636
269640
269643
269644
269646
269651
269654
269655
269656
269657
269658
269659
269660
269661
269663
269666
269667
269669
269670
269672
269678
269679
269680
269685
269686
269688
269689
269691
269693
269694
269698
269699
269701
269703
269706
269707
269710
269713
269717
269718
269725
269727
269732
269733
269737
269739
269741
269742
269745
269748
269750
269752
269754
269758
269760
269762
269764
269766
269767
269770
269774
269777
269780
269783
269785
269787
269788
269789
269790
269796
269798
269799
269804
269805
269806
269811
269812
269814
269816
269823
269825
269826
269828
269829
269831
269833
269834
269835
269836
269837
269838
269839
269840
269843
269844
269845
269846
269847
269851
269856
269859
269860
269862
269864
269865
269867
269868
269869
269870
269872
269874
269877
269880
269881
269882
269884
269885
269886
269890
269891
269892
269894
269896
269898
269900
269901
269902
269903
269907
269908
269909
269910
269912
269913
269914
269915
269916
269917
269919
269921
269923
269924
269928
269930
269940
269941
269950
269951
269953
269954
269956
269957
269958
269959
269960
269963
269965
269970
269971
269972
269975
269976
269978
269979
269981
269983
269989
269990
269995
269997
269999
270001
270005
270007
270008
270009
270010
270011
270012
270014
270015
270016
270017
270020
270023
270024
270026
270030
270033
270034
270040
270042
270043
270044
270045
270046
270050
270051
270052
270055
270056
270057
270059
270060
270064
270065
270068
270070
270074
270076
270080
270082
270086
270087
270092
270098
270101
270103
270107
270108
270110
270111
270114
270115
270116
270119
270120
270124
270129
270130
270131
270132
270135
270140
270143
270148
270149
270155
270156
270158
270159
270163
270164
270165
270166
270167
270169
270171
270172
270178
270183
270184
270185
270187
270188
270189
270190
270192
270193
270194
270197
270198
270200
270201
270204
270205
270206
270208
270209
270211
270218
270220
270223
270224
270226
270227
270228
270232
270233
270235
270236
270237
270240
270241
270244
270245
270246
270252
270254
270256
270257
270261
270266
270267
270270
270271
270272
270273
270274
270276
270278
270279
270281
270283
270284
270285
270286
270287
270290
270293
270294
270295
270296
270299
270300
270302
270303
270305
270307
270308
270310
270314
270316
270318
270319
270320
270322
270323
270324
270325
270327
270328
270329
270330
270334
270335
270337
270339
270341
270344
270345
270346
270350
270352
270354
270355
270357
270358
270361
270362
270364
270365
270368
270373
270380
270383
270384
270385
270389
270395
270398
270399
270400
270401
270403
270404
270405
270410
270412
270413
270414
270417
270419
270422
270424
270425
270429
270432
270433
270434
270436
270437
270441
270442
270443
270446
270448
270453
270454
270455
270457
270460
270465
270466
270467
270469
270471
270473
270474
270476
270478
270479
270482
270483
270485
270486
270488
270490
270495
270496
270498
270501
270502
270503
270508
270509
270510
270511
270512
270513
270515
270516
270517
270518
270519
270522
270524
270526
270527
270529
270534
270537
270540
270543
270546
270548
270550
270552
270553
270554
270555
270557
270560
270561
270564
270566
270567
270570
270572
270573
270577
270578
270579
270580
270585
270586
270589
270593
270594
270595
270597
270599
270600
270601
270602
270604
270605
270609
270612
270614
270616
270618
270621
270624
270625
270626
270627
270628
270630
270631
270633
270634
270635
270640
270644
270646
270648
270649
270650
270651
270656
270657
270660
270661
270666
270667
270668
270671
270672
270673
270676
270681
270685
270686
270688
270689
270690
270691
270692
270693
270695
270696
270699
270701
270702
270704
270705
270707
270708
270709
270710
270711
270714
270716
270718
270720
270722
270724
270725
270726
270727
270729
270730
270733
270735
270736
270739
270741
270742
270743
270746
270748
270749
270751
270752
270753
270754
270758
270760
270763
270764
270769
270770
270771
270773
270775
270776
270777
270779
270781
270783
270784
270790
270791
270792
270793
270794
270795
270796
270797
270798
270799
270804
270805
270806
270808
270811
270814
270815
270816
270818
270820
270822
270823
270824
270830
270831
270833
270835
270839
270841
270844
270848
270849
270850
270852
270856
270859
270861
270863
270864
270866
270867
270868
270869
270870
270872
270874
270876
270878
270879
270880
270882
270884
270886
270887
270888
270889
270890
270891
270894
270895
270898
270901
270902
270904
270905
270910
270912
270914
270915
270918
270919
270921
270924
270926
270928
270929
270935
270937
270938
270944
270945
270946
270947
270949
270954
270956
270958
270959
270961
270962
270964
270965
270966
270969
270970
270971
270972
270973
270979
270980
270982
270986
270987
270989
270991
270992
270993
270995
270996
270997
271000
271004
271005
271006
271010
271012
271013
271015
271017
271018
271022
271023
271024
271025
271026
271030
271031
271032
271033
271034
271037
271040
271041
271042
271044
271048
271050
271051
271052
271055
271060
271064
271065
271066
271068
271069
271072
271075
271077
271080
271081
271082
271088
271089
271090
271093
271094
271095
271097
271101
271102
271104
271106
271107
271110
271111
271113
271114
271116
271117
271118
271121
271123
271126
271129
271131
271133
271134
271135
271138
271139
271140
271144
271146
271148
271149
271150
271152
271153
271156
271158
271159
271161
271162
271163
271164
271165
271168
271169
271172
271173
271175
271179
271180
271182
271184
271185
271186
271187
271188
271189
271191
271193
271194
271195
271196
271197
271198
271199
271201
271202
271204
271207
271210
271211
271213
271214
271216
271220
271223
271227
271228
271229
271230
271231
271233
271235
271239
271241
271245
271246
271248
271253
271254
271255
271257
271258
271260
271264
271266
271268
271269
271270
271271
271272
271273
271279
271282
271283
271284
271285
271288
271289
271294
271298
271302
271303
271304
271306
271307
271309
271313
271319
271320
271321
271323
271329
271331
271332
271336
271341
271343
271344
271348
271349
271356
271357
271358
271359
271360
271363
271365
271366
271369
271371
271372
271375
271376
271378
271380
271382
271384
271387
271388
271389
271393
271394
271395
271396
271399
271401
271403
271406
271407
271408
271409
271411
271412
271413
271417
271418
271420
271423
271424
271426
271428
271430
271431
271434
271436
271437
271439
271441
271442
271445
271446
271447
271449
271451
271452
271453
271454
271455
271456
271460
271465
271469
271471
271473
271474
271475
271476
271477
271478
271479
271481
271483
271487
271488
271489
271490
271491
271492
271494
271495
271496
271499
271501
271502
271504
271505
271506
271510
271513
271514
271515
271517
271518
271519
271521
271522
271523
271524
271525
271526
271530
271532
271535
271537
271539
271540
271541
271545
271547
271548
271549
271551
271556
271557
271559
271560
271563
271564
271565
271567
271569
271570
271572
271573
271574
271578
271580
271583
271585
271589
271590
271591
271592
271595
271596
271598
271599
271604
271605
271609
271610
271613
271615
271616
271617
271618
271619
271622
271625
271628
271629
271634
271637
271639
271642
271643
271646
271647
271650
271651
271653
271654
271658
271661
271663
271664
271667
271669
271670
271671
271672
271675
271676
271685
271686
271687
271688
271691
271692
271693
271694
271697
271698
271699
271702
271713
271714
271715
271718
271719
271720
271722
271723
271726
271728
271730
271731
271733
271734
271735
271736
271739
271740
271743
271744
271745
271747
271755
271756
271757
271759
271760
271761
271762
271764
271768
271769
271770
271771
271772
271776
271781
271784
271785
271786
271788
271789
271790
271791
271794
271797
271800
271802
271805
271809
271811
271813
271814
271816
271819
271820
271826
271828
271829
271830
271832
271834
271835
271836
271837
271838
271839
271840
271841
271843
271845
271846
271848
271852
271854
271856
271857
271859
271862
271863
271865
271868
271872
271873
271874
271875
271877
271878
271880
271882
271884
271886
271893
271894
271895
271896
271899
271900
271903
271904
271905
271906
271907
271908
271909
271911
271916
271917
271919
271921
271923
271925
271926
271931
271933
271938
271939
271940
271941
271943
271945
271946
271948
271949
271951
271956
271957
271959
271960
271966
271968
271969
271970
271974
271976
271977
271980
271981
271983
271984
271985
271987
271988
271989
271990
271994
271995
271996
271997
271998
271999
272000
272003
272004
272005
272006
272008
272010
272011
272012
272013
272014
272015
272016
272021
272022
272025
272030
272036
272037
272038
272040
272042
272044
272046
272047
272049
272051
272053
272054
272055
272059
272061
272064
272067
272068
272070
272071
272072
272073
272074
272076
272078
272081
272084
272085
272086
272087
272088
272091
272093
272096
272098
272100
272101
272102
272104
272105
272106
272107
272111
272113
272117
272121
272122
272123
272124
272126
272129
272132
272135
272136
272142
272143
272144
272146
272147
272149
272151
272154
272155
272157
272158
272163
272165
272166
272167
272168
272169
272170
272172
272175
272176
272184
272187
272188
272190
272197
272199
272200
272201
272202
272203
272205
272208
272212
272215
272219
272221
272227
272228
272229
272231
272232
272233
272236
272237
272241
272244
272245
272246
272250
272251
272254
272257
272258
272259
272262
272264
272267
272269
272271
272272
272275
272278
272279
272280
272282
272286
272288
272292
272293
272294
272295
272303
272304
272307
272309
272313
272315
272316
272318
272320
272322
272326
272327
272328
272332
272333
272334
272336
272337
272338
272344
272347
272349
272353
272355
272358
272359
272360
272363
272364
272367
272368
272371
272376
272377
272378
272379
272380
272381
272382
272383
272388
272389
272391
272393
272394
272396
272399
272400
272404
272405
272409
272412
272413
272414
272415
272416
272417
272418
272419
272420
272425
272426
272427
272429
272430
272431
272432
272433
272436
272441
272444
272445
272450
272451
272453
272454
272458
272459
272460
272463
272464
272465
272466
272470
272473
272475
272476
272479
272480
272482
272486
272487
272488
272490
272491
272492
272493
272494
272499
272500
272502
272503
272504
272506
272507
272509
272511
272512
272513
272514
272515
272518
272521
272522
272523
272524
272526
272528
272530
272532
272533
272535
272536
272537
272540
272541
272542
272544
272546
272553
272554
272555
272556
272559
272563
272564
272566
272570
272571
272572
272573
272574
272576
272577
272578
272581
272584
272585
272587
272591
272592
272595
272597
272599
272601
272602
272604
272605
272608
272611
272613
272614
272616
272617
272619
272624
272625
272626
272627
272629
272630
272633
272637
272644
272646
272648
272649
272650
272652
272653
272655
272656
272658
272660
272662
272664
272665
272666
272667
272668
272670
272673
272674
272675
272676
272677
272681
272682
272688
272689
272690
272691
272692
272693
272694
272705
272708
272709
272711
272712
272713
272714
272715
272716
272717
272718
272719
272720
272721
272722
272723
272725
272727
272728
272730
272731
272732
272735
272737
272738
272739
272741
272743
272746
272750
272752
272754
272755
272756
272762
272767
272768
272771
272772
272773
272780
272785
272787
272789
272791
272792
272793
272794
272796
272797
272801
272802
272805
272808
272812
272813
272815
272820
272826
272827
272828
272829
272832
272833
272835
272836
272837
272838
272840
272842
272844
272845
272846
272848
272849
272852
272855
272861
272862
272867
272869
272871
272875
272876
272877
272879
272880
272881
272882
272883
272884
272887
272890
272893
272894
272895
272896
272897
272899
272900
272901
272903
272904
272905
272910
272911
272914
272915
272916
272917
272921
272922
272925
272927
272929
272931
272932
272935
272936
272940
272941
272943
272946
272947
272953
272956
272959
272960
272961
272962
272963
272964
272965
272968
272970
272971
272977
272981
272982
272983
272985
272987
272988
272990
272991
272992
272993
272996
272997
273003
273004
273006
273009
273011
273012
273015
273016
273017
273021
273022
273024
273027
273029
273031
273035
273036
273037
273038
273042
273044
273047
273052
273053
273056
273057
273058
273060
273061
273063
273065
273067
273070
273072
273073
273075
273077
273079
273084
273087
273088
273089
273091
273093
273094
273095
273098
273099
273100
273101
273105
273106
273107
273111
273114
273115
273116
273117
273118
273119
273120
273121
273122
273127
273128
273129
273130
273134
273140
273141
273142
273145
273148
273150
273151
273155
273156
273157
273159
273160
273161
273163
273165
273167
273170
273171
273172
273173
273176
273178
273179
273180
273182
273183
273184
273185
273188
273189
273191
273192
273195
273199
273207
273208
273209
273210
273212
273214
273216
273217
273218
273219
273220
273222
273223
273224
273226
273229
273233
273236
273237
273245
273252
273253
273254
273255
273256
273257
273258
273261
273262
273263
273269
273270
273271
273273
273274
273276
273277
273278
273279
273280
273285
273286
273287
273290
273291
273292
273298
273303
273309
273310
273311
273312
273314
273318
273322
273323
273324
273325
273328
273329
273330
273332
273333
273334
273335
273336
273339
273340
273341
273344
273346
273349
273356
273358
273359
273360
273361
273362
273364
273366
273367
273368
273370
273376
273378
273379
273383
273384
273387
273388
273389
273390
273391
273393
273396
273397
273399
273401
273406
273407
273411
273413
273415
273416
273418
273421
273422
273424
273426
273432
273433
273434
273445
273446
273447
273449
273456
273457
273459
273461
273463
273466
273468
273469
273471
273474
273476
273477
273478
273479
273481
273482
273483
273486
273488
273489
273491
273496
273498
273499
273502
273504
273507
273508
273509
273510
273512
273514
273515
273528
273533
273535
273539
273540
273541
273542
273543
273544
273545
273546
273548
273549
273551
273552
273554
273556
273557
273558
273559
273562
273563
273564
273565
273566
273568
273569
273570
273572
273574
273578
273581
273582
273586
273590
273591
273594
273596
273599
273600
273603
273604
273609
273610
273617
273621
273622
273628
273630
273637
273638
273640
273641
273646
273647
273648
273651
273652
273655
273656
273657
273659
273661
273662
273664
273665
273670
273671
273672
273673
273675
273679
273689
273690
273691
273692
273693
273694
273696
273698
273700
273701
273702
273704
273705
273707
273709
273711
273714
273715
273716
273717
273719
273720
273721
273722
273724
273726
273727
273728
273729
273730
273731
273733
273734
273736
273738
273742
273743
273744
273747
273751
273753
273754
273755
273757
273758
273759
273765
273766
273768
273770
273771
273772
273774
273777
273778
273780
273782
273783
273785
273786
273789
273793
273794
273796
273797
273798
273799
273801
273802
273806
273808
273809
273810
273811
273814
273815
273819
273820
273821
273822
273824
273825
273828
273829
273833
273837
273838
273839
273840
273841
273842
273843
273844
273845
273850
273851
273852
273853
273854
273855
273858
273859
273861
273863
273866
273868
273870
273872
273876
273879
273881
273882
273883
273884
273885
273886
273888
273889
273892
273895
273899
273900
273902
273904
273905
273906
273909
273911
273912
273914
273916
273917
273919
273923
273926
273927
273929
273931
273934
273936
273937
273941
273943
273944
273947
273950
273952
273954
273958
273959
273960
273961
273963
273965
273968
273969
273971
273972
273976
273977
273978
273979
273980
273982
273983
273990
273991
273993
273995
273997
273999
274001
274003
274006
274007
274009
274011
274012
274013
274015
274016
274017
274018
274019
274020
274023
274024
274025
274026
274027
274028
274031
274032
274033
274036
274037
274039
274043
274045
274046
274051
274054
274056
274057
274059
274060
274061
274063
274064
274068
274069
274070
274071
274073
274076
274077
274078
274081
274082
274083
274085
274087
274088
274090
274094
274101
274102
274103
274104
274105
274107
274110
274111
274114
274115
274116
274118
274119
274120
274121
274123
274124
274125
274126
274127
274131
274134
274135
274136
274137
274139
274140
274145
274151
274152
274153
274156
274158
274160
274161
274162
274163
274166
274167
274168
274169
274171
274175
274181
274182
274188
274189
274190
274192
274193
274194
274195
274196
274197
274198
274201
274202
274204
274205
274209
274211
274213
274214
274216
274217
274221
274225
274226
274228
274229
274230
274231
274233
274237
274239
274240
274242
274244
274248
274250
274256
274257
274258
274263
274265
274266
274267
274269
274270
274271
274275
274276
274277
274278
274279
274280
274281
274283
274284
274288
274291
274293
274294
274295
274296
274298
274299
274300
274301
274304
274306
274307
274310
274311
274312
274313
274315
274316
274318
274319
274321
274322
274324
274329
274332
274333
274334
274336
274337
274339
274340
274342
274343
274347
274348
274349
274350
274353
274354
274355
274358
274360
274361
274364
274367
274368
274370
274372
274373
274375
274376
274377
274378
274382
274389
274390
274395
274398
274399
274401
274405
274411
274413
274414
274415
274416
274417
274418
274419
274420
274427
274428
274429
274430
274435
274438
274439
274443
274445
274448
274449
274452
274453
274454
274456
274458
274460
274464
274465
274469
274473
274474
274477
274480
274483
274489
274499
274501
274503
274509
274510
274511
274512
274518
274519
274521
274523
274524
274525
274526
274529
274531
274532
274534
274537
274538
274539
274543
274544
274548
274551
274554
274556
274558
274559
274560
274561
274562
274563
274564
274569
274570
274571
274572
274573
274574
274579
274580
274582
274583
274586
274589
274591
274592
274593
274594
274595
274599
274600
274601
274602
274604
274607
274608
274610
274612
274613
274614
274615
274616
274619
274623
274624
274625
274626
274629
274631
274633
274636
274638
274639
274643
274645
274650
274651
274652
274654
274658
274661
274663
274665
274667
274668
274669
274670
274672
274675
274676
274678
274679
274682
274685
274686
274688
274689
274690
274691
274692
274697
274698
274699
274701
274703
274706
274707
274709
274710
274713
274714
274715
274717
274719
274720
274721
274722
274727
274728
274729
274730
274731
274732
274733
274736
274743
274745
274747
274748
274753
274754
274756
274757
274760
274761
274762
274763
274766
274768
274769
274770
274771
274772
274774
274777
274779
274780
274781
274784
274788
274790
274793
274796
274797
274800
274801
274802
274805
274806
274813
274814
274815
274817
274819
274822
274824
274825
274827
274840
274841
274842
274843
274848
274849
274850
274852
274856
274857
274858
274859
274860
274863
274865
274866
274872
274874
274875
274876
274878
274880
274883
274886
274891
274892
274893
274894
274896
274897
274900
274902
274904
274905
274907
274909
274910
274913
274916
274918
274920
274921
274922
274923
274924
274927
274928
274930
274931
274934
274936
274937
274939
274942
274944
274947
274948
274949
274951
274952
274954
274955
274958
274959
274960
274961
274963
274966
274968
274969
274970
274972
274976
274977
274978
274979
274982
274983
274984
274985
274986
274987
274988
274990
274992
274994
274995
274998
275000
275001
275002
275003
275004
275005
275007
275009
275014
275016
275017
275018
275019
275021
275022
275025
275026
275028
275030
275032
275036
275037
275043
275044
275048
275050
275051
275054
275055
275058
275060
275061
275062
275063
275064
275065
275074
275075
275077
275080
275081
275082
275083
275084
275090
275092
275093
275097
275100
275101
275102
275103
275107
275110
275111
275119
275121
275122
275123
275129
275134
275142
275143
275144
275145
275146
275148
275150
275151
275152
275155
275156
275158
275160
275162
275163
275164
275165
275168
275175
275177
275178
275179
275183
275185
275186
275192
275193
275194
275198
275199
275201
275203
275206
275207
275208
275215
275217
275219
275220
275221
275224
275225
275226
275229
275230
275231
275234
275236
275238
275241
275242
275245
275246
275247
275249
275253
275254
275255
275258
275260
275261
275267
275268
275269
275272
275273
275276
275277
275278
275281
275284
275287
275289
275290
275300
275301
275302
275303
275304
275306
275308
275309
275311
275313
275316
275318
275320
275322
275326
275327
275328
275329
275330
275333
275334
275335
275338
275339
275345
275349
275351
275352
275354
275356
275357
275359
275360
275361
275365
275367
275371
275372
275374
275377
275379
275381
275384
275387
275388
275389
275390
275391
275392
275395
275397
275398
275400
275402
275403
275404
275406
275408
275409
275412
275413
275416
275420
275421
275422
275424
275426
275429
275430
275433
275434
275435
275438
275440
275441
275442
275443
275444
275446
275448
275449
275451
275453
275454
275455
275456
275458
275459
275460
275462
275464
275465
275469
275472
275476
275477
275479
275482
275483
275484
275486
275487
275489
275491
275492
275493
275494
275495
275500
275501
275502
275507
275508
275510
275512
275513
275516
275523
275526
275527
275528
275532
275533
275535
275537
275541
275546
275547
275548
275550
275551
275552
275554
275555
275558
275559
275560
275565
275566
275567
275568
275569
275573
275575
275578
275580
275581
275585
275586
275591
275592
275593
275595
275601
275602
275603
275604
275607
275608
275609
275612
275613
275615
275617
275618
275622
275624
275625
275628
275629
275633
275635
275636
275638
275639
275640
275641
275643
275646
275647
275650
275651
275652
275653
275655
275657
275658
275659
275662
275666
275667
275668
275670
275671
275672
275673
275675
275678
275679
275680
275681
275682
275684
275686
275687
275688
275690
275692
275698
275700
275701
275703
275705
275709
275712
275713
275714
275718
275719
275720
275721
275723
275725
275726
275727
275728
275729
275730
275731
275733
275735
275736
275739
275740
275741
275745
275749
275752
275756
275757
275758
275762
275763
275765
275766
275770
275771
275772
275773
275776
275779
275782
275783
275784
275787
275789
275792
275793
275795
275797
275798
275799
275801
275804
275806
275807
275810
275812
275813
275814
275820
275823
275825
275829
275830
275832
275833
275836
275837
275840
275845
275848
275853
275861
275865
275872
275873
275875
275876
275877
275878
275881
275882
275883
275885
275887
275889
275890
275893
275895
275896
275898
275899
275900
275902
275905
275907
275909
275911
275913
275915
275916
275918
275919
275924
275930
275931
275933
275934
275935
275936
275941
275948
275951
275952
275954
275955
275956
275957
275958
275961
275962
275964
275965
275966
275968
275971
275972
275975
275976
275977
275979
275980
275981
275982
275984
275986
275989
275991
275993
275995
275999
276000
276001
276002
276003
276004
276005
276006
276007
276009
276010
276011
276014
276015
276016
276017
276018
276021
276023
276024
276026
276029
276034
276037
276038
276040
276041
276042
276045
276049
276050
276051
276054
276057
276058
276061
276066
276067
276068
276070
276071
276073
276077
276079
276083
276084
276086
276088
276089
276091
276094
276095
276096
276097
276098
276099
276100
276103
276107
276114
276116
276119
276121
276122
276123
276126
276128
276129
276131
276133
276137
276138
276142
276145
276147
276151
276152
276153
276154
276155
276156
276159
276160
276163
276164
276168
276171
276172
276173
276174
276175
276180
276181
276182
276184
276185
276186
276188
276190
276191
276194
276195
276198
276200
276203
276205
276207
276209
276210
276212
276214
276215
276217
276220
276221
276222
276226
276227
276229
276230
276233
276234
276238
276241
276242
276243
276244
276245
276246
276249
276253
276254
276257
276258
276259
276261
276262
276265
276268
276271
276273
276274
276279
276280
276281
276282
276286
276288
276291
276294
276300
276303
276306
276309
276310
276312
276313
276315
276318
276321
276323
276327
276329
276333
276334
276337
276341
276342
276344
276348
276349
276351
276352
276353
276354
276355
276356
276357
276358
276359
276367
276369
276372
276375
276376
276377
276379
276380
276381
276385
276386
276387
276391
276394
276395
276396
276397
276398
276400
276401
276402
276406
276407
276408
276410
276412
276413
276417
276421
276424
276426
276434
276437
276438
276439
276441
276445
276447
276450
276451
276452
276453
276454
276455
276456
276457
276458
276459
276463
276464
276465
276466
276467
276468
276470
276471
276473
276479
276480
276483
276486
276487
276488
276489
276491
276493
276495
276500
276503
276505
276506
276507
276510
276511
276515
276517
276518
276522
276526
276527
276528
276532
276533
276534
276535
276537
276540
276541
276542
276543
276544
276545
276551
276552
276554
276559
276563
276564
276567
276568
276569
276570
276571
276573
276574
276575
276576
276578
276579
276583
276586
276588
276589
276590
276591
276592
276595
276596
276597
276598
276599
276601
276603
276606
276607
276608
276611
276612
276615
276617
276619
276620
276623
276624
276627
276629
276632
276633
276635
276637
276638
276639
276640
276642
276643
276644
276647
276652
276653
276654
276657
276658
276662
276664
276665
276666
276668
276669
276670
276672
276674
276677
276682
276684
276685
276686
276687
276689
276690
276691
276694
276696
276698
276703
276704
276706
276707
276708
276711
276713
276714
276715
276717
276719
276720
276725
276726
276727
276728
276731
276733
276734
276737
276740
276742
276744
276745
276747
276748
276750
276752
276754
276755
276757
276758
276759
276761
276763
276765
276766
276767
276770
276772
276773
276774
276776
276779
276780
276781
276783
276784
276786
276788
276790
276791
276794
276796
276797
276802
276803
276804
276805
276808
276809
276811
276813
276816
276817
276818
276819
276820
276821
276822
276828
276830
276832
276834
276836
276837
276839
276842
276845
276847
276849
276850
276851
276854
276856
276857
276858
276859
276862
276863
276866
276867
276868
276870
276871
276873
276874
276877
276878
276880
276886
276891
276892
276894
276896
276897
276899
276901
276902
276903
276904
276905
276907
276908
276909
276911
276912
276913
276914
276915
276916
276918
276921
276923
276924
276925
276926
276927
276930
276931
276933
276934
276935
276936
276939
276940
276941
276944
276945
276946
276948
276950
276954
276955
276956
276957
276958
276963
276964
276965
276967
276968
276969
276970
276971
276974
276976
276978
276979
276980
276983
276985
276987
276988
276992
276993
276994
276995
276996
276998
277001
277005
277009
277013
277014
277017
277018
277023
277025
277028
277036
277037
277038
277040
277041
277043
277049
277053
277055
277059
277060
277062
277067
277068
277069
277072
277073
277077
277078
277081
277082
277085
277088
277089
277091
277092
277097
277098
277102
277105
277107
277108
277111
277112
277115
277116
277117
277118
277119
277120
277122
277123
277124
277125
277127
277128
277130
277131
277132
277134
277136
277137
277138
277141
277142
277143
277147
277150
277153
277157
277158
277159
277160
277166
277172
277173
277175
277179
277180
277181
277183
277185
277187
277189
277190
277191
277193
277194
277198
277199
277203
277206
277207
277209
277214
277223
277226
277227
277229
277232
277233
277236
277237
277238
277239
277241
277243
277247
277251
277252
277260
277261
277263
277265
277270
277272
277274
277281
277284
277286
277287
277288
277289
277292
277298
277302
277303
277306
277308
277311
277312
277313
277317
277319
277320
277323
277327
277329
277330
277331
277332
277333
277334
277338
277341
277342
277349
277355
277359
277361
277362
277363
277367
277370
277371
277374
277375
277376
277378
277379
277383
277385
277389
277390
277394
277396
277397
277400
277402
277403
277405
277408
277409
277412
277413
277415
277419
277422
277423
277425
277428
277429
277431
277432
277433
277435
277437
277439
277443
277444
277447
277449
277451
277452
277458
277460
277464
277467
277469
277470
277471
277473
277474
277483
277484
277485
277492
277493
277494
277496
277498
277500
277501
277506
277509
277513
277515
277516
277519
277521
277530
277531
277532
277534
277535
277536
277537
277540
277542
277546
277552
277553
277560
277562
277563
277564
277565
277566
277567
277569
277574
277575
277576
277577
277578
277581
277582
277585
277589
277590
277591
277592
277593
277594
277596
277598
277600
277606
277607
277611
277613
277614
277618
277619
277620
277623
277624
277625
277626
277627
277628
277629
277630
277631
277632
277636
277638
277641
277643
277644
277645
277648
277654
277655
277656
277658
277660
277662
277664
277669
277673
277676
277677
277678
277682
277683
277685
277689
277690
277691
277692
277693
277697
277698
277699
277700
277703
277704
277707
277708
277709
277710
277713
277714
277715
277716
277721
277722
277723
277724
277726
277728
277731
277732
277734
277735
277737
277743
277744
277748
277749
277750
277751
277754
277755
277756
277758
277760
277761
277763
277767
277770
277772
277774
277775
277776
277777
277780
277781
277783
277785
277787
277791
277793
277794
277797
277798
277799
277800
277801
277802
277803
277804
277805
277809
277811
277815
277816
277819
277821
277822
277827
277828
277831
277833
277834
277835
277839
277840
277842
277843
277845
277846
277849
277850
277854
277855
277856
277857
277859
277861
277862
277864
277867
277868
277871
277873
277876
277877
277880
277886
277888
277889
277890
277891
277892
277893
277896
277897
277898
277899
277901
277903
277905
277906
277908
277909
277910
277912
277913
277914
277916
277917
277921
277922
277923
277925
277926
277927
277931
277934
277935
277937
277942
277946
277950
277951
277953
277954
277955
277956
277958
277959
277961
277962
277964
277967
277971
277974
277975
277976
277977
277983
277993
277994
277997
277998
278000
278001
278002
278003
278005
278006
278008
278010
278013
278015
278016
278017
278021
278022
278025
278026
278028
278029
278030
278032
278037
278038
278044
278045
278050
278051
278053
278057
278058
278059
278060
278062
278063
278064
278065
278066
278067
278068
278069
278070
278071
278072
278073
278079
278080
278082
278083
278088
278092
278093
278096
278099
278100
278103
278104
278105
278108
278109
278111
278112
278114
278117
278118
278119
278120
278121
278123
278125
278126
278127
278128
278134
278137
278138
278139
278141
278142
278144
278145
278146
278147
278148
278149
278150
278155
278157
278158
278161
278163
278164
278165
278171
278172
278174
278176
278180
278181
278182
278183
278187
278189
278191
278192
278193
278197
278198
278201
278202
278204
278206
278208
278209
278211
278212
278213
278214
278215
278216
278221
278222
278223
278227
278228
278230
278231
278233
278234
278236
278237
278240
278241
278242
278244
278246
278247
278250
278252
278256
278258
278259
278260
278262
278263
278264
278265
278268
278270
278271
278274
278276
278277
278278
278279
278280
278283
278284
278290
278291
278294
278295
278299
278302
278303
278304
278306
278308
278313
278314
278316
278317
278319
278320
278321
278322
278323
278324
278325
278326
278327
278330
278332
278334
278336
278341
278342
278345
278346
278347
278348
278349
278351
278352
278355
278358
278360
278363
278364
278368
278375
278376
278377
278379
278380
278381
278382
278383
278386
278387
278388
278391
278392
278395
278398
278400
278402
278403
278407
278408
278409
278411
278414
278415
278417
278418
278421
278426
278427
278428
278429
278431
278432
278433
278435
278436
278439
278443
278444
278445
278446
278450
278453
278454
278457
278458
278460
278463
278464
278466
278467
278468
278470
278471
278472
278473
278474
278479
278481
278482
278484
278486
278489
278491
278493
278494
278495
278496
278499
278501
278503
278504
278505
278506
278509
278514
278516
278519
278520
278522
278525
278526
278527
278529
278530
278531
278533
278534
278537
278540
278541
278544
278545
278547
278549
278550
278552
278556
278561
278563
278566
278567
278569
278570
278571
278572
278574
278575
278577
278580
278582
278583
278584
278585
278588
278589
278590
278591
278595
278596
278597
278598
278599
278601
278603
278604
278605
278606
278607
278608
278609
278615
278620
278622
278629
278630
278633
278634
278635
278636
278637
278638
278639
278640
278641
278644
278648
278649
278650
278651
278653
278655
278657
278658
278660
278661
278662
278663
278664
278667
278670
278671
278672
278673
278678
278679
278680
278682
278683
278684
278685
278686
278688
278690
278691
278693
278694
278699
278703
278706
278708
278710
278711
278714
278715
278717
278718
278719
278720
278722
278723
278728
278730
278737
278739
278740
278741
278743
278745
278746
278752
278753
278754
278755
278757
278762
278765
278768
278769
278771
278774
278775
278779
278780
278781
278784
278785
278786
278788
278794
278796
278797
278798
278799
278803
278807
278808
278809
278810
278815
278816
278817
278818
278819
278823
278824
278826
278827
278832
278833
278836
278838
278843
278846
278851
278853
278855
278856
278858
278859
278860
278867
278868
278871
278872
278873
278875
278878
278879
278882
278885
278886
278888
278890
278891
278892
278895
278897
278898
278901
278903
278909
278911
278917
278920
278922
278923
278926
278927
278928
278929
278930
278936
278937
278939
278941
278943
278944
278947
278952
278953
278959
278962
278964
278967
278968
278969
278971
278973
278975
278976
278981
278983
278989
278991
278993
278996
278999
279000
279001
279003
279004
279009
279020
279023
279024
279026
279027
279028
279029
279031
279032
279033
279035
279036
279038
279042
279043
279047
279048
279049
279053
279054
279055
279056
279057
279059
279060
279061
279062
279063
279065
279066
279068
279071
279072
279073
279076
279081
279084
279087
279088
279089
279092
279095
279096
279097
279099
279100
279105
279106
279108
279109
279110
279111
279114
279115
279116
279121
279124
279125
279127
279129
279131
279138
279139
279140
279142
279144
279148
279151
279152
279154
279155
279157
279162
279163
279164
279166
279167
279168
279172
279174
279177
279183
279185
279188
279189
279190
279191
279194
279195
279197
279198
279202
279203
279204
279205
279208
279209
279210
279212
279213
279215
279216
279220
279221
279224
279225
279226
279227
279229
279233
279235
279237
279241
279245
279251
279253
279254
279255
279256
279258
279259
279261
279262
279263
279265
279266
279267
279269
279272
279274
279277
279278
279279
279280
279281
279286
279290
279291
279293
279295
279297
279298
279300
279303
279305
279307
279309
279311
279312
279316
279318
279319
279320
279322
279323
279324
279326
279328
279329
279332
279337
279341
279343
279344
279346
279347
279349
279350
279353
279355
279356
279360
279364
279366
279368
279369
279371
279373
279375
279376
279379
279381
279382
279383
279384
279387
279390
279391
279393
279394
279395
279399
279402
279403
279405
279407
279408
279410
279411
279412
279413
279416
279417
279418
279419
279420
279421
279424
279425
279427
279429
279433
279436
279437
279438
279439
279440
279441
279443
279451
279452
279456
279457
279462
279463
279465
279466
279467
279468
279470
279471
279473
279474
279482
279483
279486
279490
279492
279494
279496
279499
279500
279502
279504
279505
279506
279507
279508
279511
279512
279515
279516
279517
279523
279524
279526
279527
279528
279531
279533
279534
279535
279540
279541
279543
279544
279545
279548
279550
279551
279552
279553
279554
279557
279558
279561
279562
279563
279564
279565
279566
279567
279571
279572
279578
279580
279582
279584
279588
279592
279593
279595
279597
279598
279600
279601
279603
279605
279607
279612
279613
279619
279622
279626
279627
279628
279629
279630
279631
279633
279634
279636
279637
279639
279643
279647
279648
279649
279653
279654
279658
279659
279660
279662
279665
279666
279668
279671
279673
279676
279677
279678
279679
279680
279681
279689
279690
279691
279692
279693
279694
279695
279696
279697
279698
279699
279700
279701
279705
279707
279708
279713
279715
279716
279718
279721
279722
279723
279724
279725
279729
279731
279732
279733
279734
279736
279737
279738
279739
279742
279743
279745
279748
279751
279752
279753
279754
279756
279757
279761
279762
279763
279765
279766
279767
279768
279770
279771
279772
279775
279776
279777
279778
279781
279786
279790
279792
279796
279800
279807
279808
279810
279811
279814
279816
279818
279819
279822
279823
279824
279825
279830
279833
279834
279835
279836
279837
279840
279841
279842
279847
279850
279852
279853
279854
279855
279856
279858
279859
279862
279864
279874
279877
279879
279880
279881
279884
279885
279886
279887
279888
279891
279892
279893
279894
279895
279896
279898
279899
279900
279901
279902
279906
279907
279910
279917
279918
279921
279922
279923
279924
279925
279926
279928
279929
279931
279933
279936
279937
279940
279941
279942
279946
279948
279949
279950
279953
279954
279956
279960
279962
279963
279964
279965
279966
279969
279970
279974
279975
279981
279982
279983
279984
279985
279986
279987
279990
279991
279994
279997
279998
280002
280005
280007
280010
280011
280012
280013
280015
280016
280017
280019
280020
280023
280024
280026
280030
280032
280034
280037
280038
280040
280042
280043
280044
280045
280046
280047
280049
280052
280053
280055
280060
280061
280062
280065
280069
280073
280075
280078
280079
280080
280081
280082
280083
280084
280085
280089
280090
280091
280092
280093
280094
280096
280097
280105
280109
280110
280113
280116
280118
280119
280125
280128
280130
280131
280132
280134
280136
280137
280140
280141
280142
280143
280144
280145
280149
280150
280151
280152
280155
280158
280161
280162
280164
280171
280172
280175
280178
280180
280181
280182
280185
280191
280192
280195
280196
280198
280200
280202
280203
280205
280208
280209
280210
280211
280212
280214
280217
280219
280220
280221
280225
280227
280228
280229
280230
280231
280232
280234
280239
280240
280242
280243
280248
280250
280252
280253
280262
280263
280264
280268
280270
280271
280273
280276
280277
280278
280280
280282
280283
280287
280288
280293
280294
280296
280297
280300
280301
280302
280304
280307
280308
280309
280313
280317
280318
280320
280321
280325
280327
280328
280329
280332
280335
280338
280342
280343
280345
280346
280347
280350
280351
280352
280354
280355
280360
280361
280362
280363
280364
280367
280373
280375
280376
280378
280379
280380
280381
280383
280384
280386
280387
280388
280394
280395
280396
280398
280400
280401
280402
280403
280404
280405
280407
280409
280410
280411
280415
280416
280418
280419
280422
280426
280427
280428
280432
280433
280436
280437
280441
280442
280443
280444
280452
280454
280455
280456
280457
280464
280465
280468
280469
280475
280477
280479
280480
280482
280484
280485
280489
280491
280492
280495
280496
280497
280498
280500
280501
280502
280503
280507
280508
280509
280511
280514
280515
280521
280522
280524
280528
280529
280532
280533
280534
280535
280536
280538
280544
280546
280547
280551
280553
280557
280560
280561
280563
280564
280566
280567
280569
280573
280576
280579
280581
280582
280584
280590
280591
280594
280599
280600
280601
280605
280606
280607
280608
280610
280611
280612
280613
280614
280615
280616
280618
280620
280622
280626
280627
280629
280631
280634
280635
280636
280637
280640
280643
280644
280645
280647
280648
280649
280651
280653
280655
280657
280659
280660
280661
280662
280665
280667
280668
280669
280671
280672
280677
280682
280686
280688
280692
280695
280696
280699
280700
280704
280706
280708
280709
280711
280712
280713
280716
280719
280720
280721
280723
280733
280734
280736
280737
280738
280739
280741
280747
280749
280753
280754
280755
280756
280760
280763
280765
280768
280769
280770
280771
280773
280774
280777
280778
280779
280780
280781
280782
280785
280786
280787
280788
280789
280790
280792
280797
280798
280801
280802
280803
280804
280805
280806
280807
280811
280812
280813
280814
280817
280819
280821
280822
280824
280825
280826
280827
280830
280832
280833
280840
280841
280842
280845
280846
280847
280850
280851
280855
280856
280857
280858
280860
280862
280863
280869
280870
280871
280872
280873
280875
280877
280881
280883
280884
280889
280890
280893
280894
280896
280898
280903
280907
280908
280909
280912
280916
280917
280919
280920
280921
280923
280924
280925
280926
280928
280929
280931
280935
280938
280941
280943
280944
280945
280947
280948
280949
280954
280956
280961
280963
280964
280965
280966
280967
280968
280969
280970
280971
280972
280973
280975
280978
280979
280981
280982
280983
280987
280990
280992
280993
280994
280995
280996
280998
281001
281002
281009
281014
281017
281018
281019
281021
281022
281027
281028
281029
281030
281034
281036
281039
281040
281042
281044
281045
281046
281048
281050
281054
281055
281057
281058
281059
281062
281065
281068
281070
281072
281073
281079
281081
281083
281084
281089
281092
281093
281097
281102
281106
281110
281112
281114
281116
281118
281120
281121
281123
281126
281128
281131
281132
281133
281136
281137
281140
281144
281145
281146
281147
281155
281158
281159
281164
281168
281169
281170
281171
281172
281174
281175
281179
281180
281181
281182
281183
281184
281185
281187
281191
281192
281193
281196
281197
281199
281200
281201
281203
281204
281205
281206
281208
281209
281210
281211
281212
281214
281215
281220
281221
281222
281223
281225
281229
281230
281231
281234
281235
281236
281237
281240
281242
281243
281247
281248
281249
281252
281258
281259
281260
281261
281262
281263
281264
281268
281269
281270
281272
281273
281274
281275
281279
281280
281286
281288
281290
281291
281292
281293
281295
281297
281298
281303
281304
281305
281307
281309
281314
281315
281316
281318
281319
281321
281323
281324
281327
281329
281331
281332
281334
281335
281337
281338
281340
281341
281342
281344
281346
281348
281349
281351
281353
281356
281357
281358
281359
281360
281363
281364
281366
281369
281370
281373
281374
281376
281377
281379
281380
281381
281382
281385
281387
281388
281390
281391
281392
281394
281399
281401
281402
281403
281404
281406
281407
281408
281411
281413
281414
281415
281416
281418
281420
281425
281428
281430
281434
281436
281438
281441
281442
281443
281445
281446
281449
281450
281453
281456
281457
281458
281460
281464
281465
281469
281470
281475
281476
281479
281480
281481
281482
281484
281486
281487
281489
281493
281497
281499
281500
281502
281504
281505
281507
281508
281510
281513
281516
281519
281521
281522
281523
281524
281526
281527
281528
281529
281530
281532
281535
281536
281537
281538
281539
281540
281542
281543
281545
281547
281553
281554
281556
281557
281560
281562
281564
281565
281566
281567
281568
281569
281572
281575
281580
281581
281584
281585
281589
281590
281591
281592
281594
281595
281597
281602
281603
281604
281605
281606
281608
281609
281612
281613
281620
281624
281626
281628
281629
281630
281633
281635
281636
281637
281638
281641
281642
281643
281646
281648
281649
281650
281652
281653
281655
281658
281661
281662
281664
281665
281667
281669
281671
281673
281674
281678
281679
281680
281681
281683
281685
281688
281692
281695
281698
281700
281701
281702
281703
281704
281705
281706
281707
281708
281710
281712
281713
281714
281715
281718
281719
281720
281721
281722
281723
281724
281726
281728
281730
281731
281733
281734
281735
281738
281739
281741
281743
281744
281745
281748
281750
281751
281752
281755
281757
281758
281760
281761
281763
281764
281765
281767
281770
281774
281775
281777
281779
281780
281781
281783
281784
281785
281786
281788
281789
281794
281795
281796
281799
281802
281803
281806
281808
281810
281811
281814
281818
281821
281824
281828
281829
281833
281837
281838
281839
281842
281846
281847
281850
281851
281853
281854
281855
281856
281858
281859
281861
281862
281864
281865
281866
281873
281875
281876
281877
281878
281879
281881
281882
281884
281885
281886
281887
281888
281889
281894
281897
281900
281901
281903
281905
281907
281908
281909
281913
281914
281915
281916
281920
281923
281924
281925
281927
281929
281930
281931
281933
281937
281940
281941
281945
281946
281948
281950
281952
281955
281958
281962
281963
281964
281966
281971
281972
281973
281974
281976
281977
281980
281981
281982
281983
281984
281986
281987
281988
281990
281992
281994
281996
282000
282001
282003
282004
282005
282007
282009
282010
282011
282014
282019
282020
282021
282022
282023
282024
282025
282026
282027
282028
282029
282030
282032
282035
282036
282037
282038
282040
282042
282044
282045
282047
282051
282053
282054
282055
282056
282057
282060
282063
282064
282066
282072
282074
282075
282080
282082
282085
282088
282090
282091
282093
282094
282095
282096
282097
282101
282104
282106
282107
282108
282111
282113
282117
282120
282122
282126
282129
282132
282133
282135
282139
282140
282141
282142
282143
282144
282145
282146
282149
282150
282152
282155
282157
282158
282163
282167
282168
282174
282175
282176
282178
282179
282182
282183
282184
282185
282186
282187
282188
282190
282191
282192
282193
282195
282198
282201
282204
282205
282206
282207
282209
282211
282212
282214
282216
282217
282218
282219
282220
282223
282225
282227
282228
282230
282232
282233
282236
282238
282239
282241
282243
282244
282247
282249
282250
282254
282255
282256
282257
282259
282261
282263
282265
282268
282270
282271
282272
282274
282275
282276
282282
282284
282285
282286
282289
282290
282297
282302
282303
282305
282306
282308
282310
282312
282317
282318
282321
282323
282325
282327
282329
282330
282332
282335
282337
282338
282340
282341
282342
282344
282347
282350
282353
282355
282357
282358
282359
282360
282362
282363
282364
282367
282369
282371
282373
282374
282375
282377
282378
282379
282380
282382
282384
282385
282388
282390
282391
282392
282396
282397
282402
282404
282405
282406
282408
282409
282410
282415
282416
282417
282418
282419
282423
282425
282429
282430
282431
282433
282435
282438
282440
282445
282447
282449
282450
282452
282454
282456
282457
282458
282461
282469
282471
282472
282473
282475
282476
282479
282480
282482
282483
282484
282488
282489
282490
282491
282492
282493
282502
282503
282504
282505
282506
282508
282511
282514
282515
282516
282518
282522
282531
282533
282534
282535
282536
282537
282538
282540
282541
282543
282544
282545
282548
282549
282550
282551
282555
282556
282557
282558
282560
282563
282566
282568
282570
282573
282576
282577
282578
282579
282581
282582
282583
282585
282586
282587
282589
282592
282593
282597
282598
282599
282601
282603
282604
282606
282607
282609
282611
282619
282624
282626
282627
282628
282630
282631
282633
282636
282638
282641
282642
282646
282656
282657
282659
282660
282663
282664
282666
282667
282668
282669
282670
282671
282674
282675
282676
282680
282683
282687
282688
282689
282690
282691
282692
282693
282694
282696
282699
282700
282702
282703
282705
282706
282713
282715
282717
282718
282720
282721
282723
282725
282727
282728
282730
282732
282733
282734
282735
282736
282737
282738
282744
282745
282746
282748
282749
282752
282755
282759
282761
282762
282764
282765
282766
282767
282771
282773
282774
282780
282781
282783
282784
282785
282787
282789
282791
282792
282793
282795
282796
282797
282799
282800
282801
282802
282805
282806
282807
282808
282809
282810
282811
282814
282816
282819
282820
282822
282824
282825
282828
282832
282833
282836
282837
282838
282840
282841
282842
282843
282844
282847
282848
282851
282852
282854
282855
282858
282860
282864
282867
282871
282872
282873
282874
282875
282879
282880
282881
282883
282886
282888
282890
282893
282894
282895
282897
282899
282901
282903
282904
282905
282910
282913
282918
282919
282920
282922
282923
282924
282925
282926
282927
282932
282934
282938
282939
282941
282945
282950
282951
282952
282955
282956
282962
282965
282967
282968
282969
282972
282976
282977
282979
282982
282983
282986
282987
282988
282989
282992
282994
282995
282998
283003
283004
283005
283006
283007
283009
283010
283011
283012
283013
283014
283017
283018
283020
283022
283025
283027
283029
283030
283033
283034
283035
283038
283039
283040
283044
283046
283047
283050
283055
283057
283058
283061
283062
283063
283064
283066
283068
283069
283071
283072
283076
283077
283079
283085
283088
283089
283090
283091
283097
283105
283106
283107
283108
283109
283112
283113
283115
283116
283117
283118
283124
283126
283127
283128
283130
283134
283136
283139
283140
283143
283144
283148
283151
283152
283153
283154
283157
283158
283159
283163
283167
283168
283170
283171
283172
283173
283174
283175
283177
283181
283182
283183
283184
283185
283186
283187
283190
283193
283195
283197
283199
283200
283204
283206
283207
283209
283212
283213
283216
283217
283218
283221
283222
283225
283226
283227
283228
283229
283231
283234
283235
283238
283240
283245
283247
283248
283249
283250
283251
283252
283255
283256
283257
283261
283263
283265
283266
283268
283269
283270
283273
283274
283276
283279
283281
283282
283283
283286
283288
283289
283293
283294
283297
283298
283300
283301
283303
283304
283307
283308
283309
283314
283319
283320
283321
283323
283326
283331
283333
283334
283336
283340
283343
283345
283346
283348
283351
283352
283354
283355
283358
283359
283360
283362
283365
283366
283367
283368
283369
283370
283371
283374
283376
283377
283379
283380
283385
283387
283390
283394
283397
283401
283402
283405
283407
283409
283414
283418
283419
283420
283423
283427
283429
283430
283432
283433
283435
283437
283438
283440
283441
283442
283443
283445
283451
283460
283461
283463
283464
283465
283466
283467
283468
283473
283475
283476
283479
283480
283482
283484
283485
283488
283490
283493
283495
283501
283504
283507
283508
283510
283512
283515
283520
283521
283522
283523
283524
283525
283526
283527
283528
283530
283531
283533
283534
283537
283540
283541
283543
283544
283547
283548
283553
283555
283556
283559
283560
283561
283563
283565
283567
283568
283569
283572
283575
283577
283579
283583
283586
283588
283589
283590
283591
283592
283594
283595
283596
283597
283601
283602
283606
283607
283608
283610
283613
283614
283615
283616
283618
283621
283622
283625
283628
283633
283634
283635
283636
283638
283639
283640
283643
283645
283648
283651
283653
283659
283661
283662
283663
283666
283667
283669
283671
283672
283673
283674
283676
283680
283683
283684
283687
283690
283691
283693
283695
283698
283699
283700
283703
283704
283705
283706
283707
283709
283710
283715
283716
283717
283718
283720
283723
283727
283728
283732
283739
283740
283741
283743
283744
283746
283747
283748
283749
283750
283751
283757
283759
283760
283761
283762
283763
283765
283766
283767
283768
283771
283773
283776
283777
283779
283780
283782
283784
283786
283787
283789
283790
283794
283796
283798
283800
283801
283806
283808
283813
283814
283820
283823
283835
283841
283843
283844
283845
283846
283847
283849
283851
283853
283854
283856
283857
283858
283860
283862
283863
283865
283866
283867
283868
283869
283871
283872
283874
283876
283878
283880
283881
283882
283885
283886
283889
283890
283891
283892
283893
283896
283897
283898
283900
283904
283905
283906
283907
283911
283913
283914
283920
283922
283925
283926
283931
283935
283938
283939
283944
283945
283947
283949
283950
283951
283952
283953
283958
283961
283964
283967
283969
283970
283971
283975
283977
283979
283980
283981
283982
283984
283986
283987
283989
283990
283992
283995
283996
283997
283998
284001
284002
284003
284004
284005
284008
284014
284015
284018
284019
284021
284023
284024
284025
284028
284032
284033
284035
284039
284040
284041
284042
284044
284046
284050
284051
284052
284054
284055
284056
284058
284060
284062
284066
284070
284071
284072
284073
284075
284076
284077
284079
284080
284082
284085
284087
284089
284091
284093
284094
284095
284096
284097
284100
284102
284105
284111
284112
284115
284117
284119
284122
284125
284126
284128
284132
284137
284140
284144
284145
284148
284150
284151
284152
284155
284156
284162
284163
284164
284165
284166
284167
284169
284170
284171
284173
284176
284177
284178
284180
284181
284182
284183
284187
284188
284189
284191
284192
284194
284195
284196
284198
284201
284203
284205
284206
284208
284210
284212
284222
284223
284227
284229
284230
284231
284233
284236
284237
284239
284246
284248
284249
284255
284256
284258
284259
284260
284261
284265
284266
284269
284270
284271
284273
284275
284277
284278
284280
284283
284286
284292
284294
284295
284297
284300
284301
284302
284304
284306
284307
284308
284309
284310
284311
284314
284315
284316
284320
284321
284322
284324
284325
284326
284327
284330
284331
284332
284333
284335
284337
284341
284342
284344
284347
284348
284351
284355
284356
284357
284358
284359
284360
284362
284366
284367
284368
284376
284378
284379
284380
284381
284384
284386
284387
284389
284390
284391
284396
284401
284402
284403
284411
284412
284413
284414
284421
284423
284428
284430
284431
284433
284437
284438
284440
284441
284443
284446
284450
284452
284453
284454
284456
284458
284459
284460
284462
284465
284467
284470
284471
284472
284473
284474
284475
284476
284478
284481
284483
284484
284485
284486
284490
284494
284495
284499
284504
284505
284506
284508
284509
284510
284512
284516
284517
284520
284522
284523
284525
284530
284531
284533
284534
284535
284536
284538
284540
284541
284542
284543
284545
284546
284547
284549
284550
284551
284552
284554
284555
284556
284562
284564
284571
284574
284575
284577
284578
284579
284585
284586
284587
284591
284592
284594
284595
284596
284597
284598
284602
284603
284605
284606
284608
284609
284612
284613
284615
284616
284617
284619
284624
284626
284627
284634
284637
284639
284640
284642
284645
284646
284647
284648
284649
284651
284653
284654
284655
284656
284657
284659
284660
284661
284664
284666
284667
284670
284673
284675
284676
284677
284679
284683
284684
284686
284688
284691
284694
284698
284700
284701
284702
284703
284704
284706
284708
284712
284713
284715
284720
284721
284725
284727
284728
284729
284730
284732
284735
284736
284740
284747
284748
284757
284758
284759
284762
284763
284767
284768
284770
284771
284772
284775
284777
284778
284779
284781
284783
284784
284785
284790
284792
284793
284795
284797
284799
284800
284802
284803
284804
284805
284806
284807
284809
284810
284814
284816
284823
284824
284825
284827
284831
284836
284838
284839
284840
284841
284842
284843
284844
284846
284847
284849
284850
284852
284853
284854
284855
284856
284859
284862
284863
284864
284865
284866
284870
284873
284874
284878
284879
284882
284884
284885
284888
284889
284891
284892
284895
284897
284898
284900
284909
284910
284911
284912
284913
284916
284917
284919
284921
284922
284924
284927
284932
284933
284934
284936
284939
284944
284946
284954
284957
284960
284961
284966
284967
284968
284969
284970
284972
284974
284975
284976
284977
284978
284980
284981
284983
284985
284986
284989
284993
284994
284996
284997
284999
285005
285006
285007
285008
285009
285010
285011
285012
285014
285015
285019
285020
285021
285025
285034
285035
285036
285037
285038
285040
285042
285044
285046
285047
285048
285049
